D-AQI,PM10 AQI,NO2 AQI,Ozone AQI,SO2 AQI,CO AQI,PM-WEIGHT,DMax NO2,NO2-WEIGHT,DMax Ozone,OZONE-WEIGHT,DMax SO2,SO2-WEIGHT,DMax CO,CO-WEIGHT,Year,Month,Day,Site Name,Lat,Lng,Date
12,6,12,44,0,1,1,13.6,24,0.047,17,-0.2,24,0.1,24,2016,1,2,Cheyenne NCore,41.18222711,-104.7783342,1/2/2016
34,8,34,38,0,2,1,36,22,0.041,17,0.5,21,0.2,24,2016,1,3,Cheyenne NCore,41.18222711,-104.7783342,1/3/2016
37,13,37,32,1,2,1,39.5,24,0.035,17,1.2,24,0.2,24,2016,1,4,Cheyenne NCore,41.18222711,-104.7783342,1/4/2016
10,7,10,37,0,2,1,11.3,23,0.04,17,0.1,22,0.2,24,2016,1,5,Cheyenne NCore,41.18222711,-104.7783342,1/5/2016
24,7,24,36,0,2,1,25.4,24,0.039,17,0.3,24,0.2,24,2016,1,6,Cheyenne NCore,41.18222711,-104.7783342,1/6/2016
12,5,12,37,0,2,1,13.5,23,0.04,17,0.2,22,0.2,24,2016,1,7,Cheyenne NCore,41.18222711,-104.7783342,1/7/2016
13,8,13,25,3,2,1,14.1,24,0.027,17,2.3,24,0.2,24,2016,1,8,Cheyenne NCore,41.18222711,-104.7783342,1/8/2016
26,10,26,33,0,2,1,28.7,23,0.036,17,0.4,22,0.2,24,2016,1,9,Cheyenne NCore,41.18222711,-104.7783342,1/9/2016
8,6,8,40,0,2,1,8.5,23,0.043,17,0,23,0.2,24,2016,1,10,Cheyenne NCore,41.18222711,-104.7783342,1/10/2016
10,6,10,42,0,1,1,11.9,23,0.045,17,0.3,22,0.1,21,2016,1,11,Cheyenne NCore,41.18222711,-104.7783342,1/11/2016
8,6,8,43,0,1,1,8.3,24,0.046,17,0,23,0.1,24,2016,1,12,Cheyenne NCore,41.18222711,-104.7783342,1/12/2016
8,5,8,43,0,1,1,8.4,23,0.046,17,-0.1,22,0.1,24,2016,1,13,Cheyenne NCore,41.18222711,-104.7783342,1/13/2016
3,4,3,41,0,1,1,3.1,24,0.044,17,0,24,0.1,24,2016,1,14,Cheyenne NCore,41.18222711,-104.7783342,1/14/2016
4,2,4,40,0,1,1,4.5,23,0.043,17,0.1,22,0.1,24,2016,1,15,Cheyenne NCore,41.18222711,-104.7783342,1/15/2016
3,3,3,41,0,1,1,3.3,24,0.044,17,0,24,0.1,24,2016,1,16,Cheyenne NCore,41.18222711,-104.7783342,1/16/2016
13,5,13,42,0,1,1,14.3,22,0.045,17,0,21,0.1,24,2016,1,17,Cheyenne NCore,41.18222711,-104.7783342,1/17/2016
3,4,3,40,0,1,1,3.9,24,0.043,17,-0.1,24,0.1,24,2016,1,18,Cheyenne NCore,41.18222711,-104.7783342,1/18/2016
24,5,24,38,0,1,1,25.5,23,0.041,17,0.2,22,0.1,24,2016,1,19,Cheyenne NCore,41.18222711,-104.7783342,1/19/2016
8,3,8,41,0,1,1,8.7,23,0.044,17,0,23,0.1,24,2016,1,20,Cheyenne NCore,41.18222711,-104.7783342,1/20/2016
5,4,5,40,0,1,1,5.5,22,0.043,17,0,21,0.1,24,2016,1,21,Cheyenne NCore,41.18222711,-104.7783342,1/21/2016
31,8,31,37,7,2,1,33.6,24,0.04,17,5,24,0.2,24,2016,1,22,Cheyenne NCore,41.18222711,-104.7783342,1/22/2016
31,5,31,41,0,2,1,33.9,23,0.044,17,0.1,22,0.2,24,2016,1,23,Cheyenne NCore,41.18222711,-104.7783342,1/23/2016
8,4,8,41,0,1,1,9.1,23,0.044,17,0.1,23,0.1,24,2016,1,24,Cheyenne NCore,41.18222711,-104.7783342,1/24/2016
1,2,1,33,0,1,1,1.9,23,0.036,17,0,22,0.1,21,2016,1,25,Cheyenne NCore,41.18222711,-104.7783342,1/25/2016
8,5,8,40,0,1,1,9,24,0.043,17,-0.1,23,0.1,24,2016,1,26,Cheyenne NCore,41.18222711,-104.7783342,1/26/2016
3,4,3,40,0,1,1,3.4,23,0.043,17,-0.1,22,0.1,24,2016,1,27,Cheyenne NCore,41.18222711,-104.7783342,1/27/2016
4,3,4,39,0,1,1,4,24,0.042,17,-0.1,24,0.1,24,2016,1,28,Cheyenne NCore,41.18222711,-104.7783342,1/28/2016
10,6,10,41,0,1,1,11.6,23,0.044,17,0.3,22,0.1,24,2016,1,29,Cheyenne NCore,41.18222711,-104.7783342,1/29/2016
4,3,4,38,0,1,1,4.3,24,0.041,17,0.3,24,0.1,24,2016,1,30,Cheyenne NCore,41.18222711,-104.7783342,1/30/2016
2,4,2,41,0,1,1,2.8,22,0.044,17,0,21,0.1,24,2016,1,31,Cheyenne NCore,41.18222711,-104.7783342,1/31/2016
2,6,2,37,0,1,1,2.7,24,0.04,17,0.1,24,0.1,24,2016,2,1,Cheyenne NCore,41.18222711,-104.7783342,2/1/2016
1,2,1,38,0,1,1,1.7,23,0.041,17,0.1,22,0.1,24,2016,2,2,Cheyenne NCore,41.18222711,-104.7783342,2/2/2016
4,5,4,42,0,1,1,4.9,24,0.045,17,0.1,24,0.1,24,2016,2,3,Cheyenne NCore,41.18222711,-104.7783342,2/3/2016
2,7,2,44,0,1,1,2.4,23,0.048,17,-0.1,22,0.1,24,2016,2,4,Cheyenne NCore,41.18222711,-104.7783342,2/4/2016
2,4,2,43,0,1,1,2.5,24,0.046,17,-0.1,24,0.1,24,2016,2,5,Cheyenne NCore,41.18222711,-104.7783342,2/5/2016
1,7,1,44,0,1,1,1.9,23,0.048,17,-0.1,22,0.1,24,2016,2,6,Cheyenne NCore,41.18222711,-104.7783342,2/6/2016
2,5,2,41,0,1,1,2.7,23,0.044,17,0.1,23,0.1,24,2016,2,7,Cheyenne NCore,41.18222711,-104.7783342,2/7/2016
1,4,1,40,0,1,1,1.7,23,0.043,17,0.2,22,0.1,21,2016,2,8,Cheyenne NCore,41.18222711,-104.7783342,2/8/2016
3,4,3,43,0,1,1,3.2,24,0.046,17,-0.1,23,0.1,24,2016,2,9,Cheyenne NCore,41.18222711,-104.7783342,2/9/2016
2,4,2,44,0,1,1,2.4,23,0.048,17,-0.2,22,0.1,24,2016,2,10,Cheyenne NCore,41.18222711,-104.7783342,2/10/2016
4,4,4,39,0,1,1,4.4,24,0.042,17,-0.2,24,0.1,24,2016,2,11,Cheyenne NCore,41.18222711,-104.7783342,2/11/2016
21,10,21,39,0,1,1,22.8,23,0.042,17,0.8,22,0.1,24,2016,2,12,Cheyenne NCore,41.18222711,-104.7783342,2/12/2016
16,6,16,41,0,1,1,17.8,24,0.044,17,0.2,24,0.1,24,2016,2,13,Cheyenne NCore,41.18222711,-104.7783342,2/13/2016
2,5,2,39,0,1,1,2.9,22,0.042,17,0,21,0.1,24,2016,2,14,Cheyenne NCore,41.18222711,-104.7783342,2/14/2016
3,5,3,35,0,1,1,3.6,24,0.038,17,0,24,0.1,24,2016,2,15,Cheyenne NCore,41.18222711,-104.7783342,2/15/2016
9,4,9,34,0,1,1,10.1,23,0.037,17,0.3,22,0.1,24,2016,2,16,Cheyenne NCore,41.18222711,-104.7783342,2/16/2016
28,13,28,32,0,2,1,30.2,24,0.035,17,0.5,24,0.2,24,2016,2,17,Cheyenne NCore,41.18222711,-104.7783342,2/17/2016
11,6,11,43,0,2,1,12.4,23,0.046,17,0.3,22,0.2,24,2016,2,18,Cheyenne NCore,41.18222711,-104.7783342,2/18/2016
16,6,16,42,1,1,1,17.9,23,0.045,17,1.2,23,0.1,24,2016,2,21,Cheyenne NCore,41.18222711,-104.7783342,2/21/2016
18,6,18,42,0,1,1,19.2,22,0.045,17,0.1,21,0.1,21,2016,2,22,Cheyenne NCore,41.18222711,-104.7783342,2/22/2016
2,6,2,42,0,1,1,2.6,24,0.045,17,0,23,0.1,24,2016,2,23,Cheyenne NCore,41.18222711,-104.7783342,2/23/2016
2,7,2,44,0,1,1,2.5,23,0.047,17,0.1,22,0.1,24,2016,2,24,Cheyenne NCore,41.18222711,-104.7783342,2/24/2016
26,15,26,37,0,2,1,28.5,24,0.04,17,0.6,24,0.2,24,2016,2,25,Cheyenne NCore,41.18222711,-104.7783342,2/25/2016
16,9,16,46,0,1,1,17.4,23,0.05,17,0.3,22,0.1,24,2016,2,26,Cheyenne NCore,41.18222711,-104.7783342,2/26/2016
4,7,4,46,0,1,1,4.9,24,0.05,17,-0.1,24,0.1,24,2016,2,27,Cheyenne NCore,41.18222711,-104.7783342,2/27/2016
8,5,8,44,0,1,1,8.6,22,0.047,17,-0.1,21,0.1,24,2016,2,28,Cheyenne NCore,41.18222711,-104.7783342,2/28/2016
4,7,4,43,0,1,1,4.3,24,0.046,17,-0.1,24,0.1,24,2016,2,29,Cheyenne NCore,41.18222711,-104.7783342,2/29/2016
3,6,3,43,0,1,1,3,23,0.046,17,0,22,0.1,24,2016,3,1,Cheyenne NCore,41.18222711,-104.7783342,3/1/2016
1,8,1,44,0,1,1,1.3,24,0.047,17,-0.1,24,0.1,24,2016,3,2,Cheyenne NCore,41.18222711,-104.7783342,3/2/2016
10,10,10,48,0,2,1,11.6,23,0.052,17,0.1,22,0.2,24,2016,3,3,Cheyenne NCore,41.18222711,-104.7783342,3/3/2016
16,7,16,41,0,1,1,17.2,24,0.044,17,0,24,0.1,24,2016,3,4,Cheyenne NCore,41.18222711,-104.7783342,3/4/2016
33,19,33,41,1,1,1,35.7,23,0.044,17,1.3,22,0.1,24,2016,3,5,Cheyenne NCore,41.18222711,-104.7783342,3/5/2016
3,8,3,45,0,1,1,3.6,23,0.049,17,0.2,23,0.1,24,2016,3,6,Cheyenne NCore,41.18222711,-104.7783342,3/6/2016
10,10,10,43,4,1,1,11.1,24,0.046,17,3.8,24,0.1,24,2016,3,12,Cheyenne NCore,41.18222711,-104.7783342,3/12/2016
3,6,3,43,0,1,1,3.4,22,0.046,17,0,21,0.1,24,2016,3,13,Cheyenne NCore,41.18222711,-104.7783342,3/13/2016
17,9,17,45,0,1,1,18,24,0.049,17,0.2,24,0.1,24,2016,3,14,Cheyenne NCore,41.18222711,-104.7783342,3/14/2016
1,5,1,41,0,1,1,1.4,23,0.044,17,0,22,0.1,24,2016,3,15,Cheyenne NCore,41.18222711,-104.7783342,3/15/2016
2,6,2,44,0,1,1,2.8,24,0.047,17,0,24,0.1,24,2016,3,16,Cheyenne NCore,41.18222711,-104.7783342,3/16/2016
3,6,3,44,0,1,1,3.5,23,0.047,17,0.1,22,0.1,24,2016,3,17,Cheyenne NCore,41.18222711,-104.7783342,3/17/2016
2,6,2,39,0,1,1,2.6,24,0.042,17,0.9,24,0.1,24,2016,3,18,Cheyenne NCore,41.18222711,-104.7783342,3/18/2016
4,4,4,40,0,1,1,4.2,23,0.043,17,-0.1,22,0.1,24,2016,3,19,Cheyenne NCore,41.18222711,-104.7783342,3/19/2016
23,6,23,44,0,1,1,24.5,23,0.048,17,0.7,23,0.1,24,2016,3,20,Cheyenne NCore,41.18222711,-104.7783342,3/20/2016
18,6,18,49,0,1,1,19.3,23,0.053,17,0.7,22,0.1,21,2016,3,21,Cheyenne NCore,41.18222711,-104.7783342,3/21/2016
25,12,25,47,1,1,1,26.5,24,0.051,17,1,23,0.1,24,2016,3,22,Cheyenne NCore,41.18222711,-104.7783342,3/22/2016
2,13,2,39,0,1,1,2,23,0.042,17,0.1,22,0.1,24,2016,3,23,Cheyenne NCore,41.18222711,-104.7783342,3/23/2016
8,7,8,45,0,1,1,8.9,24,0.049,17,0,24,0.1,24,2016,3,24,Cheyenne NCore,41.18222711,-104.7783342,3/24/2016
9,3,9,45,0,1,1,10.9,23,0.049,17,0.1,22,0.1,24,2016,3,25,Cheyenne NCore,41.18222711,-104.7783342,3/25/2016
25,6,25,38,0,1,1,27.6,24,0.041,17,0.3,24,0.1,24,2016,3,26,Cheyenne NCore,41.18222711,-104.7783342,3/26/2016
22,4,22,46,0,1,1,23.5,22,0.05,17,0,21,0.1,24,2016,3,27,Cheyenne NCore,41.18222711,-104.7783342,3/27/2016
21,10,21,48,0,1,1,22.6,23,0.052,17,0.5,23,0.1,24,2016,3,28,Cheyenne NCore,41.18222711,-104.7783342,3/28/2016
1,4,1,44,0,1,1,1.6,24,0.048,17,0.1,24,0.1,24,2016,3,30,Cheyenne NCore,41.18222711,-104.7783342,3/30/2016
1,4,1,44,0,1,1,1.3,23,0.047,17,0,22,0.1,23,2016,3,31,Cheyenne NCore,41.18222711,-104.7783342,3/31/2016
1,6,1,44,0,1,1,1.9,24,0.048,17,0,24,0.1,24,2016,4,1,Cheyenne NCore,41.18222711,-104.7783342,4/1/2016
5,5,5,44,0,1,1,5.2,23,0.047,17,0,22,0.1,19,2016,4,2,Cheyenne NCore,41.18222711,-104.7783342,4/2/2016
24,4,24,44,0,1,1,25,23,0.047,17,0,23,0.1,24,2016,4,3,Cheyenne NCore,41.18222711,-104.7783342,4/3/2016
3,9,3,47,0,1,1,3.4,24,0.051,17,-0.1,23,0.1,24,2016,4,5,Cheyenne NCore,41.18222711,-104.7783342,4/5/2016
1,7,1,42,0,1,1,1.6,23,0.045,17,0,22,0.1,19,2016,4,6,Cheyenne NCore,41.18222711,-104.7783342,4/6/2016
10,6,10,39,0,1,1,11.4,24,0.042,17,0,24,0.1,24,2016,4,7,Cheyenne NCore,41.18222711,-104.7783342,4/7/2016
6,13,6,44,0,1,1,6.9,23,0.048,17,0,22,0.1,19,2016,4,8,Cheyenne NCore,41.18222711,-104.7783342,4/8/2016
20,10,20,46,0,1,1,21.2,24,0.05,17,0.4,24,0.1,24,2016,4,9,Cheyenne NCore,41.18222711,-104.7783342,4/9/2016
3,5,3,35,0,0,1,3.3,22,0.038,17,0,21,0,19,2016,4,10,Cheyenne NCore,41.18222711,-104.7783342,4/10/2016
15,9,15,34,0,1,1,16.7,24,0.037,17,0,24,0.1,23,2016,4,11,Cheyenne NCore,41.18222711,-104.7783342,4/11/2016
13,5,13,43,0,1,1,14.2,23,0.046,17,0.2,22,0.1,19,2016,4,12,Cheyenne NCore,41.18222711,-104.7783342,4/12/2016
12,6,12,49,0,1,1,13.8,24,0.053,17,0,24,0.1,24,2016,4,13,Cheyenne NCore,41.18222711,-104.7783342,4/13/2016
11,7,11,49,0,1,1,12.5,23,0.053,17,0.2,22,0.1,19,2016,4,14,Cheyenne NCore,41.18222711,-104.7783342,4/14/2016
2,5,2,48,0,1,1,2.1,24,0.052,17,0.1,24,0.1,24,2016,4,15,Cheyenne NCore,41.18222711,-104.7783342,4/15/2016
1,5,1,39,0,1,1,1.3,23,0.042,17,0.1,22,0.1,19,2016,4,16,Cheyenne NCore,41.18222711,-104.7783342,4/16/2016
2,5,2,46,0,1,1,2,23,0.05,17,0,23,0.1,24,2016,4,17,Cheyenne NCore,41.18222711,-104.7783342,4/17/2016
14,7,14,44,0,1,1,15.6,24,0.048,17,0.2,24,0.1,24,2016,4,19,Cheyenne NCore,41.18222711,-104.7783342,4/19/2016
9,2,9,43,0,1,1,10,23,0.046,17,0,22,0.1,19,2016,4,20,Cheyenne NCore,41.18222711,-104.7783342,4/20/2016
23,12,23,80,0,1,1,24.8,23,0.064,17,0.7,22,0.1,19,2016,4,22,Cheyenne NCore,41.18222711,-104.7783342,4/22/2016
14,11,14,58,1,1,1,15.3,24,0.057,17,1.2,24,0.1,24,2016,4,23,Cheyenne NCore,41.18222711,-104.7783342,4/23/2016
2,3,2,38,0,1,1,2.6,22,0.041,17,0.1,21,0.1,19,2016,4,24,Cheyenne NCore,41.18222711,-104.7783342,4/24/2016
11,6,11,44,0,1,1,12.7,24,0.048,17,0.4,24,0.1,23,2016,4,25,Cheyenne NCore,41.18222711,-104.7783342,4/25/2016
1,1,1,34,0,1,1,1.7,23,0.037,17,0.2,22,0.1,19,2016,4,26,Cheyenne NCore,41.18222711,-104.7783342,4/26/2016
1,2,1,34,0,1,1,1.7,24,0.037,17,0.1,24,0.1,24,2016,4,27,Cheyenne NCore,41.18222711,-104.7783342,4/27/2016
4,4,4,30,0,1,1,4.3,23,0.032,17,0.1,22,0.1,19,2016,4,28,Cheyenne NCore,41.18222711,-104.7783342,4/28/2016
1,4,1,31,0,1,1,1.8,24,0.034,17,0,24,0.1,24,2016,4,29,Cheyenne NCore,41.18222711,-104.7783342,4/29/2016
1,2,1,39,0,1,1,1.1,23,0.042,17,0,22,0.1,19,2016,4,30,Cheyenne NCore,41.18222711,-104.7783342,4/30/2016
3,7,3,44,0,1,1,3.5,23,0.047,17,0,23,0.1,24,2016,5,1,Cheyenne NCore,41.18222711,-104.7783342,5/1/2016
3,10,3,48,0,0,1,3.7,24,0.052,17,0,23,0,24,2016,5,3,Cheyenne NCore,41.18222711,-104.7783342,5/3/2016
12,8,12,48,0,1,1,13.1,23,0.052,17,0.2,22,0.1,19,2016,5,4,Cheyenne NCore,41.18222711,-104.7783342,5/4/2016
11,15,11,74,0,1,1,12.7,24,0.062,17,0.4,24,0.1,24,2016,5,5,Cheyenne NCore,41.18222711,-104.7783342,5/5/2016
14,19,14,67,1,1,1,15.2,23,0.06,17,1.3,22,0.1,19,2016,5,6,Cheyenne NCore,41.18222711,-104.7783342,5/6/2016
3,22,3,50,0,2,1,3.6,24,0.054,17,0.1,24,0.2,24,2016,5,7,Cheyenne NCore,41.18222711,-104.7783342,5/7/2016
6,6,6,51,0,1,1,6.2,22,0.055,17,0.1,21,0.1,19,2016,5,8,Cheyenne NCore,41.18222711,-104.7783342,5/8/2016
8,4,8,48,3,1,1,9.1,24,0.052,17,2.1,24,0.1,23,2016,5,9,Cheyenne NCore,41.18222711,-104.7783342,5/9/2016
2,5,2,67,0,1,1,2.9,23,0.06,17,0.1,22,0.1,19,2016,5,10,Cheyenne NCore,41.18222711,-104.7783342,5/10/2016
17,9,17,51,0,1,1,18.8,23,0.055,17,0.2,22,0.1,19,2016,5,12,Cheyenne NCore,41.18222711,-104.7783342,5/12/2016
4,7,4,33,0,1,1,4.3,24,0.036,17,0.2,24,0.1,24,2016,5,13,Cheyenne NCore,41.18222711,-104.7783342,5/13/2016
2,8,2,29,0,1,1,2.8,23,0.031,17,0,22,0.1,19,2016,5,14,Cheyenne NCore,41.18222711,-104.7783342,5/14/2016
3,15,3,30,0,1,1,3.2,23,0.032,17,0.1,23,0.1,24,2016,5,15,Cheyenne NCore,41.18222711,-104.7783342,5/15/2016
4,4,4,40,0,1,1,4.4,24,0.043,17,0.1,23,0.1,24,2016,5,17,Cheyenne NCore,41.18222711,-104.7783342,5/17/2016
6,6,6,41,0,1,1,6.5,23,0.044,17,0.2,22,0.1,19,2016,5,18,Cheyenne NCore,41.18222711,-104.7783342,5/18/2016
13,7,13,46,0,1,1,14.6,24,0.05,17,0.4,24,0.1,24,2016,5,19,Cheyenne NCore,41.18222711,-104.7783342,5/19/2016
21,9,21,48,0,1,1,22.8,23,0.052,17,0.4,22,0.1,19,2016,5,20,Cheyenne NCore,41.18222711,-104.7783342,5/20/2016
3,15,3,42,0,0,1,3.5,24,0.045,17,0.4,24,0,24,2016,5,21,Cheyenne NCore,41.18222711,-104.7783342,5/21/2016
2,9,2,49,0,0,1,2.6,22,0.053,17,0.3,21,0,19,2016,5,22,Cheyenne NCore,41.18222711,-104.7783342,5/22/2016
9,13,9,54,0,0,1,10.9,24,0.056,17,0.5,24,0,23,2016,5,23,Cheyenne NCore,41.18222711,-104.7783342,5/23/2016
14,14,14,54,0,0,1,15.8,23,0.056,17,0.5,22,0,19,2016,5,24,Cheyenne NCore,41.18222711,-104.7783342,5/24/2016
7,10,7,61,0,1,1,7.2,24,0.058,17,0.3,24,0.1,24,2016,5,25,Cheyenne NCore,41.18222711,-104.7783342,5/25/2016
9,7,9,50,0,0,1,10.3,23,0.054,17,0.5,22,0,19,2016,5,26,Cheyenne NCore,41.18222711,-104.7783342,5/26/2016
9,5,9,42,0,0,1,10.1,24,0.045,17,0.4,24,0,24,2016,5,27,Cheyenne NCore,41.18222711,-104.7783342,5/27/2016
7,4,7,45,0,0,1,7.8,23,0.049,17,0.3,22,0,19,2016,5,28,Cheyenne NCore,41.18222711,-104.7783342,5/28/2016
26,5,26,49,0,0,1,28.8,23,0.053,17,0.3,23,0,24,2016,5,29,Cheyenne NCore,41.18222711,-104.7783342,5/29/2016
10,12,10,50,1,2,1,11.7,24,0.054,17,1.3,23,0.2,24,2016,8,13,Cheyenne NCore,41.18222711,-104.7783342,8/13/2016
8,13,8,61,1,2,1,9,21,0.058,17,1.3,20,0.2,18,2016,8,14,Cheyenne NCore,41.18222711,-104.7783342,8/14/2016
5,14,5,47,0,2,1,5.4,24,0.051,17,0.3,23,0.2,24,2016,8,15,Cheyenne NCore,41.18222711,-104.7783342,8/15/2016
17,17,17,71,1,2,1,18,24,0.061,17,1,23,0.2,24,2016,8,17,Cheyenne NCore,41.18222711,-104.7783342,8/17/2016
4,13,4,54,0,2,1,4.1,22,0.056,17,0.4,21,0.2,18,2016,8,18,Cheyenne NCore,41.18222711,-104.7783342,8/18/2016
5,8,5,33,0,1,1,5.7,24,0.036,17,0.4,23,0.1,24,2016,8,19,Cheyenne NCore,41.18222711,-104.7783342,8/19/2016
8,6,8,39,0,1,1,9.9,22,0.042,17,0.5,21,0.1,18,2016,8,20,Cheyenne NCore,41.18222711,-104.7783342,8/20/2016
12,9,12,54,1,2,1,13,23,0.056,13,1.1,22,0.2,24,2016,8,21,Cheyenne NCore,41.18222711,-104.7783342,8/21/2016
24,11,24,50,0,2,1,25.2,24,0.054,17,0.2,18,0.2,24,2016,8,27,Cheyenne NCore,41.18222711,-104.7783342,8/27/2016
13,10,13,50,0,2,1,14.5,24,0.054,17,0,18,0.2,24,2016,8,29,Cheyenne NCore,41.18222711,-104.7783342,8/29/2016
8,10,8,41,0,2,1,9.3,24,0.044,17,0.5,20,0.2,24,2016,9,2,Cheyenne NCore,41.18222711,-104.7783342,9/2/2016
15,10,15,44,0,2,1,16.3,23,0.048,17,0.1,23,0.2,24,2016,9,3,Cheyenne NCore,41.18222711,-104.7783342,9/3/2016
13,9,13,39,0,2,1,14.8,23,0.042,17,0.4,23,0.2,24,2016,9,4,Cheyenne NCore,41.18222711,-104.7783342,9/4/2016
21,9,21,42,0,2,1,22.6,23,0.045,17,0.3,23,0.2,24,2016,9,5,Cheyenne NCore,41.18222711,-104.7783342,9/5/2016
4,14,4,39,0,2,1,4.5,24,0.042,17,0.1,24,0.2,24,2016,9,6,Cheyenne NCore,41.18222711,-104.7783342,9/6/2016
10,18,10,44,0,2,1,11.4,24,0.047,17,0.6,24,0.2,24,2016,9,8,Cheyenne NCore,41.18222711,-104.7783342,9/8/2016
4,10,4,35,0,1,1,4.9,23,0.038,17,0.7,23,0.1,24,2016,9,9,Cheyenne NCore,41.18222711,-104.7783342,9/9/2016
15,21,15,49,0,1,1,16.1,24,0.053,17,0.3,24,0.1,24,2016,9,10,Cheyenne NCore,41.18222711,-104.7783342,9/10/2016
4,24,4,45,0,2,1,4.5,22,0.049,17,0.1,22,0.2,24,2016,9,11,Cheyenne NCore,41.18222711,-104.7783342,9/11/2016
2,14,2,37,0,2,1,2.2,24,0.04,17,0.4,24,0.2,24,2016,9,12,Cheyenne NCore,41.18222711,-104.7783342,9/12/2016
4,9,4,21,0,1,1,4.8,23,0.023,17,0,23,0.1,24,2016,9,13,Cheyenne NCore,41.18222711,-104.7783342,9/13/2016
7,11,7,33,0,1,1,7.2,24,0.036,17,0.1,24,0.1,24,2016,9,14,Cheyenne NCore,41.18222711,-104.7783342,9/14/2016
16,7,16,44,0,1,1,17.5,23,0.047,17,0.2,23,0.1,24,2016,9,17,Cheyenne NCore,41.18222711,-104.7783342,9/17/2016
3,19,3,38,0,2,1,3.9,23,0.041,17,0.1,23,0.2,24,2016,9,21,Cheyenne NCore,41.18222711,-104.7783342,9/21/2016
8,15,8,30,0,2,1,9.2,24,0.032,17,0,24,0.2,24,2016,9,22,Cheyenne NCore,41.18222711,-104.7783342,9/22/2016
8,18,8,46,0,2,1,8.9,23,0.05,17,0.4,23,0.2,24,2016,9,23,Cheyenne NCore,41.18222711,-104.7783342,9/23/2016
7,6,7,37,0,1,1,7.1,24,0.04,17,0.2,24,0.1,24,2016,9,24,Cheyenne NCore,41.18222711,-104.7783342,9/24/2016
14,6,14,41,0,1,1,15.7,22,0.044,17,-0.2,22,0.1,24,2016,9,25,Cheyenne NCore,41.18222711,-104.7783342,9/25/2016
9,8,9,37,0,1,1,10.1,24,0.04,17,0.1,24,0.1,24,2016,9,26,Cheyenne NCore,41.18222711,-104.7783342,9/26/2016
5,6,5,37,0,1,1,5.9,23,0.04,17,0,23,0.1,24,2016,9,27,Cheyenne NCore,41.18222711,-104.7783342,9/27/2016
6,12,6,34,0,1,1,6.9,24,0.037,17,0.6,24,0.1,24,2016,9,28,Cheyenne NCore,41.18222711,-104.7783342,9/28/2016
14,31,14,44,1,2,1,15.4,23,0.047,17,1.1,23,0.2,24,2016,9,29,Cheyenne NCore,41.18222711,-104.7783342,9/29/2016
13,10,13,34,0,2,1,14.1,24,0.037,17,0.1,24,0.2,24,2016,9,30,Cheyenne NCore,41.18222711,-104.7783342,9/30/2016
13,9,13,46,0,2,1,14.1,23,0.05,17,0.4,23,0.2,24,2016,10,1,Cheyenne NCore,41.18222711,-104.7783342,10/1/2016
9,8,9,44,0,2,1,10.3,23,0.047,17,0.5,23,0.2,24,2016,10,2,Cheyenne NCore,41.18222711,-104.7783342,10/2/2016
17,21,17,49,1,2,1,18.6,23,0.053,17,1.5,20,0.2,24,2016,10,3,Cheyenne NCore,41.18222711,-104.7783342,10/3/2016
34,8,34,40,0,2,1,36.5,23,0.043,17,0.1,23,0.2,24,2016,10,7,Cheyenne NCore,41.18222711,-104.7783342,10/7/2016
19,7,19,44,0,2,1,20.9,24,0.047,17,0.9,24,0.2,24,2016,10,8,Cheyenne NCore,41.18222711,-104.7783342,10/8/2016
18,11,18,44,0,2,1,19.5,22,0.048,17,0.9,22,0.2,24,2016,10,9,Cheyenne NCore,41.18222711,-104.7783342,10/9/2016
5,9,5,36,0,2,1,5,24,0.039,17,0.1,24,0.2,24,2016,10,10,Cheyenne NCore,41.18222711,-104.7783342,10/10/2016
4,8,4,43,0,1,1,4.2,23,0.046,17,0.1,23,0.1,24,2016,10,11,Cheyenne NCore,41.18222711,-104.7783342,10/11/2016
25,7,25,19,0,2,1,26.7,24,0.02,17,0.3,24,0.2,24,2016,10,12,Cheyenne NCore,41.18222711,-104.7783342,10/12/2016
22,11,22,42,0,2,1,23,23,0.045,17,0.5,23,0.2,24,2016,10,13,Cheyenne NCore,41.18222711,-104.7783342,10/13/2016
25,12,25,35,0,1,1,26.5,24,0.038,17,0.7,24,0.1,24,2016,10,14,Cheyenne NCore,41.18222711,-104.7783342,10/14/2016
9,13,9,37,1,1,1,10.5,23,0.04,17,1.7,23,0.1,24,2016,10,15,Cheyenne NCore,41.18222711,-104.7783342,10/15/2016
14,12,14,40,1,1,1,15.5,23,0.043,17,1,23,0.1,24,2016,10,16,Cheyenne NCore,41.18222711,-104.7783342,10/16/2016
12,20,12,44,1,1,1,13.6,23,0.047,17,1.7,23,0.1,24,2016,10,17,Cheyenne NCore,41.18222711,-104.7783342,10/17/2016
21,13,21,42,0,1,1,22.2,24,0.045,17,0.7,24,0.1,24,2016,10,18,Cheyenne NCore,41.18222711,-104.7783342,10/18/2016
6,5,6,37,0,1,1,6.8,23,0.04,17,0.6,23,0.1,24,2016,10,19,Cheyenne NCore,41.18222711,-104.7783342,10/19/2016
25,10,25,36,1,2,1,27.7,24,0.039,17,1.2,24,0.2,24,2016,10,20,Cheyenne NCore,41.18222711,-104.7783342,10/20/2016
5,10,5,36,0,2,1,5.9,23,0.039,17,0.8,23,0.2,24,2016,10,25,Cheyenne NCore,41.18222711,-104.7783342,10/25/2016
25,10,25,38,0,1,1,27.3,24,0.041,17,0.5,24,0.1,24,2016,10,26,Cheyenne NCore,41.18222711,-104.7783342,10/26/2016
23,17,23,40,0,2,1,24.1,23,0.043,17,0.9,23,0.2,24,2016,10,27,Cheyenne NCore,41.18222711,-104.7783342,10/27/2016
28,14,28,33,0,2,1,30.8,24,0.036,17,0.9,24,0.2,24,2016,10,28,Cheyenne NCore,41.18222711,-104.7783342,10/28/2016
12,12,12,38,0,2,1,13.9,23,0.041,17,0.9,23,0.2,24,2016,10,29,Cheyenne NCore,41.18222711,-104.7783342,10/29/2016
18,15,18,30,1,2,1,19.3,23,0.032,17,1.2,23,0.2,24,2016,10,30,Cheyenne NCore,41.18222711,-104.7783342,10/30/2016
8,9,8,36,1,2,1,8.7,23,0.039,17,1.7,23,0.2,24,2016,10,31,Cheyenne NCore,41.18222711,-104.7783342,10/31/2016
11,17,11,40,0,1,1,12.7,24,0.043,17,0.5,24,0.1,24,2016,11,1,Cheyenne NCore,41.18222711,-104.7783342,11/1/2016
25,8,25,40,0,2,1,26,23,0.043,17,0,23,0.2,24,2016,11,2,Cheyenne NCore,41.18222711,-104.7783342,11/2/2016
25,9,25,44,0,2,1,27,24,0.047,17,0.2,24,0.2,24,2016,11,3,Cheyenne NCore,41.18222711,-104.7783342,11/3/2016
23,24,23,44,0,2,1,24.1,23,0.047,17,0.8,23,0.2,24,2016,11,4,Cheyenne NCore,41.18222711,-104.7783342,11/4/2016
13,17,13,42,0,2,1,14.3,24,0.045,17,0.3,24,0.2,24,2016,11,5,Cheyenne NCore,41.18222711,-104.7783342,11/5/2016
6,7,6,40,0,2,1,6.5,22,0.043,17,0.3,22,0.2,24,2016,11,6,Cheyenne NCore,41.18222711,-104.7783342,11/6/2016
13,14,13,40,0,2,1,14.8,24,0.043,17,0.4,24,0.2,24,2016,11,7,Cheyenne NCore,41.18222711,-104.7783342,11/7/2016
22,19,22,40,0,2,1,23.3,23,0.043,17,0.4,23,0.2,24,2016,11,8,Cheyenne NCore,41.18222711,-104.7783342,11/8/2016
22,14,22,39,1,2,1,23.6,24,0.042,17,1.5,24,0.2,24,2016,11,9,Cheyenne NCore,41.18222711,-104.7783342,11/9/2016
8,15,8,36,0,1,1,8.5,23,0.039,17,0.2,23,0.1,24,2016,11,10,Cheyenne NCore,41.18222711,-104.7783342,11/10/2016
29,23,29,34,0,2,1,31.5,24,0.037,17,0.9,24,0.2,24,2016,11,11,Cheyenne NCore,41.18222711,-104.7783342,11/11/2016
25,14,25,40,0,2,1,26.3,23,0.043,17,0.8,23,0.2,24,2016,11,12,Cheyenne NCore,41.18222711,-104.7783342,11/12/2016
4,12,4,44,0,1,1,4.3,23,0.047,17,0.3,23,0.1,24,2016,11,13,Cheyenne NCore,41.18222711,-104.7783342,11/13/2016
3,10,3,42,0,1,1,3.1,23,0.045,17,0.1,23,0.1,24,2016,11,14,Cheyenne NCore,41.18222711,-104.7783342,11/14/2016
24,18,24,44,0,2,1,25.4,24,0.048,17,0.9,24,0.2,24,2016,11,15,Cheyenne NCore,41.18222711,-104.7783342,11/15/2016
26,17,26,39,1,2,1,28.2,23,0.042,17,1.5,23,0.2,24,2016,11,16,Cheyenne NCore,41.18222711,-104.7783342,11/16/2016
1,7,1,33,0,1,1,1.9,24,0.036,17,0.4,24,0.1,24,2016,11,17,Cheyenne NCore,41.18222711,-104.7783342,11/17/2016
28,8,28,35,0,2,1,30.4,23,0.038,17,0.1,23,0.2,24,2016,11,18,Cheyenne NCore,41.18222711,-104.7783342,11/18/2016
31,13,31,31,1,2,1,33.2,24,0.034,17,1.8,24,0.2,24,2016,11,19,Cheyenne NCore,41.18222711,-104.7783342,11/19/2016
18,5,18,38,0,2,1,19,22,0.041,17,0.4,22,0.2,24,2016,11,20,Cheyenne NCore,41.18222711,-104.7783342,11/20/2016
10,11,10,34,0,1,1,11.8,23,0.037,17,0.7,23,0.1,24,2016,11,21,Cheyenne NCore,41.18222711,-104.7783342,11/21/2016
3,4,3,34,0,1,1,3.8,23,0.037,17,0.7,23,0.1,24,2016,11,22,Cheyenne NCore,41.18222711,-104.7783342,11/22/2016
19,7,19,32,0,2,1,20.3,24,0.035,17,0.4,24,0.2,24,2016,11,23,Cheyenne NCore,41.18222711,-104.7783342,11/23/2016
13,6,13,36,0,2,1,14.8,23,0.039,17,0.3,23,0.2,24,2016,11,24,Cheyenne NCore,41.18222711,-104.7783342,11/24/2016
14,10,14,44,0,2,1,15.8,24,0.047,17,0.8,24,0.2,24,2016,11,25,Cheyenne NCore,41.18222711,-104.7783342,11/25/2016
22,10,22,44,0,2,1,23.6,23,0.047,17,0.3,23,0.2,24,2016,11,26,Cheyenne NCore,41.18222711,-104.7783342,11/26/2016
14,6,14,39,0,2,1,15.5,23,0.042,17,0.3,23,0.2,24,2016,11,27,Cheyenne NCore,41.18222711,-104.7783342,11/27/2016
0,6,0,36,0,1,1,0.9,24,0.039,17,0.2,24,0.1,24,2016,11,29,Cheyenne NCore,41.18222711,-104.7783342,11/29/2016
4,5,4,35,0,1,1,4.5,23,0.038,17,0.1,23,0.1,24,2016,11,30,Cheyenne NCore,41.18222711,-104.7783342,11/30/2016
10,6,10,34,0,1,1,11.3,24,0.037,17,0,24,0.1,24,2016,12,1,Cheyenne NCore,41.18222711,-104.7783342,12/1/2016
13,9,13,33,0,2,1,14,23,0.036,17,0.2,23,0.2,24,2016,12,2,Cheyenne NCore,41.18222711,-104.7783342,12/2/2016
15,7,15,39,0,2,1,16.2,24,0.042,17,0.1,24,0.2,24,2016,12,3,Cheyenne NCore,41.18222711,-104.7783342,12/3/2016
4,6,4,39,0,1,1,4,22,0.042,17,0.1,22,0.1,24,2016,12,4,Cheyenne NCore,41.18222711,-104.7783342,12/4/2016
3,6,3,41,0,1,1,3.6,24,0.044,17,0.2,24,0.1,24,2016,12,5,Cheyenne NCore,41.18222711,-104.7783342,12/5/2016
37,14,37,36,1,3,1,39.2,23,0.039,17,1.1,23,0.3,24,2016,12,9,Cheyenne NCore,41.18222711,-104.7783342,12/9/2016
30,7,30,36,0,2,1,32,23,0.039,17,0.4,23,0.2,24,2016,12,10,Cheyenne NCore,41.18222711,-104.7783342,12/10/2016
6,2,6,39,0,1,1,6,22,0.042,17,0.7,22,0.1,24,2016,12,11,Cheyenne NCore,41.18222711,-104.7783342,12/11/2016
7,5,7,42,0,1,1,7.4,23,0.045,17,0,23,0.1,24,2016,12,12,Cheyenne NCore,41.18222711,-104.7783342,12/12/2016
8,4,8,39,0,1,1,9.1,23,0.042,16,0,23,0.1,24,2016,12,13,Cheyenne NCore,41.18222711,-104.7783342,12/13/2016
26,8,26,32,1,2,1,28.1,23,0.035,17,1.6,23,0.2,24,2016,12,15,Cheyenne NCore,41.18222711,-104.7783342,12/15/2016
6,7,6,31,0,1,1,6,23,0.033,17,0.7,23,0.1,24,2016,12,16,Cheyenne NCore,41.18222711,-104.7783342,12/16/2016
25,8,25,33,1,2,1,27,23,0.036,17,1.2,23,0.2,24,2016,12,17,Cheyenne NCore,41.18222711,-104.7783342,12/17/2016
23,9,23,42,1,2,1,24.8,22,0.045,17,1.4,22,0.2,24,2016,12,18,Cheyenne NCore,41.18222711,-104.7783342,12/18/2016
11,10,11,44,0,2,1,12.6,23,0.048,17,0.5,23,0.2,24,2016,12,19,Cheyenne NCore,41.18222711,-104.7783342,12/19/2016
4,5,4,40,0,1,1,4.8,23,0.043,17,0.2,23,0.1,24,2016,12,20,Cheyenne NCore,41.18222711,-104.7783342,12/20/2016
7,6,7,37,1,1,1,7.4,23,0.04,17,1,23,0.1,24,2016,12,21,Cheyenne NCore,41.18222711,-104.7783342,12/21/2016
29,17,29,30,0,2,1,31.7,23,0.032,17,0.7,23,0.2,24,2016,12,22,Cheyenne NCore,41.18222711,-104.7783342,12/22/2016
21,7,21,40,0,2,1,22.9,23,0.043,17,0.2,23,0.2,24,2016,12,23,Cheyenne NCore,41.18222711,-104.7783342,12/23/2016
21,8,21,32,0,2,1,22.4,23,0.035,17,0.6,23,0.2,24,2016,12,24,Cheyenne NCore,41.18222711,-104.7783342,12/24/2016
11,8,11,38,0,2,1,12.3,22,0.041,17,0.3,22,0.2,24,2016,12,25,Cheyenne NCore,41.18222711,-104.7783342,12/25/2016
6,5,6,44,0,1,1,6.8,23,0.048,17,0.4,23,0.1,24,2016,12,26,Cheyenne NCore,41.18222711,-104.7783342,12/26/2016
11,8,11,50,1,1,1,12.9,23,0.054,17,1.2,23,0.1,24,2016,12,27,Cheyenne NCore,41.18222711,-104.7783342,12/27/2016
1,5,1,42,0,1,1,1.1,23,0.045,17,0.3,23,0.1,24,2016,12,28,Cheyenne NCore,41.18222711,-104.7783342,12/28/2016
18,7,18,41,0,2,1,19.6,22,0.044,17,0.2,22,0.2,24,2016,12,29,Cheyenne NCore,41.18222711,-104.7783342,12/29/2016
6,6,6,43,0,1,1,6.1,23,0.046,17,0,22,0.1,24,2016,12,30,Cheyenne NCore,41.18222711,-104.7783342,12/30/2016
27,14,27,33,0,2,1,29,23,0.036,17,0.5,22,0.2,18,2018,1,1,Cheyenne NCore,41.18222711,-104.7783342,1/1/2018
5,5,5,43,0,2,1,5.6,23,0.046,17,0.4,23,0.2,24,2018,1,2,Cheyenne NCore,41.18222711,-104.7783342,1/2/2018
24,12,24,36,0,2,1,25.8,23,0.039,17,0.2,23,0.2,24,2018,1,3,Cheyenne NCore,41.18222711,-104.7783342,1/3/2018
26,13,26,34,0,2,1,28.7,23,0.037,17,0.2,23,0.2,24,2018,1,4,Cheyenne NCore,41.18222711,-104.7783342,1/4/2018
22,9,22,34,0,2,1,23.3,23,0.037,17,0.6,23,0.2,24,2018,1,5,Cheyenne NCore,41.18222711,-104.7783342,1/5/2018
18,6,18,31,0,2,1,19.9,23,0.034,17,0.3,23,0.2,24,2018,1,6,Cheyenne NCore,41.18222711,-104.7783342,1/6/2018
20,4,20,36,0,2,1,21.6,22,0.039,17,0.2,22,0.2,24,2018,1,7,Cheyenne NCore,41.18222711,-104.7783342,1/7/2018
31,8,31,40,0,2,1,33,23,0.043,17,0.4,23,0.2,24,2018,1,8,Cheyenne NCore,41.18222711,-104.7783342,1/8/2018
14,6,14,32,0,1,1,15.4,23,0.035,17,0.6,23,0.1,24,2018,1,9,Cheyenne NCore,41.18222711,-104.7783342,1/9/2018
10,4,10,29,0,1,1,11.6,23,0.031,17,0.5,23,0.1,24,2018,1,10,Cheyenne NCore,41.18222711,-104.7783342,1/10/2018
14,6,14,38,0,1,1,15.6,23,0.041,17,0.3,23,0.1,24,2018,1,11,Cheyenne NCore,41.18222711,-104.7783342,1/11/2018
20,4,20,31,0,2,1,21.3,23,0.034,17,0.4,23,0.2,24,2018,1,12,Cheyenne NCore,41.18222711,-104.7783342,1/12/2018
8,4,8,39,0,2,1,9.8,23,0.042,17,0.1,23,0.2,24,2018,1,13,Cheyenne NCore,41.18222711,-104.7783342,1/13/2018
3,3,3,37,0,1,1,3.7,22,0.04,17,0,21,0.1,24,2018,1,14,Cheyenne NCore,41.18222711,-104.7783342,1/14/2018
9,6,9,39,0,1,1,10.3,23,0.042,17,0.3,22,0.1,24,2018,1,15,Cheyenne NCore,41.18222711,-104.7783342,1/15/2018
28,12,28,31,0,3,1,30.8,23,0.034,17,0.7,23,0.3,24,2018,1,16,Cheyenne NCore,41.18222711,-104.7783342,1/16/2018
29,8,29,38,0,3,1,31.7,23,0.041,17,0.4,23,0.3,24,2018,1,17,Cheyenne NCore,41.18222711,-104.7783342,1/17/2018
22,6,22,36,0,2,1,23.2,22,0.039,17,0.3,22,0.2,24,2018,1,18,Cheyenne NCore,41.18222711,-104.7783342,1/18/2018
19,6,19,33,0,1,1,20.5,23,0.036,17,0.5,23,0.1,24,2018,1,19,Cheyenne NCore,41.18222711,-104.7783342,1/19/2018
18,5,18,33,0,2,1,19.8,23,0.036,17,0.6,23,0.2,24,2018,1,20,Cheyenne NCore,41.18222711,-104.7783342,1/20/2018
14,5,14,38,0,2,1,15,23,0.041,17,0.2,23,0.2,24,2018,1,23,Cheyenne NCore,41.18222711,-104.7783342,1/23/2018
25,7,25,41,0,2,1,26.1,23,0.044,17,0.2,23,0.2,24,2018,1,24,Cheyenne NCore,41.18222711,-104.7783342,1/24/2018
30,14,30,36,0,2,1,32.2,23,0.039,17,0.9,23,0.2,24,2018,1,25,Cheyenne NCore,41.18222711,-104.7783342,1/25/2018
3,4,3,38,0,1,1,3.1,23,0.041,17,0.5,23,0.1,24,2018,1,26,Cheyenne NCore,41.18222711,-104.7783342,1/26/2018
3,5,3,40,0,1,1,3.5,23,0.043,17,0.1,23,0.1,24,2018,1,27,Cheyenne NCore,41.18222711,-104.7783342,1/27/2018
15,5,15,35,0,1,1,16.6,22,0.038,17,0.4,21,0.1,24,2018,1,28,Cheyenne NCore,41.18222711,-104.7783342,1/28/2018
6,6,6,37,0,1,1,6.8,23,0.04,17,0.1,23,0.1,24,2018,1,29,Cheyenne NCore,41.18222711,-104.7783342,1/29/2018
2,7,2,38,0,1,1,2.9,23,0.041,17,0.3,23,0.1,24,2018,1,30,Cheyenne NCore,41.18222711,-104.7783342,1/30/2018
8,3,8,38,0,1,1,8.4,23,0.041,17,0.2,23,0.1,24,2018,1,31,Cheyenne NCore,41.18222711,-104.7783342,1/31/2018
12,6,12,36,0,2,1,13.1,23,0.039,17,0.3,20,0.2,24,2018,2,1,Cheyenne NCore,41.18222711,-104.7783342,2/1/2018
5,5,5,42,0,1,1,5.5,23,0.045,14,0.3,19,0.1,24,2018,2,3,Cheyenne NCore,41.18222711,-104.7783342,2/3/2018
8,9,8,33,0,2,1,9.6,22,0.036,17,0.8,20,0.2,24,2018,2,4,Cheyenne NCore,41.18222711,-104.7783342,2/4/2018
5,5,5,31,0,2,1,5.1,23,0.033,17,0.4,22,0.2,24,2018,2,5,Cheyenne NCore,41.18222711,-104.7783342,2/5/2018
1,4,1,36,0,1,1,1.1,23,0.039,17,0.1,21,0.1,24,2018,2,8,Cheyenne NCore,41.18222711,-104.7783342,2/8/2018
5,4,5,28,0,2,1,5.2,23,0.03,17,0.3,23,0.2,24,2018,2,9,Cheyenne NCore,41.18222711,-104.7783342,2/9/2018
6,6,6,29,0,2,1,6.3,23,0.031,17,0.4,23,0.2,24,2018,2,10,Cheyenne NCore,41.18222711,-104.7783342,2/10/2018
25,6,25,39,0,2,1,27.1,22,0.042,14,0.2,18,0.2,24,2018,2,11,Cheyenne NCore,41.18222711,-104.7783342,2/11/2018
12,7,12,33,0,2,1,13.1,23,0.036,17,0.2,22,0.2,24,2018,2,12,Cheyenne NCore,41.18222711,-104.7783342,2/12/2018
2,7,2,39,0,1,1,2.6,23,0.042,17,0.2,23,0.1,24,2018,2,14,Cheyenne NCore,41.18222711,-104.7783342,2/14/2018
2,4,2,41,0,1,1,2.8,23,0.044,17,0.3,23,0.1,24,2018,2,15,Cheyenne NCore,41.18222711,-104.7783342,2/15/2018
16,9,16,44,1,2,1,17.8,23,0.048,17,1.6,23,0.2,24,2018,2,16,Cheyenne NCore,41.18222711,-104.7783342,2/16/2018
14,7,14,41,0,2,1,15.4,23,0.044,17,0.6,23,0.2,24,2018,2,17,Cheyenne NCore,41.18222711,-104.7783342,2/17/2018
9,5,9,43,1,2,1,10.2,22,0.046,17,1.3,21,0.2,24,2018,2,18,Cheyenne NCore,41.18222711,-104.7783342,2/18/2018
2,3,2,36,0,1,1,2.4,23,0.039,17,0.4,22,0.1,24,2018,2,19,Cheyenne NCore,41.18222711,-104.7783342,2/19/2018
37,10,37,33,6,3,1,39.7,23,0.036,17,4.9,23,0.3,24,2018,2,20,Cheyenne NCore,41.18222711,-104.7783342,2/20/2018
25,18,25,39,6,3,1,27.7,23,0.042,17,4.4,23,0.3,24,2018,2,21,Cheyenne NCore,41.18222711,-104.7783342,2/21/2018
27,14,27,35,1,3,1,29.8,22,0.038,17,1.1,22,0.3,24,2018,2,22,Cheyenne NCore,41.18222711,-104.7783342,2/22/2018
17,19,17,43,0,2,1,18.4,23,0.046,17,0.4,23,0.2,24,2018,2,23,Cheyenne NCore,41.18222711,-104.7783342,2/23/2018
6,9,6,41,0,2,1,6.4,23,0.044,17,0.3,23,0.2,24,2018,2,24,Cheyenne NCore,41.18222711,-104.7783342,2/24/2018
3,5,3,42,0,1,1,3.9,22,0.045,17,0.2,22,0.1,24,2018,2,25,Cheyenne NCore,41.18222711,-104.7783342,2/25/2018
17,10,17,43,0,2,1,18.6,23,0.046,17,0.4,23,0.2,24,2018,2,26,Cheyenne NCore,41.18222711,-104.7783342,2/26/2018
9,10,9,44,0,2,1,10.7,23,0.047,17,0.3,23,0.2,24,2018,2,27,Cheyenne NCore,41.18222711,-104.7783342,2/27/2018
12,9,12,44,0,2,1,13.5,23,0.047,17,0.4,23,0.2,24,2018,2,28,Cheyenne NCore,41.18222711,-104.7783342,2/28/2018
26,15,26,44,0,2,1,28.5,23,0.047,17,0.7,23,0.2,24,2018,3,1,Cheyenne NCore,41.18222711,-104.7783342,3/1/2018
14,9,14,39,0,2,1,15.2,23,0.042,17,0.3,23,0.2,24,2018,3,2,Cheyenne NCore,41.18222711,-104.7783342,3/2/2018
13,9,13,42,0,2,1,14.1,23,0.045,17,0.5,23,0.2,24,2018,3,3,Cheyenne NCore,41.18222711,-104.7783342,3/3/2018
9,11,9,45,0,2,1,10.1,22,0.049,17,0.6,22,0.2,24,2018,3,4,Cheyenne NCore,41.18222711,-104.7783342,3/4/2018
1,11,1,41,0,1,1,1,23,0.044,17,0.1,23,0.1,24,2018,3,5,Cheyenne NCore,41.18222711,-104.7783342,3/5/2018
6,7,6,41,0,1,1,6.7,23,0.044,17,0,23,0.1,24,2018,3,6,Cheyenne NCore,41.18222711,-104.7783342,3/6/2018
19,10,19,45,0,2,1,20.5,23,0.049,17,-0.1,23,0.2,24,2018,3,7,Cheyenne NCore,41.18222711,-104.7783342,3/7/2018
7,6,7,44,0,1,1,7.9,23,0.047,17,0.4,23,0.1,24,2018,3,24,Cheyenne NCore,41.18222711,-104.7783342,3/24/2018
20,7,20,40,0,1,1,21.8,22,0.043,17,0.9,21,0.1,24,2018,3,25,Cheyenne NCore,41.18222711,-104.7783342,3/25/2018
11,4,11,44,0,2,1,12,23,0.048,17,0.3,22,0.2,24,2018,3,26,Cheyenne NCore,41.18222711,-104.7783342,3/26/2018
10,8,10,46,0,2,1,11.3,23,0.05,17,0.3,23,0.2,24,2018,3,27,Cheyenne NCore,41.18222711,-104.7783342,3/27/2018
2,4,2,38,0,2,1,2.8,23,0.041,17,0.3,23,0.2,24,2018,3,28,Cheyenne NCore,41.18222711,-104.7783342,3/28/2018
28,4,28,44,0,2,1,30.5,23,0.047,17,0.2,23,0.2,24,2018,3,29,Cheyenne NCore,41.18222711,-104.7783342,3/29/2018
16,6,16,44,0,2,1,17.8,23,0.048,17,0.4,23,0.2,24,2018,3,30,Cheyenne NCore,41.18222711,-104.7783342,3/30/2018
4,6,4,31,0,1,1,4,23,0.034,17,0.1,23,0.1,24,2018,3,31,Cheyenne NCore,41.18222711,-104.7783342,3/31/2018
8,9,8,35,0,2,1,8,22,0.038,17,0.4,22,0.2,24,2018,4,1,Cheyenne NCore,41.18222711,-104.7783342,4/1/2018
26,10,26,54,1,2,1,28.2,23,0.056,17,1.6,23,0.2,24,2018,4,2,Cheyenne NCore,41.18222711,-104.7783342,4/2/2018
7,7,7,46,0,1,1,7.5,23,0.05,17,0.2,23,0.1,24,2018,4,3,Cheyenne NCore,41.18222711,-104.7783342,4/3/2018
20,10,20,48,13,2,1,21.6,22,0.052,17,9.5,22,0.2,24,2018,4,4,Cheyenne NCore,41.18222711,-104.7783342,4/4/2018
5,8,5,40,0,1,1,5,23,0.043,17,0.3,23,0.1,24,2018,4,5,Cheyenne NCore,41.18222711,-104.7783342,4/5/2018
3,6,3,42,0,1,1,3.1,23,0.045,17,0.1,23,0.1,24,2018,4,6,Cheyenne NCore,41.18222711,-104.7783342,4/6/2018
13,13,13,44,3,2,1,14.5,22,0.048,17,2.3,22,0.2,24,2018,4,7,Cheyenne NCore,41.18222711,-104.7783342,4/7/2018
2,5,2,45,0,2,1,2.7,23,0.049,17,0.6,22,0.2,24,2018,4,8,Cheyenne NCore,41.18222711,-104.7783342,4/8/2018
3,3,3,38,0,1,1,3.1,23,0.041,17,0,23,0.1,24,2018,4,9,Cheyenne NCore,41.18222711,-104.7783342,4/9/2018
8,7,8,48,0,1,1,9.2,22,0.052,17,0,22,0.1,24,2018,4,10,Cheyenne NCore,41.18222711,-104.7783342,4/10/2018
14,14,14,47,0,1,1,15.5,23,0.051,17,0.3,23,0.1,24,2018,4,11,Cheyenne NCore,41.18222711,-104.7783342,4/11/2018
4,17,4,48,0,1,1,4.7,23,0.052,17,0.6,23,0.1,24,2018,4,12,Cheyenne NCore,41.18222711,-104.7783342,4/12/2018
1,6,1,40,0,2,1,1,22,0.043,17,0.3,20,0.2,24,2018,4,13,Cheyenne NCore,41.18222711,-104.7783342,4/13/2018
9,6,9,44,0,2,1,10.7,23,0.048,17,0.1,22,0.2,24,2018,4,14,Cheyenne NCore,41.18222711,-104.7783342,4/14/2018
8,6,8,43,0,2,1,9.1,23,0.046,17,0.3,23,0.2,24,2018,4,15,Cheyenne NCore,41.18222711,-104.7783342,4/15/2018
24,15,24,44,3,2,1,25,21,0.048,17,2.7,22,0.2,24,2018,4,16,Cheyenne NCore,41.18222711,-104.7783342,4/16/2018
38,19,38,58,1,2,1,40.8,22,0.057,17,1.4,23,0.2,24,2018,4,17,Cheyenne NCore,41.18222711,-104.7783342,4/17/2018
8,6,8,44,0,2,1,9.5,23,0.048,17,0.3,23,0.2,24,2018,4,18,Cheyenne NCore,41.18222711,-104.7783342,4/18/2018
17,29,17,46,0,2,1,18.8,22,0.05,17,0.3,22,0.2,24,2018,4,19,Cheyenne NCore,41.18222711,-104.7783342,4/19/2018
4,19,4,37,0,2,1,4,22,0.04,17,0.5,22,0.2,24,2018,4,20,Cheyenne NCore,41.18222711,-104.7783342,4/20/2018
8,4,8,40,0,2,1,8.9,23,0.043,17,0.2,23,0.2,24,2018,4,21,Cheyenne NCore,41.18222711,-104.7783342,4/21/2018
8,8,8,47,0,2,1,9.8,22,0.051,17,0.3,22,0.2,24,2018,4,22,Cheyenne NCore,41.18222711,-104.7783342,4/22/2018
10,8,10,48,0,2,1,11.3,23,0.052,17,0.8,22,0.2,24,2018,4,23,Cheyenne NCore,41.18222711,-104.7783342,4/23/2018
3,5,3,41,0,1,1,3.4,23,0.044,17,0.1,23,0.1,24,2018,4,24,Cheyenne NCore,41.18222711,-104.7783342,4/24/2018
13,10,13,49,0,2,1,14.4,22,0.053,17,0.3,22,0.2,24,2018,4,25,Cheyenne NCore,41.18222711,-104.7783342,4/25/2018
10,13,10,51,0,2,1,11.5,23,0.055,17,0.2,22,0.2,24,2018,4,26,Cheyenne NCore,41.18222711,-104.7783342,4/26/2018
5,14,5,58,0,1,1,5.5,23,0.057,17,0.3,23,0.1,24,2018,4,27,Cheyenne NCore,41.18222711,-104.7783342,4/27/2018
7,19,7,54,0,1,1,7.6,22,0.056,17,0.5,22,0.1,24,2018,4,28,Cheyenne NCore,41.18222711,-104.7783342,4/28/2018
11,14,11,58,0,2,1,12.9,23,0.057,17,0.6,23,0.2,24,2018,4,29,Cheyenne NCore,41.18222711,-104.7783342,4/29/2018
2,11,2,48,0,1,1,2.5,23,0.052,17,0.5,23,0.1,24,2018,4,30,Cheyenne NCore,41.18222711,-104.7783342,4/30/2018
14,6,14,44,0,1,1,15.9,22,0.047,17,0.5,21,0.1,24,2018,5,1,Cheyenne NCore,41.18222711,-104.7783342,5/1/2018
13,5,13,41,0,2,1,14.6,23,0.044,17,0.4,22,0.2,24,2018,5,2,Cheyenne NCore,41.18222711,-104.7783342,5/2/2018
2,3,2,40,0,1,1,2.5,23,0.043,17,0.3,23,0.1,24,2018,5,3,Cheyenne NCore,41.18222711,-104.7783342,5/3/2018
10,11,10,48,0,2,1,11.7,22,0.052,17,0.2,22,0.2,24,2018,5,4,Cheyenne NCore,41.18222711,-104.7783342,5/4/2018
9,11,9,49,0,2,1,10,23,0.053,17,0.3,22,0.2,24,2018,5,5,Cheyenne NCore,41.18222711,-104.7783342,5/5/2018
7,12,7,58,0,2,1,7.5,23,0.057,17,0.4,23,0.2,24,2018,5,6,Cheyenne NCore,41.18222711,-104.7783342,5/6/2018
13,14,13,51,0,2,1,14.5,22,0.055,17,0.4,22,0.2,24,2018,5,7,Cheyenne NCore,41.18222711,-104.7783342,5/7/2018
6,10,6,51,0,1,1,6.6,23,0.055,17,0.2,22,0.1,24,2018,5,8,Cheyenne NCore,41.18222711,-104.7783342,5/8/2018
7,12,7,58,0,1,1,7.7,23,0.057,17,0.6,23,0.1,24,2018,5,9,Cheyenne NCore,41.18222711,-104.7783342,5/9/2018
8,14,8,47,0,2,1,8.8,22,0.051,17,0.9,21,0.2,24,2018,5,10,Cheyenne NCore,41.18222711,-104.7783342,5/10/2018
5,11,5,44,0,1,1,5.6,23,0.048,17,0.7,22,0.1,24,2018,5,11,Cheyenne NCore,41.18222711,-104.7783342,5/11/2018
4,4,4,23,0,2,1,4.7,23,0.025,17,0.3,23,0.2,24,2018,5,12,Cheyenne NCore,41.18222711,-104.7783342,5/12/2018
3,3,3,34,0,2,1,3.8,22,0.037,17,0.3,21,0.2,24,2018,5,13,Cheyenne NCore,41.18222711,-104.7783342,5/13/2018
7,6,7,48,0,1,1,7.1,23,0.052,17,0.4,22,0.1,24,2018,5,14,Cheyenne NCore,41.18222711,-104.7783342,5/14/2018
6,6,6,71,0,2,1,6.8,23,0.061,17,0.6,23,0.2,24,2018,5,15,Cheyenne NCore,41.18222711,-104.7783342,5/15/2018
9,11,9,58,0,2,1,10.5,22,0.057,17,0.5,22,0.2,24,2018,5,16,Cheyenne NCore,41.18222711,-104.7783342,5/16/2018
6,17,6,61,1,2,1,6.7,23,0.058,17,1,22,0.2,24,2018,5,17,Cheyenne NCore,41.18222711,-104.7783342,5/17/2018
5,11,5,50,0,2,1,5.3,23,0.054,17,0.5,23,0.2,24,2018,5,18,Cheyenne NCore,41.18222711,-104.7783342,5/18/2018
1,1,1,35,0,1,1,1,22,0.038,17,0.2,21,0.1,24,2018,5,19,Cheyenne NCore,41.18222711,-104.7783342,5/19/2018
8,6,8,42,0,2,1,9,23,0.045,17,0.3,22,0.2,24,2018,5,20,Cheyenne NCore,41.18222711,-104.7783342,5/20/2018
12,7,12,49,0,2,1,13.3,23,0.053,17,0.4,23,0.2,24,2018,5,21,Cheyenne NCore,41.18222711,-104.7783342,5/21/2018
7,11,7,50,0,2,1,7.8,21,0.054,17,0.5,20,0.2,24,2018,5,22,Cheyenne NCore,41.18222711,-104.7783342,5/22/2018
12,8,12,74,0,2,1,13.3,23,0.062,17,0.7,23,0.2,24,2018,5,23,Cheyenne NCore,41.18222711,-104.7783342,5/23/2018
10,9,10,54,0,2,1,11.1,23,0.056,17,0.4,23,0.2,24,2018,5,24,Cheyenne NCore,41.18222711,-104.7783342,5/24/2018
9,9,9,64,0,2,1,10.3,22,0.059,17,0.4,22,0.2,24,2018,5,25,Cheyenne NCore,41.18222711,-104.7783342,5/25/2018
5,16,5,67,0,2,1,5.7,23,0.06,17,0.4,23,0.2,24,2018,5,26,Cheyenne NCore,41.18222711,-104.7783342,5/26/2018
11,17,11,47,0,2,1,12.2,23,0.051,17,0.4,23,0.2,24,2018,5,27,Cheyenne NCore,41.18222711,-104.7783342,5/27/2018
3,5,3,50,0,1,1,3.6,22,0.054,17,0,22,0.1,24,2018,5,28,Cheyenne NCore,41.18222711,-104.7783342,5/28/2018
7,5,7,50,0,1,1,7.2,23,0.054,17,0.1,23,0.1,24,2018,5,29,Cheyenne NCore,41.18222711,-104.7783342,5/29/2018
12,6,12,45,0,2,1,13.7,23,0.049,17,0.5,23,0.2,24,2018,5,30,Cheyenne NCore,41.18222711,-104.7783342,5/30/2018
11,11,11,58,1,2,1,12,22,0.057,17,1.2,22,0.2,24,2018,5,31,Cheyenne NCore,41.18222711,-104.7783342,5/31/2018
5,13,5,51,0,1,1,5.4,23,0.055,17,0.5,23,0.1,24,2018,6,1,Cheyenne NCore,41.18222711,-104.7783342,6/1/2018
5,10,5,67,0,1,1,5.1,23,0.06,17,0.4,23,0.1,24,2018,6,2,Cheyenne NCore,41.18222711,-104.7783342,6/2/2018
7,19,7,49,0,2,1,7.3,21,0.053,17,0.6,22,0.2,24,2018,6,3,Cheyenne NCore,41.18222711,-104.7783342,6/3/2018
12,17,12,49,1,2,1,13.7,22,0.053,17,1.1,23,0.2,24,2018,6,4,Cheyenne NCore,41.18222711,-104.7783342,6/4/2018
10,14,10,54,0,1,1,11.3,23,0.056,17,0.7,23,0.1,24,2018,6,5,Cheyenne NCore,41.18222711,-104.7783342,6/5/2018
2,22,2,46,1,1,1,2.4,21,0.05,17,1.3,21,0.1,24,2018,6,6,Cheyenne NCore,41.18222711,-104.7783342,6/6/2018
5,23,5,61,0,1,1,5.8,23,0.058,17,0.9,23,0.1,24,2018,6,7,Cheyenne NCore,41.18222711,-104.7783342,6/7/2018
4,25,4,48,0,1,1,4.7,23,0.052,17,0.6,23,0.1,24,2018,6,8,Cheyenne NCore,41.18222711,-104.7783342,6/8/2018
5,23,5,49,1,1,1,5,22,0.053,17,1.2,22,0.1,24,2018,6,9,Cheyenne NCore,41.18222711,-104.7783342,6/9/2018
11,19,11,49,0,1,1,12.7,23,0.053,17,0.8,23,0.1,24,2018,6,10,Cheyenne NCore,41.18222711,-104.7783342,6/10/2018
3,20,3,93,0,1,1,3.7,21,0.068,17,0.8,21,0.1,24,2018,6,11,Cheyenne NCore,41.18222711,-104.7783342,6/11/2018
8,30,8,46,0,2,1,8.5,18,0.05,14,0.8,18,0.2,12,2018,6,15,Cheyenne NCore,41.18222711,-104.7783342,6/15/2018
7,17,7,43,0,2,1,7.7,23,0.046,17,0.7,22,0.2,24,2018,6,16,Cheyenne NCore,41.18222711,-104.7783342,6/16/2018
3,3,3,29,0,1,1,3.8,23,0.031,17,0.4,23,0.1,24,2018,6,17,Cheyenne NCore,41.18222711,-104.7783342,6/17/2018
4,6,4,44,0,2,1,4.6,22,0.048,17,0.7,21,0.2,24,2018,6,18,Cheyenne NCore,41.18222711,-104.7783342,6/18/2018
6,7,6,40,0,1,1,6.6,22,0.043,17,0.3,21,0.1,24,2018,6,19,Cheyenne NCore,41.18222711,-104.7783342,6/19/2018
3,8,3,50,0,1,1,3.4,23,0.054,17,0.2,23,0.1,24,2018,6,20,Cheyenne NCore,41.18222711,-104.7783342,6/20/2018
13,6,13,44,0,1,1,14.8,22,0.047,17,0.3,21,0.1,24,2018,6,21,Cheyenne NCore,41.18222711,-104.7783342,6/21/2018
8,15,8,46,0,1,1,9.5,23,0.05,17,0.8,22,0.1,24,2018,6,22,Cheyenne NCore,41.18222711,-104.7783342,6/22/2018
6,11,6,50,0,1,1,6.1,23,0.054,17,0.5,23,0.1,24,2018,6,23,Cheyenne NCore,41.18222711,-104.7783342,6/23/2018
3,6,3,50,0,1,1,3.5,22,0.054,17,0.2,21,0.1,24,2018,6,24,Cheyenne NCore,41.18222711,-104.7783342,6/24/2018
6,6,6,45,0,1,1,6.9,23,0.049,17,0.4,22,0.1,24,2018,6,25,Cheyenne NCore,41.18222711,-104.7783342,6/25/2018
14,26,14,64,3,2,1,15.5,22,0.059,17,2,22,0.2,24,2018,6,27,Cheyenne NCore,41.18222711,-104.7783342,6/27/2018
14,24,14,50,1,2,1,15.5,23,0.054,17,1,23,0.2,24,2018,6,28,Cheyenne NCore,41.18222711,-104.7783342,6/28/2018
10,32,10,49,0,2,1,11.5,23,0.053,17,0.9,23,0.2,24,2018,6,29,Cheyenne NCore,41.18222711,-104.7783342,6/29/2018
4,9,4,49,0,1,1,4.7,22,0.053,17,0.3,21,0.1,24,2018,6,30,Cheyenne NCore,41.18222711,-104.7783342,6/30/2018
15,7,15,54,0,1,1,16.9,23,0.056,17,0.6,23,0.1,24,2018,7,1,Cheyenne NCore,41.18222711,-104.7783342,7/1/2018
12,16,12,43,0,2,1,13.4,23,0.046,17,0.8,23,0.2,24,2018,7,2,Cheyenne NCore,41.18222711,-104.7783342,7/2/2018
12,25,12,48,1,2,1,13.7,22,0.052,17,1.1,22,0.2,24,2018,7,3,Cheyenne NCore,41.18222711,-104.7783342,7/3/2018
11,22,11,47,0,1,1,12.2,23,0.051,17,0.8,23,0.1,24,2018,7,4,Cheyenne NCore,41.18222711,-104.7783342,7/4/2018
7,21,7,74,0,2,1,7.9,23,0.062,17,0.4,23,0.2,24,2018,7,5,Cheyenne NCore,41.18222711,-104.7783342,7/5/2018
12,18,12,77,0,2,1,13.2,22,0.063,17,0.6,22,0.2,24,2018,7,6,Cheyenne NCore,41.18222711,-104.7783342,7/6/2018
10,20,10,93,1,2,1,11.8,23,0.068,17,1.7,23,0.2,24,2018,7,7,Cheyenne NCore,41.18222711,-104.7783342,7/7/2018
13,17,13,58,0,2,1,14.7,23,0.057,17,0.5,23,0.2,24,2018,7,8,Cheyenne NCore,41.18222711,-104.7783342,7/8/2018
6,21,6,74,0,2,1,6.3,22,0.062,17,0.7,22,0.2,24,2018,7,9,Cheyenne NCore,41.18222711,-104.7783342,7/9/2018
19,19,19,84,1,2,1,20.8,23,0.065,17,1.8,23,0.2,24,2018,7,10,Cheyenne NCore,41.18222711,-104.7783342,7/10/2018
12,25,12,77,0,1,1,13.3,23,0.063,17,0.8,23,0.1,24,2018,7,11,Cheyenne NCore,41.18222711,-104.7783342,7/11/2018
3,16,3,51,0,1,1,3.4,22,0.055,17,0.6,21,0.1,24,2018,7,12,Cheyenne NCore,41.18222711,-104.7783342,7/12/2018
5,17,5,67,0,1,1,5.2,22,0.06,17,0.6,22,0.1,24,2018,7,13,Cheyenne NCore,41.18222711,-104.7783342,7/13/2018
12,17,12,97,1,2,1,13.5,23,0.069,17,1.4,23,0.2,24,2018,7,14,Cheyenne NCore,41.18222711,-104.7783342,7/14/2018
7,12,7,44,0,1,1,7.1,22,0.048,17,0.6,21,0.1,24,2018,7,15,Cheyenne NCore,41.18222711,-104.7783342,7/15/2018
12,13,12,71,1,2,1,13.2,23,0.061,17,1.4,22,0.2,24,2018,7,16,Cheyenne NCore,41.18222711,-104.7783342,7/16/2018
9,8,9,61,1,2,1,10.5,23,0.058,17,1,23,0.2,24,2018,7,17,Cheyenne NCore,41.18222711,-104.7783342,7/17/2018
5,12,5,77,0,1,1,5.9,20,0.063,17,0.7,22,0.1,24,2018,7,18,Cheyenne NCore,41.18222711,-104.7783342,7/18/2018
7,25,7,74,0,2,1,7.7,23,0.062,17,0.8,23,0.2,24,2018,7,20,Cheyenne NCore,41.18222711,-104.7783342,7/20/2018
5,13,5,49,1,1,1,5.1,23,0.053,17,1.3,22,0.1,23,2018,7,22,Cheyenne NCore,41.18222711,-104.7783342,7/22/2018
7,18,7,44,0,2,1,7.6,23,0.048,17,0.7,23,0.2,24,2018,7,23,Cheyenne NCore,41.18222711,-104.7783342,7/23/2018
8,13,8,54,0,2,1,8.9,22,0.056,17,0.8,21,0.2,24,2018,7,24,Cheyenne NCore,41.18222711,-104.7783342,7/24/2018
9,11,9,49,0,2,1,10.2,23,0.053,17,0.6,22,0.2,24,2018,7,25,Cheyenne NCore,41.18222711,-104.7783342,7/25/2018
14,8,14,50,0,2,1,15.2,23,0.054,17,0.7,23,0.2,24,2018,7,26,Cheyenne NCore,41.18222711,-104.7783342,7/26/2018
10,9,10,43,0,1,1,11.5,22,0.046,17,0.6,21,0.1,24,2018,7,27,Cheyenne NCore,41.18222711,-104.7783342,7/27/2018
8,9,8,46,0,2,1,8.5,23,0.05,17,0.9,22,0.2,24,2018,7,28,Cheyenne NCore,41.18222711,-104.7783342,7/28/2018
5,9,5,48,0,2,1,5.4,23,0.052,17,0.8,23,0.2,24,2018,7,29,Cheyenne NCore,41.18222711,-104.7783342,7/29/2018
4,10,4,67,0,2,1,4.8,20,0.06,17,0.8,22,0.2,24,2018,7,30,Cheyenne NCore,41.18222711,-104.7783342,7/30/2018
16,11,16,71,0,2,1,17,22,0.061,17,0.8,23,0.2,24,2018,7,31,Cheyenne NCore,41.18222711,-104.7783342,7/31/2018
8,13,8,71,0,2,1,9.6,23,0.061,17,0.9,23,0.2,24,2018,8,1,Cheyenne NCore,41.18222711,-104.7783342,8/1/2018
11,22,11,93,1,2,1,12.5,20,0.068,17,1.1,22,0.2,24,2018,8,2,Cheyenne NCore,41.18222711,-104.7783342,8/2/2018
19,15,19,61,1,2,1,20.7,22,0.058,17,1,23,0.2,24,2018,8,3,Cheyenne NCore,41.18222711,-104.7783342,8/3/2018
4,17,4,54,0,2,1,4.8,23,0.056,17,0.8,23,0.2,24,2018,8,4,Cheyenne NCore,41.18222711,-104.7783342,8/4/2018
5,15,5,48,0,2,1,5,21,0.052,17,0.8,22,0.2,24,2018,8,5,Cheyenne NCore,41.18222711,-104.7783342,8/5/2018
24,12,24,44,0,2,1,25.1,23,0.048,17,0.7,22,0.2,24,2018,8,6,Cheyenne NCore,41.18222711,-104.7783342,8/6/2018
18,19,18,64,1,2,1,19.8,23,0.059,17,1.8,23,0.2,24,2018,8,7,Cheyenne NCore,41.18222711,-104.7783342,8/7/2018
10,16,10,77,1,2,1,11.6,21,0.063,17,1,22,0.2,24,2018,8,8,Cheyenne NCore,41.18222711,-104.7783342,8/8/2018
24,17,24,84,4,2,1,25.6,23,0.065,17,3.4,23,0.2,24,2018,8,9,Cheyenne NCore,41.18222711,-104.7783342,8/9/2018
8,17,8,80,0,2,1,9,23,0.064,17,0.8,23,0.2,24,2018,8,10,Cheyenne NCore,41.18222711,-104.7783342,8/10/2018
10,18,10,71,1,2,1,11.4,21,0.061,17,1.2,22,0.2,24,2018,8,11,Cheyenne NCore,41.18222711,-104.7783342,8/11/2018
12,27,12,67,0,2,1,13.1,23,0.06,17,0.8,23,0.2,24,2018,8,12,Cheyenne NCore,41.18222711,-104.7783342,8/12/2018
10,29,10,71,1,2,1,11.8,23,0.061,17,1,23,0.2,24,2018,8,13,Cheyenne NCore,41.18222711,-104.7783342,8/13/2018
8,15,8,45,1,2,1,8.2,21,0.049,17,1,22,0.2,24,2018,8,14,Cheyenne NCore,41.18222711,-104.7783342,8/14/2018
8,19,8,49,0,2,1,9.5,23,0.053,17,0.9,23,0.2,24,2018,8,15,Cheyenne NCore,41.18222711,-104.7783342,8/15/2018
8,24,8,58,1,2,1,8.1,23,0.057,17,1.3,23,0.2,24,2018,8,16,Cheyenne NCore,41.18222711,-104.7783342,8/16/2018
8,26,8,61,1,2,1,9,21,0.058,17,1,22,0.2,24,2018,8,17,Cheyenne NCore,41.18222711,-104.7783342,8/17/2018
16,14,16,46,0,2,1,17.5,23,0.05,17,0.9,22,0.2,24,2018,8,18,Cheyenne NCore,41.18222711,-104.7783342,8/18/2018
3,25,3,47,0,5,1,3.1,23,0.051,17,0.5,23,0.4,24,2018,8,19,Cheyenne NCore,41.18222711,-104.7783342,8/19/2018
11,53,11,48,1,5,1,12.3,21,0.052,17,1.1,22,0.4,24,2018,8,20,Cheyenne NCore,41.18222711,-104.7783342,8/20/2018
11,25,11,41,0,2,1,12.5,23,0.044,17,0.9,22,0.2,24,2018,8,21,Cheyenne NCore,41.18222711,-104.7783342,8/21/2018
6,16,6,45,0,3,1,6.6,23,0.049,17,0.9,23,0.3,24,2018,8,22,Cheyenne NCore,41.18222711,-104.7783342,8/22/2018
6,36,6,74,1,5,1,6.4,21,0.062,17,1,22,0.4,24,2018,8,23,Cheyenne NCore,41.18222711,-104.7783342,8/23/2018
3,41,3,87,1,3,1,3.4,23,0.066,17,1,23,0.3,24,2018,8,24,Cheyenne NCore,41.18222711,-104.7783342,8/24/2018
9,14,9,50,1,2,1,10.8,23,0.054,17,1.1,23,0.2,24,2018,8,25,Cheyenne NCore,41.18222711,-104.7783342,8/25/2018
21,9,21,48,0,2,1,22.1,22,0.052,17,0.9,22,0.2,24,2018,8,26,Cheyenne NCore,41.18222711,-104.7783342,8/26/2018
5,20,5,47,1,2,1,5.3,23,0.051,17,1.2,23,0.2,24,2018,8,27,Cheyenne NCore,41.18222711,-104.7783342,8/27/2018
5,16,5,42,1,2,1,5.3,22,0.045,17,1.8,22,0.2,24,2018,8,28,Cheyenne NCore,41.18222711,-104.7783342,8/28/2018
18,26,18,48,1,3,1,19,22,0.052,17,1.9,22,0.3,24,2018,8,29,Cheyenne NCore,41.18222711,-104.7783342,8/29/2018
21,16,21,43,1,2,1,22.7,23,0.046,17,1.2,23,0.2,24,2018,8,30,Cheyenne NCore,41.18222711,-104.7783342,8/30/2018
12,13,12,44,1,1,1,13.7,23,0.047,17,1.1,23,0.1,24,2018,8,31,Cheyenne NCore,41.18222711,-104.7783342,8/31/2018
9,12,9,46,1,1,1,10.4,22,0.05,17,1.1,22,0.1,24,2018,9,1,Cheyenne NCore,41.18222711,-104.7783342,9/1/2018
12,16,12,45,1,1,1,13.5,23,0.049,17,1,23,0.1,24,2018,9,2,Cheyenne NCore,41.18222711,-104.7783342,9/2/2018
14,12,14,48,1,1,1,15.5,23,0.052,17,1.1,23,0.1,24,2018,9,3,Cheyenne NCore,41.18222711,-104.7783342,9/3/2018
8,12,8,42,0,2,1,8.7,23,0.045,17,0.7,23,0.2,24,2018,9,6,Cheyenne NCore,41.18222711,-104.7783342,9/6/2018
9,12,9,45,0,1,1,10.7,22,0.049,17,0.7,21,0.1,24,2018,9,7,Cheyenne NCore,41.18222711,-104.7783342,9/7/2018
8,14,8,61,1,1,1,9.1,23,0.058,17,1.1,23,0.1,22,2018,9,8,Cheyenne NCore,41.18222711,-104.7783342,9/8/2018
14,21,14,51,0,2,1,15,23,0.055,17,0.9,23,0.2,24,2018,9,9,Cheyenne NCore,41.18222711,-104.7783342,9/9/2018
13,31,13,64,1,2,1,14.5,21,0.059,17,1.2,22,0.2,24,2018,9,10,Cheyenne NCore,41.18222711,-104.7783342,9/10/2018
19,24,19,44,1,2,1,20.9,22,0.048,17,1.2,23,0.2,24,2018,9,11,Cheyenne NCore,41.18222711,-104.7783342,9/11/2018
19,18,19,49,1,2,1,20.4,22,0.053,17,1.5,23,0.2,24,2018,9,12,Cheyenne NCore,41.18222711,-104.7783342,9/12/2018
10,25,10,43,0,2,1,11.5,19,0.046,17,0.9,21,0.2,24,2018,9,13,Cheyenne NCore,41.18222711,-104.7783342,9/13/2018
8,28,8,41,0,2,1,8,22,0.044,17,0.9,23,0.2,24,2018,9,14,Cheyenne NCore,41.18222711,-104.7783342,9/14/2018
8,24,8,48,1,1,1,8.5,23,0.052,17,1,23,0.1,24,2018,9,15,Cheyenne NCore,41.18222711,-104.7783342,9/15/2018
5,22,5,44,0,1,1,5.2,22,0.048,17,0.8,22,0.1,24,2018,9,16,Cheyenne NCore,41.18222711,-104.7783342,9/16/2018
18,19,18,37,0,2,1,19,23,0.04,17,0.8,23,0.2,24,2018,9,17,Cheyenne NCore,41.18222711,-104.7783342,9/17/2018
12,22,12,44,1,1,1,13.2,23,0.048,17,1.9,23,0.1,24,2018,9,18,Cheyenne NCore,41.18222711,-104.7783342,9/18/2018
8,18,8,32,0,1,1,8.7,22,0.035,17,0.9,22,0.1,24,2018,9,19,Cheyenne NCore,41.18222711,-104.7783342,9/19/2018
7,13,7,49,0,2,1,7,23,0.053,17,0.9,22,0.2,24,2018,9,20,Cheyenne NCore,41.18222711,-104.7783342,9/20/2018
22,16,22,47,0,2,1,23.7,22,0.051,17,0.6,22,0.2,24,2018,9,21,Cheyenne NCore,41.18222711,-104.7783342,9/21/2018
16,19,16,58,0,2,1,17.7,22,0.057,17,0.4,22,0.2,24,2018,9,22,Cheyenne NCore,41.18222711,-104.7783342,9/22/2018
7,19,7,49,0,2,1,7.7,23,0.053,17,0.4,23,0.2,24,2018,9,23,Cheyenne NCore,41.18222711,-104.7783342,9/23/2018
5,14,5,47,0,2,1,5.7,23,0.051,17,0.5,23,0.2,24,2018,9,24,Cheyenne NCore,41.18222711,-104.7783342,9/24/2018
7,10,7,41,0,1,1,7,22,0.044,17,0.3,22,0.1,24,2018,9,25,Cheyenne NCore,41.18222711,-104.7783342,9/25/2018
19,20,19,48,0,2,1,20,22,0.052,17,0.7,20,0.2,24,2018,9,26,Cheyenne NCore,41.18222711,-104.7783342,9/26/2018
3,20,3,45,0,2,1,3.2,23,0.049,17,0.6,23,0.2,24,2018,9,27,Cheyenne NCore,41.18222711,-104.7783342,9/27/2018
3,8,3,20,0,1,1,3.4,22,0.022,17,0.4,21,0.1,24,2018,9,28,Cheyenne NCore,41.18222711,-104.7783342,9/28/2018
13,9,13,34,0,1,1,14.9,23,0.037,17,0.6,22,0.1,24,2018,9,29,Cheyenne NCore,41.18222711,-104.7783342,9/29/2018
4,6,4,19,0,2,1,4.6,23,0.02,17,0.6,23,0.2,24,2018,9,30,Cheyenne NCore,41.18222711,-104.7783342,9/30/2018
24,19,24,35,1,2,1,25.2,22,0.038,17,1.1,22,0.2,24,2018,10,1,Cheyenne NCore,41.18222711,-104.7783342,10/1/2018
13,9,13,39,0,2,1,14.7,21,0.042,17,0.8,22,0.2,17,2018,10,17,Cheyenne NCore,41.18222711,-104.7783342,10/17/2018
23,9,23,38,0,1,1,24.8,22,0.041,17,0.6,22,0.1,4,2018,10,18,Cheyenne NCore,41.18222711,-104.7783342,10/18/2018
5,24,5,39,0,2,1,5.6,22,0.042,17,0.8,22,0.2,18,2018,10,23,Cheyenne NCore,41.18222711,-104.7783342,10/23/2018
8,6,8,42,0,1,1,9.5,24,0.045,17,0.6,24,0.1,24,2018,10,24,Cheyenne NCore,41.18222711,-104.7783342,10/24/2018
3,8,3,38,0,1,1,3.8,23,0.041,17,0.6,23,0.1,24,2018,10,25,Cheyenne NCore,41.18222711,-104.7783342,10/25/2018
4,9,4,41,0,1,1,4.1,22,0.044,17,0.5,22,0.1,3,2018,10,26,Cheyenne NCore,41.18222711,-104.7783342,10/26/2018
6,6,6,36,1,1,1,6.3,22,0.039,17,1,22,0.1,16,2018,10,30,Cheyenne NCore,41.18222711,-104.7783342,10/30/2018
19,11,19,35,0,2,1,20.7,22,0.038,17,0.8,23,0.2,24,2018,10,31,Cheyenne NCore,41.18222711,-104.7783342,10/31/2018
6,9,6,37,0,2,1,6.1,24,0.04,17,0.8,24,0.2,24,2018,11,1,Cheyenne NCore,41.18222711,-104.7783342,11/1/2018
18,7,18,32,0,2,1,19.9,24,0.035,17,0.6,24,0.2,24,2018,11,2,Cheyenne NCore,41.18222711,-104.7783342,11/2/2018
6,2,6,31,0,2,1,6,21,0.034,17,0.8,22,0.2,24,2018,11,3,Cheyenne NCore,41.18222711,-104.7783342,11/3/2018
12,5,12,38,0,2,1,13.3,24,0.041,17,0.8,24,0.2,24,2018,11,4,Cheyenne NCore,41.18222711,-104.7783342,11/4/2018
8,4,8,41,0,1,1,9.2,24,0.044,17,0.7,24,0.1,24,2018,11,5,Cheyenne NCore,41.18222711,-104.7783342,11/5/2018
14,4,14,40,1,2,1,15.7,22,0.043,17,1.2,23,0.2,24,2018,11,6,Cheyenne NCore,41.18222711,-104.7783342,11/6/2018
30,11,30,31,0,2,1,32.5,24,0.034,17,0.9,24,0.2,24,2018,11,7,Cheyenne NCore,41.18222711,-104.7783342,11/7/2018
10,6,10,32,0,1,1,11.1,24,0.035,17,0.6,24,0.1,24,2018,11,8,Cheyenne NCore,41.18222711,-104.7783342,11/8/2018
25,17,25,31,0,2,1,27.5,21,0.034,17,0.6,22,0.2,24,2018,11,9,Cheyenne NCore,41.18222711,-104.7783342,11/9/2018
17,10,17,44,0,2,1,18.3,24,0.047,17,0.7,24,0.2,24,2018,11,10,Cheyenne NCore,41.18222711,-104.7783342,11/10/2018
5,6,5,37,0,1,1,5.4,24,0.04,17,0.6,24,0.1,24,2018,11,11,Cheyenne NCore,41.18222711,-104.7783342,11/11/2018
4,5,4,35,0,1,1,4.4,22,0.038,17,0.6,23,0.1,24,2018,11,12,Cheyenne NCore,41.18222711,-104.7783342,11/12/2018
1,5,1,35,0,1,1,1.8,24,0.038,17,0.3,24,0.1,24,2018,11,13,Cheyenne NCore,41.18222711,-104.7783342,11/13/2018
6,4,6,36,0,1,1,6.9,24,0.039,17,0.3,24,0.1,24,2018,11,14,Cheyenne NCore,41.18222711,-104.7783342,11/14/2018
15,9,15,35,0,1,1,16.4,19,0.038,13,0.6,20,0.1,18,2018,11,15,Cheyenne NCore,41.18222711,-104.7783342,11/15/2018
16,6,16,43,0,1,1,17.9,24,0.046,17,0.7,24,0.1,24,2018,11,16,Cheyenne NCore,41.18222711,-104.7783342,11/16/2018
19,4,19,21,0,1,1,20.5,24,0.023,17,0.5,24,0.1,24,2018,11,17,Cheyenne NCore,41.18222711,-104.7783342,11/17/2018
10,4,10,39,0,1,1,11.7,22,0.042,17,0.7,23,0.1,24,2018,11,18,Cheyenne NCore,41.18222711,-104.7783342,11/18/2018
14,6,14,38,0,2,1,15.5,24,0.041,17,0.7,24,0.2,24,2018,11,19,Cheyenne NCore,41.18222711,-104.7783342,11/19/2018
24,8,24,39,0,2,1,25.9,24,0.042,17,0.5,24,0.2,24,2018,11,20,Cheyenne NCore,41.18222711,-104.7783342,11/20/2018
20,6,20,42,0,2,1,21.6,21,0.045,17,0.5,22,0.2,24,2018,11,21,Cheyenne NCore,41.18222711,-104.7783342,11/21/2018
8,5,8,39,0,1,1,9.7,24,0.042,17,0.7,24,0.1,24,2018,11,22,Cheyenne NCore,41.18222711,-104.7783342,11/22/2018
4,9,4,38,0,1,1,4.3,24,0.041,17,0.7,24,0.1,24,2018,11,23,Cheyenne NCore,41.18222711,-104.7783342,11/23/2018
8,7,8,38,1,1,1,9.5,22,0.041,17,1.4,23,0.1,24,2018,11,24,Cheyenne NCore,41.18222711,-104.7783342,11/24/2018
2,5,2,36,0,1,1,2.8,24,0.039,17,0.6,24,0.1,24,2018,11,25,Cheyenne NCore,41.18222711,-104.7783342,11/25/2018
13,7,13,38,0,2,1,14.1,24,0.041,17,0.6,24,0.2,24,2018,11,26,Cheyenne NCore,41.18222711,-104.7783342,11/26/2018
2,4,2,42,0,1,1,2.4,22,0.045,17,0.6,23,0.1,24,2018,11,27,Cheyenne NCore,41.18222711,-104.7783342,11/27/2018
10,5,10,38,0,1,1,11.5,24,0.041,17,0.6,24,0.1,24,2018,11,28,Cheyenne NCore,41.18222711,-104.7783342,11/28/2018
15,8,15,31,0,2,1,16.5,24,0.034,17,0.7,24,0.2,24,2018,11,29,Cheyenne NCore,41.18222711,-104.7783342,11/29/2018
1,5,1,32,0,1,1,1.5,24,0.035,17,0.9,24,0.1,24,2018,12,1,Cheyenne NCore,41.18222711,-104.7783342,12/1/2018
1,2,1,32,0,1,1,1.4,24,0.035,17,0.8,24,0.1,24,2018,12,2,Cheyenne NCore,41.18222711,-104.7783342,12/2/2018
15,6,15,31,0,2,1,16.2,22,0.033,17,0.5,23,0.2,24,2018,12,3,Cheyenne NCore,41.18222711,-104.7783342,12/3/2018
5,7,5,40,0,1,1,5.3,24,0.043,17,0.4,24,0.1,24,2018,12,4,Cheyenne NCore,41.18222711,-104.7783342,12/4/2018
3,6,3,42,0,1,1,3.4,24,0.045,17,0.4,24,0.1,24,2018,12,5,Cheyenne NCore,41.18222711,-104.7783342,12/5/2018
23,9,23,29,0,2,1,24.2,22,0.031,17,0.5,23,0.2,24,2018,12,6,Cheyenne NCore,41.18222711,-104.7783342,12/6/2018
25,19,25,31,0,2,1,27,24,0.033,17,0.8,24,0.2,24,2018,12,7,Cheyenne NCore,41.18222711,-104.7783342,12/7/2018
42,8,42,40,0,2,1,44.6,24,0.043,17,0.5,24,0.2,24,2018,12,8,Cheyenne NCore,41.18222711,-104.7783342,12/8/2018
4,6,4,41,0,1,1,4.6,22,0.044,17,0.4,23,0.1,24,2018,12,9,Cheyenne NCore,41.18222711,-104.7783342,12/9/2018
21,10,21,44,0,1,1,22,24,0.047,17,0.4,24,0.1,24,2018,12,10,Cheyenne NCore,41.18222711,-104.7783342,12/10/2018
13,6,13,40,0,1,1,14.4,24,0.043,17,0.6,24,0.1,24,2018,12,11,Cheyenne NCore,41.18222711,-104.7783342,12/11/2018
2,5,2,39,0,1,1,2.3,22,0.042,17,0.5,23,0.1,24,2018,12,12,Cheyenne NCore,41.18222711,-104.7783342,12/12/2018
12,7,12,36,0,1,1,13.6,24,0.039,17,0.4,24,0.1,24,2018,12,13,Cheyenne NCore,41.18222711,-104.7783342,12/13/2018
32,17,32,34,0,2,1,34.1,24,0.037,17,0.6,24,0.2,24,2018,12,14,Cheyenne NCore,41.18222711,-104.7783342,12/14/2018
20,6,20,40,0,2,1,21.1,21,0.043,17,0.6,22,0.2,24,2018,12,15,Cheyenne NCore,41.18222711,-104.7783342,12/15/2018
32,6,32,37,1,2,1,34.3,24,0.04,17,1.2,24,0.2,24,2018,12,16,Cheyenne NCore,41.18222711,-104.7783342,12/16/2018
9,7,9,39,0,2,1,10.7,21,0.042,14,0.2,22,0.2,24,2018,12,17,Cheyenne NCore,41.18222711,-104.7783342,12/17/2018
7,6,7,38,0,1,1,7.9,22,0.041,17,0.4,23,0.1,21,2018,12,18,Cheyenne NCore,41.18222711,-104.7783342,12/18/2018
2,6,2,36,0,1,1,2.2,24,0.039,17,0.4,24,0.1,24,2018,12,19,Cheyenne NCore,41.18222711,-104.7783342,12/19/2018
21,9,21,38,0,2,1,22.2,24,0.041,17,0.5,24,0.2,24,2018,12,20,Cheyenne NCore,41.18222711,-104.7783342,12/20/2018
2,9,2,37,0,2,1,2.9,21,0.04,17,0.4,22,0.2,24,2018,12,21,Cheyenne NCore,41.18222711,-104.7783342,12/21/2018
15,6,15,37,0,1,1,16.4,24,0.04,17,0.5,24,0.1,24,2018,12,22,Cheyenne NCore,41.18222711,-104.7783342,12/22/2018
5,6,5,40,0,1,1,5.8,24,0.043,17,0.4,24,0.1,24,2018,12,23,Cheyenne NCore,41.18222711,-104.7783342,12/23/2018
4,2,4,36,0,1,1,4.9,22,0.039,17,0.3,23,0.1,24,2018,12,24,Cheyenne NCore,41.18222711,-104.7783342,12/24/2018
16,9,16,32,0,2,1,17.7,24,0.035,17,0.7,24,0.2,24,2018,12,25,Cheyenne NCore,41.18222711,-104.7783342,12/25/2018
6,5,6,27,0,1,1,6.6,24,0.029,17,0.6,24,0.1,24,2018,12,26,Cheyenne NCore,41.18222711,-104.7783342,12/26/2018
1,3,1,33,0,1,1,1.5,22,0.036,17,0.6,23,0.1,24,2018,12,27,Cheyenne NCore,41.18222711,-104.7783342,12/27/2018
26,8,26,31,0,2,1,28.1,24,0.033,17,0.5,24,0.2,24,2018,12,28,Cheyenne NCore,41.18222711,-104.7783342,12/28/2018
34,10,34,38,0,2,1,36.9,24,0.041,17,0.8,24,0.2,24,2018,12,29,Cheyenne NCore,41.18222711,-104.7783342,12/29/2018
1,5,1,37,0,1,1,1,20,0.04,17,0.6,22,0.1,24,2018,12,30,Cheyenne NCore,41.18222711,-104.7783342,12/30/2018
1,4,1,33,0,1,1,1.5,24,0.036,17,0.6,24,0.1,19,2020,1,1,Cheyenne NCore,41.18222711,-104.7783342,1/1/2020
2,0,2,32,0,1,1,2.8,24,0.035,17,0.2,24,0.1,24,2020,1,2,Cheyenne NCore,41.18222711,-104.7783342,1/2/2020
4,3,4,31,0,1,1,4.2,22,0.034,17,0,23,0.1,24,2020,1,3,Cheyenne NCore,41.18222711,-104.7783342,1/3/2020
2,5,2,32,0,1,1,2.8,24,0.035,17,0,24,0.1,24,2020,1,4,Cheyenne NCore,41.18222711,-104.7783342,1/4/2020
15,6,15,31,0,2,1,16.6,22,0.034,17,-1.2,23,0.2,24,2020,1,9,Cheyenne NCore,41.18222711,-104.7783342,1/9/2020
10,4,10,28,0,2,1,11.5,24,0.03,17,-1.4,24,0.2,24,2020,1,10,Cheyenne NCore,41.18222711,-104.7783342,1/10/2020
11,5,11,36,0,2,1,12.8,24,0.039,17,-1.1,24,0.2,24,2020,1,11,Cheyenne NCore,41.18222711,-104.7783342,1/11/2020
5,0,5,33,0,1,1,5,23,0.036,17,-1.1,23,0.1,24,2020,1,12,Cheyenne NCore,41.18222711,-104.7783342,1/12/2020
20,3,20,34,0,2,1,21.2,23,0.037,17,-0.6,23,0.2,24,2020,1,13,Cheyenne NCore,41.18222711,-104.7783342,1/13/2020
26,6,26,37,1,2,1,28,24,0.04,17,1.1,24,0.2,24,2020,1,14,Cheyenne NCore,41.18222711,-104.7783342,1/14/2020
22,10,22,34,0,2,1,23.3,20,0.037,17,-1,22,0.2,24,2020,1,15,Cheyenne NCore,41.18222711,-104.7783342,1/15/2020
22,16,22,34,0,2,1,23.6,24,0.037,17,0.6,24,0.2,20,2020,1,17,Cheyenne NCore,41.18222711,-104.7783342,1/17/2020
4,6,4,38,0,1,1,4.7,21,0.041,17,0.1,22,0.1,24,2020,1,18,Cheyenne NCore,41.18222711,-104.7783342,1/18/2020
13,5,13,34,0,2,1,14,24,0.037,17,-0.3,24,0.2,24,2020,1,19,Cheyenne NCore,41.18222711,-104.7783342,1/19/2020
29,19,29,33,3,2,1,31.8,22,0.036,14,2.3,22,0.2,24,2020,1,20,Cheyenne NCore,41.18222711,-104.7783342,1/20/2020
17,13,17,30,0,2,1,18.7,19,0.032,17,0.2,20,0.2,21,2020,1,21,Cheyenne NCore,41.18222711,-104.7783342,1/21/2020
3,6,3,38,0,1,1,3.3,22,0.041,17,0,23,0.1,24,2020,1,22,Cheyenne NCore,41.18222711,-104.7783342,1/22/2020
5,3,5,35,0,1,1,5.6,24,0.038,17,-0.2,24,0.1,24,2020,1,23,Cheyenne NCore,41.18222711,-104.7783342,1/23/2020
10,4,10,31,0,2,1,11.7,22,0.034,17,0.1,23,0.2,24,2020,1,24,Cheyenne NCore,41.18222711,-104.7783342,1/24/2020
2,2,2,31,0,1,1,2.8,24,0.034,17,-0.1,24,0.1,24,2020,1,25,Cheyenne NCore,41.18222711,-104.7783342,1/25/2020
10,5,10,33,0,2,1,11.9,24,0.036,17,0,24,0.2,24,2020,1,26,Cheyenne NCore,41.18222711,-104.7783342,1/26/2020
3,4,3,36,0,1,1,3.4,21,0.039,15,-0.1,21,0.1,18,2020,1,28,Cheyenne NCore,41.18222711,-104.7783342,1/28/2020
8,4,8,30,0,2,1,9.2,24,0.032,17,-0.2,24,0.2,24,2020,1,29,Cheyenne NCore,41.18222711,-104.7783342,1/29/2020
4,2,4,34,0,2,1,4.6,22,0.037,17,0,23,0.2,24,2020,1,30,Cheyenne NCore,41.18222711,-104.7783342,1/30/2020
1,5,1,34,0,1,1,1.9,24,0.037,17,-0.2,24,0.1,24,2020,1,31,Cheyenne NCore,41.18222711,-104.7783342,1/31/2020
1,5,1,39,0,1,1,1.7,24,0.042,17,-0.3,24,0.1,24,2020,2,1,Cheyenne NCore,41.18222711,-104.7783342,2/1/2020
21,5,21,39,0,2,1,22.8,22,0.042,17,0.2,23,0.2,24,2020,2,2,Cheyenne NCore,41.18222711,-104.7783342,2/2/2020
1,2,1,30,0,1,1,1.9,23,0.032,17,0,23,0.1,24,2020,2,3,Cheyenne NCore,41.18222711,-104.7783342,2/3/2020
2,3,2,32,0,1,1,2.8,24,0.035,17,-0.2,24,0.1,24,2020,2,6,Cheyenne NCore,41.18222711,-104.7783342,2/6/2020
14,1,14,33,0,2,1,15.7,24,0.036,17,-0.5,24,0.2,24,2020,2,7,Cheyenne NCore,41.18222711,-104.7783342,2/7/2020
12,1,12,35,0,2,1,13.9,22,0.038,17,-0.2,23,0.2,24,2020,2,8,Cheyenne NCore,41.18222711,-104.7783342,2/8/2020
8,1,8,30,0,2,1,8.6,24,0.032,17,-0.6,24,0.2,24,2020,2,9,Cheyenne NCore,41.18222711,-104.7783342,2/9/2020
8,3,8,31,0,2,1,8.6,23,0.034,17,-0.7,23,0.2,24,2020,2,10,Cheyenne NCore,41.18222711,-104.7783342,2/10/2020
18,10,18,33,0,2,1,19.4,18,0.036,17,0.1,19,0.2,15,2020,2,20,Cheyenne NCore,41.18222711,-104.7783342,2/20/2020
18,7,18,39,0,2,1,19.8,24,0.042,17,0,24,0.2,24,2020,2,21,Cheyenne NCore,41.18222711,-104.7783342,2/21/2020
11,7,11,34,0,2,1,12.4,24,0.037,17,-0.1,24,0.2,24,2020,2,22,Cheyenne NCore,41.18222711,-104.7783342,2/22/2020
19,6,19,33,0,2,1,20.6,23,0.036,17,0,23,0.2,24,2020,2,23,Cheyenne NCore,41.18222711,-104.7783342,2/23/2020
3,5,3,34,0,2,1,3.2,22,0.037,17,0,22,0.2,24,2020,2,24,Cheyenne NCore,41.18222711,-104.7783342,2/24/2020
7,6,7,32,0,2,1,7.4,24,0.035,17,-0.1,24,0.2,24,2020,2,25,Cheyenne NCore,41.18222711,-104.7783342,2/25/2020
12,6,12,32,0,2,1,13,23,0.035,17,-0.1,23,0.2,24,2020,2,26,Cheyenne NCore,41.18222711,-104.7783342,2/26/2020
2,4,2,35,0,1,1,2.2,24,0.038,17,-0.2,24,0.1,24,2020,2,27,Cheyenne NCore,41.18222711,-104.7783342,2/27/2020
24,5,24,32,0,2,1,25.2,24,0.035,17,-0.2,24,0.2,24,2020,2,28,Cheyenne NCore,41.18222711,-104.7783342,2/28/2020
11,6,11,33,0,2,1,12.8,23,0.036,17,0,23,0.2,24,2020,2,29,Cheyenne NCore,41.18222711,-104.7783342,2/29/2020
5,2,5,30,0,2,1,5.2,24,0.032,17,0,24,0.2,24,2020,3,1,Cheyenne NCore,41.18222711,-104.7783342,3/1/2020
13,4,13,36,0,2,1,14.2,24,0.039,17,0.2,24,0.2,24,2020,3,2,Cheyenne NCore,41.18222711,-104.7783342,3/2/2020
7,2,7,31,0,1,1,7.3,23,0.034,17,0,23,0.1,24,2020,3,3,Cheyenne NCore,41.18222711,-104.7783342,3/3/2020
10,5,10,36,0,1,1,11,23,0.039,17,-0.1,23,0.1,24,2020,3,4,Cheyenne NCore,41.18222711,-104.7783342,3/4/2020
19,13,19,27,0,2,1,20.5,24,0.029,17,-0.1,24,0.2,24,2020,3,5,Cheyenne NCore,41.18222711,-104.7783342,3/5/2020
26,12,26,37,0,2,1,28.2,23,0.04,17,-0.1,23,0.2,24,2020,3,6,Cheyenne NCore,41.18222711,-104.7783342,3/6/2020
13,12,13,24,0,2,1,14.9,24,0.026,24,0,24,0.2,24,2020,3,7,Cheyenne NCore,41.18222711,-104.7783342,3/7/2020
3,0,3,19,0,2,1,3.3,24,0.021,17,-0.1,24,0.2,24,2020,3,14,Cheyenne NCore,41.18222711,-104.7783342,3/14/2020
15,8,15,26,0,2,1,16.3,21,0.028,17,0.2,18,0.2,24,2020,3,15,Cheyenne NCore,41.18222711,-104.7783342,3/15/2020
4,5,4,21,0,2,1,4.5,22,0.023,17,0,22,0.2,24,2020,3,16,Cheyenne NCore,41.18222711,-104.7783342,3/16/2020
23,6,23,24,0,3,1,24.7,24,0.026,17,0.3,24,0.3,24,2020,3,17,Cheyenne NCore,41.18222711,-104.7783342,3/17/2020
8,4,8,29,0,2,1,9.6,23,0.031,17,0.4,23,0.2,24,2020,3,18,Cheyenne NCore,41.18222711,-104.7783342,3/18/2020
2,3,2,31,0,2,1,2,24,0.033,17,0,24,0.2,24,2020,3,19,Cheyenne NCore,41.18222711,-104.7783342,3/19/2020
12,7,12,32,0,2,1,13.2,24,0.035,17,-0.1,24,0.2,24,2020,3,20,Cheyenne NCore,41.18222711,-104.7783342,3/20/2020
16,6,16,38,0,2,1,17.3,23,0.041,17,0,23,0.2,24,2020,3,21,Cheyenne NCore,41.18222711,-104.7783342,3/21/2020
5,3,5,38,0,2,1,5.1,24,0.041,17,0,24,0.2,24,2020,3,22,Cheyenne NCore,41.18222711,-104.7783342,3/22/2020
6,1,6,37,0,1,1,6.2,23,0.04,17,0,23,0.1,19,2020,3,24,Cheyenne NCore,41.18222711,-104.7783342,3/24/2020
17,2,17,37,0,2,1,18.6,24,0.04,17,0.1,24,0.2,24,2020,3,25,Cheyenne NCore,41.18222711,-104.7783342,3/25/2020
8,9,8,34,0,1,1,8.4,24,0.037,17,0,24,0.1,24,2020,3,26,Cheyenne NCore,41.18222711,-104.7783342,3/26/2020
1,2,1,33,0,1,1,1.1,23,0.036,17,0,23,0.1,24,2020,3,27,Cheyenne NCore,41.18222711,-104.7783342,3/27/2020
2,2,2,37,0,1,1,2.5,24,0.04,17,0,24,0.1,24,2020,3,28,Cheyenne NCore,41.18222711,-104.7783342,3/28/2020
8,2,8,38,0,1,1,8.9,24,0.041,17,0.1,24,0.1,24,2020,3,29,Cheyenne NCore,41.18222711,-104.7783342,3/29/2020
9,4,9,34,0,2,1,10.7,22,0.037,17,-0.2,22,0.2,24,2020,3,30,Cheyenne NCore,41.18222711,-104.7783342,3/30/2020
10,5,10,37,0,1,1,11.8,24,0.04,17,0,24,0.1,24,2020,3,31,Cheyenne NCore,41.18222711,-104.7783342,3/31/2020
11,7,11,35,0,2,1,12.2,24,0.038,17,0.2,24,0.2,24,2020,4,1,Cheyenne NCore,41.18222711,-104.7783342,4/1/2020
3,2,3,30,0,2,1,3.8,23,0.032,17,0,23,0.2,24,2020,4,2,Cheyenne NCore,41.18222711,-104.7783342,4/2/2020
18,10,18,33,0,2,1,19.8,24,0.036,17,0.1,24,0.2,24,2020,4,3,Cheyenne NCore,41.18222711,-104.7783342,4/3/2020
9,10,9,36,0,2,1,10,24,0.039,17,0.2,24,0.2,24,2020,4,4,Cheyenne NCore,41.18222711,-104.7783342,4/4/2020
20,9,20,37,0,2,1,21,23,0.04,17,0.4,23,0.2,24,2020,4,5,Cheyenne NCore,41.18222711,-104.7783342,4/5/2020
8,7,8,41,0,2,1,8.2,24,0.044,17,0,24,0.2,24,2020,4,6,Cheyenne NCore,41.18222711,-104.7783342,4/6/2020
10,8,10,38,0,2,1,11.7,24,0.041,17,0,24,0.2,24,2020,4,7,Cheyenne NCore,41.18222711,-104.7783342,4/7/2020
8,14,8,36,0,2,1,9.1,24,0.039,17,-0.2,18,0.2,19,2020,4,9,Cheyenne NCore,41.18222711,-104.7783342,4/9/2020
21,12,21,40,0,2,1,22.7,24,0.043,17,0,24,0.2,24,2020,4,10,Cheyenne NCore,41.18222711,-104.7783342,4/10/2020
2,6,2,40,0,1,1,2.1,23,0.043,17,0.1,23,0.1,24,2020,4,11,Cheyenne NCore,41.18222711,-104.7783342,4/11/2020
1,2,1,32,0,1,1,1,24,0.035,17,-0.1,24,0.1,24,2020,4,12,Cheyenne NCore,41.18222711,-104.7783342,4/12/2020
8,4,8,35,0,2,1,8.8,23,0.038,17,-0.3,23,0.2,24,2020,4,13,Cheyenne NCore,41.18222711,-104.7783342,4/13/2020
3,8,3,37,0,2,1,3,23,0.04,17,-0.2,23,0.2,24,2020,4,14,Cheyenne NCore,41.18222711,-104.7783342,4/14/2020
4,5,4,31,0,2,1,4.9,24,0.034,17,-0.1,24,0.2,24,2020,4,15,Cheyenne NCore,41.18222711,-104.7783342,4/15/2020
5,6,5,37,0,2,1,5.7,24,0.04,17,-0.2,24,0.2,24,2020,4,16,Cheyenne NCore,41.18222711,-104.7783342,4/16/2020
15,6,15,38,0,2,1,16.5,23,0.041,17,0.4,23,0.2,24,2020,4,17,Cheyenne NCore,41.18222711,-104.7783342,4/17/2020
8,5,8,36,0,2,1,9.5,24,0.039,17,0,24,0.2,24,2020,4,18,Cheyenne NCore,41.18222711,-104.7783342,4/18/2020
3,5,3,36,0,2,1,3.9,24,0.039,17,0,24,0.2,24,2020,4,19,Cheyenne NCore,41.18222711,-104.7783342,4/19/2020
8,6,8,39,0,2,1,8.1,22,0.042,17,0,22,0.2,24,2020,4,20,Cheyenne NCore,41.18222711,-104.7783342,4/20/2020
10,10,10,44,0,1,1,11,24,0.047,17,0.1,24,0.1,24,2020,4,21,Cheyenne NCore,41.18222711,-104.7783342,4/21/2020
12,9,12,39,0,2,1,13.3,24,0.042,17,0.3,24,0.2,24,2020,4,22,Cheyenne NCore,41.18222711,-104.7783342,4/22/2020
2,6,2,35,0,2,1,2.2,18,0.038,18,0.1,18,0.2,18,2020,4,23,Cheyenne NCore,41.18222711,-104.7783342,4/23/2020
1,2,1,33,0,2,1,1.4,24,0.036,17,0.1,24,0.2,24,2020,4,24,Cheyenne NCore,41.18222711,-104.7783342,4/24/2020
8,5,8,39,0,2,1,8.6,24,0.042,17,0.1,24,0.2,24,2020,4,25,Cheyenne NCore,41.18222711,-104.7783342,4/25/2020
7,6,7,33,0,2,1,7.3,23,0.036,17,0.2,23,0.2,24,2020,4,26,Cheyenne NCore,41.18222711,-104.7783342,4/26/2020
3,8,3,39,0,2,1,3.2,23,0.042,17,0.2,23,0.2,24,2020,4,27,Cheyenne NCore,41.18222711,-104.7783342,4/27/2020
1,6,1,41,0,2,1,1.3,24,0.044,17,0.3,24,0.2,24,2020,4,28,Cheyenne NCore,41.18222711,-104.7783342,4/28/2020
9,18,9,43,0,2,1,10.5,23,0.046,17,0.7,23,0.2,24,2020,4,29,Cheyenne NCore,41.18222711,-104.7783342,4/29/2020
11,15,11,35,0,2,1,12.2,24,0.038,17,0.6,24,0.2,24,2020,4,30,Cheyenne NCore,41.18222711,-104.7783342,4/30/2020
2,7,2,36,0,2,1,2.2,24,0.039,17,0.4,24,0.2,24,2020,5,1,Cheyenne NCore,41.18222711,-104.7783342,5/1/2020
6,6,6,31,0,2,1,6.4,23,0.033,17,0.5,23,0.2,24,2020,5,2,Cheyenne NCore,41.18222711,-104.7783342,5/2/2020
6,6,6,38,0,2,1,6.3,24,0.041,17,0.5,24,0.2,24,2020,5,3,Cheyenne NCore,41.18222711,-104.7783342,5/3/2020
3,6,3,42,0,2,1,3.8,23,0.045,17,0.3,23,0.2,24,2020,5,4,Cheyenne NCore,41.18222711,-104.7783342,5/4/2020
3,6,3,46,0,1,1,3.9,23,0.05,17,0.2,23,0.1,24,2020,5,5,Cheyenne NCore,41.18222711,-104.7783342,5/5/2020
14,13,14,44,0,2,1,15.8,24,0.048,17,0.5,24,0.2,24,2020,5,6,Cheyenne NCore,41.18222711,-104.7783342,5/6/2020
8,23,8,50,0,2,1,9.4,24,0.054,17,0.5,24,0.2,24,2020,5,7,Cheyenne NCore,41.18222711,-104.7783342,5/7/2020
3,9,3,39,0,2,1,3,23,0.042,17,0.5,23,0.2,24,2020,5,8,Cheyenne NCore,41.18222711,-104.7783342,5/8/2020
1,5,1,33,0,2,1,1.8,24,0.036,17,0.5,24,0.2,24,2020,5,9,Cheyenne NCore,41.18222711,-104.7783342,5/9/2020
4,10,4,38,0,2,1,4.5,24,0.041,17,0.5,24,0.2,24,2020,5,10,Cheyenne NCore,41.18222711,-104.7783342,5/10/2020
4,12,4,27,0,2,1,4.5,22,0.029,17,0.8,22,0.2,24,2020,5,11,Cheyenne NCore,41.18222711,-104.7783342,5/11/2020
5,7,5,31,1,2,1,5,24,0.034,17,1,24,0.2,24,2020,5,12,Cheyenne NCore,41.18222711,-104.7783342,5/12/2020
8,12,8,39,1,2,1,9.9,24,0.042,17,1,24,0.2,24,2020,5,13,Cheyenne NCore,41.18222711,-104.7783342,5/13/2020
5,4,5,42,0,2,1,5.1,24,0.045,17,0.4,24,0.2,24,2020,5,16,Cheyenne NCore,41.18222711,-104.7783342,5/16/2020
8,6,8,42,0,2,1,8.6,23,0.045,17,0.4,23,0.2,24,2020,5,17,Cheyenne NCore,41.18222711,-104.7783342,5/17/2020
6,16,6,46,0,2,1,6.3,22,0.05,17,0.7,22,0.2,24,2020,5,18,Cheyenne NCore,41.18222711,-104.7783342,5/18/2020
12,26,12,58,0,2,1,13.4,24,0.057,17,0.8,24,0.2,24,2020,5,19,Cheyenne NCore,41.18222711,-104.7783342,5/19/2020
4,24,4,48,0,2,1,4.6,23,0.052,17,0.7,23,0.2,24,2020,5,20,Cheyenne NCore,41.18222711,-104.7783342,5/20/2020
6,11,6,49,0,1,1,6,24,0.053,17,0.6,24,0.1,24,2020,5,21,Cheyenne NCore,41.18222711,-104.7783342,5/21/2020
10,16,10,67,0,2,1,11.4,24,0.06,17,0.8,24,0.2,24,2020,5,22,Cheyenne NCore,41.18222711,-104.7783342,5/22/2020
4,9,4,46,0,2,1,4.8,23,0.05,17,0.8,23,0.2,24,2020,5,23,Cheyenne NCore,41.18222711,-104.7783342,5/23/2020
5,2,5,30,0,2,1,5.9,24,0.032,17,0.5,24,0.2,24,2020,5,24,Cheyenne NCore,41.18222711,-104.7783342,5/24/2020
8,3,8,35,0,1,1,8,23,0.038,17,0.6,23,0.1,24,2020,5,25,Cheyenne NCore,41.18222711,-104.7783342,5/25/2020
8,8,8,26,1,1,1,8.7,24,0.028,17,1.1,24,0.1,21,2020,5,27,Cheyenne NCore,41.18222711,-104.7783342,5/27/2020
5,8,5,28,0,2,1,5.4,24,0.03,17,0.4,24,0.2,24,2020,5,28,Cheyenne NCore,41.18222711,-104.7783342,5/28/2020
18,19,18,40,0,2,1,19.4,22,0.043,17,0.6,22,0.2,24,2020,5,29,Cheyenne NCore,41.18222711,-104.7783342,5/29/2020
8,19,8,37,0,2,1,9.8,24,0.04,17,0.8,24,0.2,24,2020,5,30,Cheyenne NCore,41.18222711,-104.7783342,5/30/2020
10,18,10,32,0,2,1,11.9,24,0.035,17,0.7,24,0.2,24,2020,5,31,Cheyenne NCore,41.18222711,-104.7783342,5/31/2020
6,11,6,32,0,2,1,6,21,0.035,17,0.7,21,0.2,24,2020,6,1,Cheyenne NCore,41.18222711,-104.7783342,6/1/2020
5,21,5,33,1,2,1,5.6,23,0.036,17,1,23,0.2,24,2020,6,2,Cheyenne NCore,41.18222711,-104.7783342,6/2/2020
10,15,10,29,0,2,1,11.2,23,0.031,17,0.8,23,0.2,24,2020,6,3,Cheyenne NCore,41.18222711,-104.7783342,6/3/2020
3,14,3,30,0,1,1,3.3,24,0.032,17,0.6,24,0.1,24,2020,6,4,Cheyenne NCore,41.18222711,-104.7783342,6/4/2020
5,20,5,36,0,1,1,5.8,22,0.039,17,0.7,22,0.1,24,2020,6,5,Cheyenne NCore,41.18222711,-104.7783342,6/5/2020
10,30,10,30,1,2,1,11.7,23,0.032,17,1.2,23,0.2,24,2020,6,6,Cheyenne NCore,41.18222711,-104.7783342,6/6/2020
8,14,8,37,1,2,1,9.3,24,0.04,17,1.1,24,0.2,24,2020,6,7,Cheyenne NCore,41.18222711,-104.7783342,6/7/2020
2,9,2,33,0,1,1,2.2,23,0.036,17,0.8,23,0.1,24,2020,6,8,Cheyenne NCore,41.18222711,-104.7783342,6/8/2020
2,6,2,28,0,1,1,2.9,23,0.03,17,0.6,23,0.1,24,2020,6,9,Cheyenne NCore,41.18222711,-104.7783342,6/9/2020
8,7,8,26,0,1,1,8.5,24,0.028,17,0.5,24,0.1,24,2020,6,10,Cheyenne NCore,41.18222711,-104.7783342,6/10/2020
8,25,8,42,0,1,1,8.7,23,0.045,17,0.7,23,0.1,24,2020,6,12,Cheyenne NCore,41.18222711,-104.7783342,6/12/2020
8,25,8,39,0,1,1,8.7,24,0.042,17,0.8,24,0.1,24,2020,6,13,Cheyenne NCore,41.18222711,-104.7783342,6/13/2020
7,13,7,41,0,1,1,7.1,24,0.044,17,0.9,24,0.1,24,2020,6,14,Cheyenne NCore,41.18222711,-104.7783342,6/14/2020
6,25,6,41,0,1,1,6.9,22,0.044,17,0.8,22,0.1,24,2020,6,15,Cheyenne NCore,41.18222711,-104.7783342,6/15/2020
8,28,8,41,1,1,1,9.9,22,0.044,19,1,22,0.1,24,2020,6,16,Cheyenne NCore,41.18222711,-104.7783342,6/16/2020
8,19,8,32,1,1,1,8,23,0.035,17,1.2,23,0.1,19,2020,6,17,Cheyenne NCore,41.18222711,-104.7783342,6/17/2020
8,9,8,28,0,1,1,8.2,23,0.03,17,0.9,23,0.1,24,2020,6,18,Cheyenne NCore,41.18222711,-104.7783342,6/18/2020
10,8,10,28,1,2,1,11.8,23,0.03,17,1.2,23,0.2,24,2020,6,19,Cheyenne NCore,41.18222711,-104.7783342,6/19/2020
13,10,13,31,1,2,1,14.7,24,0.033,17,1,24,0.2,24,2020,6,20,Cheyenne NCore,41.18222711,-104.7783342,6/20/2020
4,7,4,24,1,1,1,4.3,24,0.026,17,1.2,24,0.1,24,2020,6,21,Cheyenne NCore,41.18222711,-104.7783342,6/21/2020
5,7,5,30,1,1,1,5.6,22,0.032,17,1.1,22,0.1,24,2020,6,22,Cheyenne NCore,41.18222711,-104.7783342,6/22/2020
11,9,11,27,1,1,1,12.5,24,0.029,17,1.2,24,0.1,23,2020,6,24,Cheyenne NCore,41.18222711,-104.7783342,6/24/2020
13,9,13,27,1,1,1,14.6,23,0.029,17,1.1,23,0.1,24,2020,6,25,Cheyenne NCore,41.18222711,-104.7783342,6/25/2020
11,7,11,29,1,1,1,12.5,24,0.031,17,1,24,0.1,24,2020,6,26,Cheyenne NCore,41.18222711,-104.7783342,6/26/2020
13,8,13,36,1,1,1,14.7,24,0.039,17,1.4,24,0.1,24,2020,6,27,Cheyenne NCore,41.18222711,-104.7783342,6/27/2020
8,12,8,30,3,1,1,9.3,23,0.032,17,2.2,23,0.1,24,2020,6,28,Cheyenne NCore,41.18222711,-104.7783342,6/28/2020
11,22,11,34,1,1,1,12.5,23,0.037,17,1.8,23,0.1,24,2020,6,29,Cheyenne NCore,41.18222711,-104.7783342,6/29/2020
3,10,3,32,1,1,1,3.8,24,0.035,17,1.3,24,0.1,24,2020,6,30,Cheyenne NCore,41.18222711,-104.7783342,6/30/2020
5,22,5,38,1,1,1,5.9,23,0.041,17,1.1,23,0.1,24,2020,7,1,Cheyenne NCore,41.18222711,-104.7783342,7/1/2020
5,36,5,36,1,2,1,5.5,24,0.039,17,1.1,24,0.2,24,2020,7,2,Cheyenne NCore,41.18222711,-104.7783342,7/2/2020
6,26,6,31,1,1,1,6.8,24,0.034,17,1.3,24,0.1,24,2020,7,3,Cheyenne NCore,41.18222711,-104.7783342,7/3/2020
10,16,10,29,1,2,1,11.2,23,0.031,17,1.1,23,0.2,24,2020,7,4,Cheyenne NCore,41.18222711,-104.7783342,7/4/2020
13,12,13,31,1,2,1,14.4,24,0.034,17,1.5,24,0.2,24,2020,7,5,Cheyenne NCore,41.18222711,-104.7783342,7/5/2020
14,13,14,32,1,2,1,15.4,23,0.035,17,1.3,23,0.2,24,2020,7,6,Cheyenne NCore,41.18222711,-104.7783342,7/6/2020
12,20,12,31,1,2,1,13.4,23,0.034,17,1.7,23,0.2,24,2020,7,7,Cheyenne NCore,41.18222711,-104.7783342,7/7/2020
6,27,6,34,1,2,1,6.5,24,0.037,17,1.4,24,0.2,24,2020,7,8,Cheyenne NCore,41.18222711,-104.7783342,7/8/2020
5,26,5,35,1,2,1,5.5,24,0.038,17,1.3,24,0.2,24,2020,7,9,Cheyenne NCore,41.18222711,-104.7783342,7/9/2020
7,29,7,42,1,3,1,7.5,23,0.045,17,1.5,23,0.3,16,2020,7,10,Cheyenne NCore,41.18222711,-104.7783342,7/10/2020
4,21,4,36,1,2,1,4.3,24,0.039,17,1.4,24,0.2,24,2020,7,11,Cheyenne NCore,41.18222711,-104.7783342,7/11/2020
12,19,12,31,1,3,1,13.2,24,0.034,17,1.7,24,0.3,16,2020,7,12,Cheyenne NCore,41.18222711,-104.7783342,7/12/2020
14,16,14,29,1,3,1,15.6,21,0.031,17,1.7,21,0.3,24,2020,7,13,Cheyenne NCore,41.18222711,-104.7783342,7/13/2020
5,18,5,31,1,3,1,5.4,24,0.033,17,1.5,24,0.3,24,2020,7,14,Cheyenne NCore,41.18222711,-104.7783342,7/14/2020
7,14,7,30,1,3,1,7.5,24,0.032,17,1.4,24,0.3,24,2020,7,15,Cheyenne NCore,41.18222711,-104.7783342,7/15/2020
14,21,14,37,1,3,1,15.8,23,0.04,17,1.6,23,0.3,24,2020,7,16,Cheyenne NCore,41.18222711,-104.7783342,7/16/2020
13,19,13,32,1,3,1,14,24,0.035,17,1.7,24,0.3,24,2020,7,17,Cheyenne NCore,41.18222711,-104.7783342,7/17/2020
7,18,7,30,1,3,1,7.2,24,0.032,17,1.7,24,0.3,24,2020,7,18,Cheyenne NCore,41.18222711,-104.7783342,7/18/2020
6,26,6,32,1,3,1,6.5,22,0.035,17,1.6,22,0.3,24,2020,7,19,Cheyenne NCore,41.18222711,-104.7783342,7/19/2020
8,19,8,31,1,3,1,9.1,24,0.034,17,1.8,24,0.3,24,2020,7,20,Cheyenne NCore,41.18222711,-104.7783342,7/20/2020
8,14,8,44,3,0,1,9.7,22,0.048,17,2,22,0,17,2020,7,22,Cheyenne NCore,41.18222711,-104.7783342,7/22/2020
5,10,5,33,1,0,1,5.7,23,0.036,17,1.6,23,0,24,2020,7,23,Cheyenne NCore,41.18222711,-104.7783342,7/23/2020
14,9,14,31,1,0,1,15,23,0.034,17,1.9,23,0,24,2020,7,24,Cheyenne NCore,41.18222711,-104.7783342,7/24/2020
11,12,11,34,3,0,1,12,24,0.037,17,2,24,0,24,2020,7,25,Cheyenne NCore,41.18222711,-104.7783342,7/25/2020
5,12,5,32,1,0,1,5.5,24,0.035,17,1.9,24,0,24,2020,7,26,Cheyenne NCore,41.18222711,-104.7783342,7/26/2020
4,14,4,40,1,0,1,4.4,20,0.043,15,1.8,20,0,23,2020,7,27,Cheyenne NCore,41.18222711,-104.7783342,7/27/2020
16,9,16,34,1,3,1,17.6,24,0.037,17,1.9,24,0.3,23,2020,7,28,Cheyenne NCore,41.18222711,-104.7783342,7/28/2020
11,8,11,33,1,3,1,12.4,22,0.036,24,1.9,22,0.3,24,2020,7,29,Cheyenne NCore,41.18222711,-104.7783342,7/29/2020
7,31,7,7,4,3,1,7.1,24,0.008,24,3,24,0.3,17,2020,8,25,Cheyenne NCore,41.18222711,-104.7783342,8/25/2020
14,20,14,11,4,2,1,15.6,23,0.012,24,3.7,23,0.2,18,2020,8,26,Cheyenne NCore,41.18222711,-104.7783342,8/26/2020
10,18,10,32,3,2,1,11.6,20,0.035,19,2,20,0.2,22,2020,8,27,Cheyenne NCore,41.18222711,-104.7783342,8/27/2020
11,24,11,48,1,2,1,12.6,23,0.052,17,1.9,23,0.2,21,2020,8,28,Cheyenne NCore,41.18222711,-104.7783342,8/28/2020
8,14,8,50,4,2,1,8.1,23,0.054,17,3.7,23,0.2,24,2020,8,29,Cheyenne NCore,41.18222711,-104.7783342,8/29/2020
3,22,3,61,1,1,1,3.4,24,0.058,17,1.8,24,0.1,24,2020,8,30,Cheyenne NCore,41.18222711,-104.7783342,8/30/2020
12,21,12,46,3,1,1,13.4,24,0.05,17,2.1,24,0.1,24,2020,8,31,Cheyenne NCore,41.18222711,-104.7783342,8/31/2020
17,12,17,43,3,1,1,18.6,19,0.046,14,2.5,19,0.1,12,2020,9,2,Cheyenne NCore,41.18222711,-104.7783342,9/2/2020
8,57,8,48,3,1,1,9.9,24,0.052,17,2.7,24,0.1,24,2020,9,3,Cheyenne NCore,41.18222711,-104.7783342,9/3/2020
10,6,10,25,0,1,1,11.7,24,0.027,17,0.5,24,0.1,24,2020,9,9,Cheyenne NCore,41.18222711,-104.7783342,9/9/2020
14,10,14,34,0,1,1,15.9,24,0.037,17,0.6,24,0.1,24,2020,9,10,Cheyenne NCore,41.18222711,-104.7783342,9/10/2020
18,10,18,42,1,1,1,19.3,23,0.045,17,1.1,23,0.1,24,2020,9,11,Cheyenne NCore,41.18222711,-104.7783342,9/11/2020
10,6,10,44,0,1,1,11.1,24,0.047,17,0.7,24,0.1,24,2020,9,12,Cheyenne NCore,41.18222711,-104.7783342,9/12/2020
10,8,10,47,1,1,1,11.7,24,0.051,17,1.1,24,0.1,24,2020,9,13,Cheyenne NCore,41.18222711,-104.7783342,9/13/2020
14,16,14,58,0,1,1,15.6,23,0.057,17,0.8,23,0.1,24,2020,9,14,Cheyenne NCore,41.18222711,-104.7783342,9/14/2020
5,20,5,49,0,1,1,5.5,24,0.053,17,0.7,24,0.1,24,2020,9,15,Cheyenne NCore,41.18222711,-104.7783342,9/15/2020
11,60,11,51,1,5,1,12.9,24,0.055,17,1.1,24,0.4,24,2020,9,16,Cheyenne NCore,41.18222711,-104.7783342,9/16/2020
9,58,9,64,1,5,1,10.9,23,0.059,17,1.3,23,0.4,24,2020,9,17,Cheyenne NCore,41.18222711,-104.7783342,9/17/2020
16,66,16,87,1,3,1,17.4,24,0.066,17,1,24,0.3,24,2020,9,18,Cheyenne NCore,41.18222711,-104.7783342,9/18/2020
12,40,12,58,0,3,1,13.1,24,0.057,17,0.9,24,0.3,24,2020,9,19,Cheyenne NCore,41.18222711,-104.7783342,9/19/2020
4,33,4,50,0,3,1,4.8,23,0.054,17,0.8,23,0.3,24,2020,9,20,Cheyenne NCore,41.18222711,-104.7783342,9/20/2020
10,44,10,49,1,2,1,11.4,24,0.053,17,1.1,24,0.2,24,2020,9,21,Cheyenne NCore,41.18222711,-104.7783342,9/21/2020
6,44,6,61,1,2,1,6,24,0.058,17,1.4,24,0.2,24,2020,9,22,Cheyenne NCore,41.18222711,-104.7783342,9/22/2020
3,39,3,50,1,2,1,3,23,0.054,17,1.7,23,0.2,24,2020,9,23,Cheyenne NCore,41.18222711,-104.7783342,9/23/2020
20,39,20,61,3,3,1,21.1,24,0.058,17,2.7,24,0.3,24,2020,9,24,Cheyenne NCore,41.18222711,-104.7783342,9/24/2020
14,51,14,47,4,2,1,15.7,24,0.051,17,3.2,24,0.2,24,2020,9,25,Cheyenne NCore,41.18222711,-104.7783342,9/25/2020
3,10,3,41,3,1,1,3.8,24,0.044,17,2.9,21,0.1,24,2020,9,27,Cheyenne NCore,41.18222711,-104.7783342,9/27/2020
2,22,2,39,1,2,1,2.3,22,0.042,17,1.4,22,0.2,20,2020,9,29,Cheyenne NCore,41.18222711,-104.7783342,9/29/2020
1,14,1,41,1,1,1,1.7,24,0.044,17,1.3,24,0.1,24,2020,9,30,Cheyenne NCore,41.18222711,-104.7783342,9/30/2020
14,28,14,43,1,1,1,15.8,24,0.046,17,1.7,24,0.1,24,2020,10,1,Cheyenne NCore,41.18222711,-104.7783342,10/1/2020
10,31,10,46,1,1,1,11.1,23,0.05,17,1.4,23,0.1,24,2020,10,2,Cheyenne NCore,41.18222711,-104.7783342,10/2/2020
9,19,9,42,1,1,1,10.2,24,0.045,17,1.3,24,0.1,24,2020,10,3,Cheyenne NCore,41.18222711,-104.7783342,10/3/2020
8,78,8,67,1,6,1,9.8,23,0.06,17,1.8,23,0.5,24,2020,10,8,Cheyenne NCore,41.18222711,-104.7783342,10/8/2020
10,52,10,48,1,5,1,11.2,24,0.052,17,1.3,24,0.4,24,2020,10,9,Cheyenne NCore,41.18222711,-104.7783342,10/9/2020
13,49,13,50,3,2,1,14.7,24,0.054,17,2.3,24,0.2,24,2020,10,10,Cheyenne NCore,41.18222711,-104.7783342,10/10/2020
7,63,7,46,1,2,1,7.1,23,0.05,17,1.2,23,0.2,24,2020,10,11,Cheyenne NCore,41.18222711,-104.7783342,10/11/2020
1,41,1,46,0,1,1,1.5,24,0.05,17,0.9,24,0.1,24,2020,10,12,Cheyenne NCore,41.18222711,-104.7783342,10/12/2020
10,21,10,43,1,1,1,11.6,24,0.046,17,1,24,0.1,24,2020,10,13,Cheyenne NCore,41.18222711,-104.7783342,10/13/2020
3,41,3,39,1,1,1,3.2,23,0.042,17,1,23,0.1,24,2020,10,14,Cheyenne NCore,41.18222711,-104.7783342,10/14/2020
8,6,8,37,1,1,1,9.4,24,0.04,17,1,24,0.1,24,2020,10,15,Cheyenne NCore,41.18222711,-104.7783342,10/15/2020
12,31,12,36,1,1,1,13.7,24,0.039,17,1.2,24,0.1,24,2020,10,16,Cheyenne NCore,41.18222711,-104.7783342,10/16/2020
1,44,1,28,1,1,1,1.1,23,0.03,17,1.1,23,0.1,24,2020,10,17,Cheyenne NCore,41.18222711,-104.7783342,10/17/2020
11,6,11,19,1,1,1,12.2,24,0.021,17,1.1,24,0.1,24,2020,10,18,Cheyenne NCore,41.18222711,-104.7783342,10/18/2020
16,18,16,32,1,1,1,17.8,24,0.035,17,1.3,24,0.1,24,2020,10,19,Cheyenne NCore,41.18222711,-104.7783342,10/19/2020
8,11,8,35,1,1,1,9.5,23,0.038,17,1.2,23,0.1,24,2020,10,20,Cheyenne NCore,41.18222711,-104.7783342,10/20/2020
23,33,23,37,1,2,1,24.9,24,0.04,17,1.4,24,0.2,24,2020,10,21,Cheyenne NCore,41.18222711,-104.7783342,10/21/2020
2,5,2,29,1,1,1,2.7,24,0.031,17,1.2,24,0.1,24,2020,10,22,Cheyenne NCore,41.18222711,-104.7783342,10/22/2020
8,15,8,26,1,1,1,8.1,23,0.028,17,1.4,23,0.1,24,2020,10,23,Cheyenne NCore,41.18222711,-104.7783342,10/23/2020
9,21,9,30,1,1,1,10.9,24,0.032,17,1.3,24,0.1,24,2020,10,24,Cheyenne NCore,41.18222711,-104.7783342,10/24/2020
1,13,1,34,1,1,1,1.5,24,0.037,17,1.1,24,0.1,24,2020,10,25,Cheyenne NCore,41.18222711,-104.7783342,10/25/2020
26,6,26,48,1,2,1,28.9,22,0.052,17,1.3,22,0.2,24,2020,10,26,Cheyenne NCore,41.18222711,-104.7783342,10/26/2020
8,8,8,51,1,2,1,8.9,24,0.055,17,1.9,24,0.2,24,2020,10,27,Cheyenne NCore,41.18222711,-104.7783342,10/27/2020
3,2,3,40,1,1,1,3.8,24,0.043,17,1.1,24,0.1,24,2020,10,28,Cheyenne NCore,41.18222711,-104.7783342,10/28/2020
14,6,14,33,1,1,1,15.9,23,0.036,17,1.9,23,0.1,24,2020,10,29,Cheyenne NCore,41.18222711,-104.7783342,10/29/2020
22,7,22,36,1,1,1,23.9,24,0.039,17,1.4,24,0.1,24,2020,10,30,Cheyenne NCore,41.18222711,-104.7783342,10/30/2020
17,9,17,37,1,1,1,18.6,24,0.04,17,1.2,24,0.1,24,2020,10,31,Cheyenne NCore,41.18222711,-104.7783342,10/31/2020
10,14,10,39,1,1,1,11.4,23,0.042,17,1,23,0.1,24,2020,11,1,Cheyenne NCore,41.18222711,-104.7783342,11/1/2020
18,7,18,41,0,1,1,19.8,24,0.044,17,0.9,24,0.1,24,2020,11,2,Cheyenne NCore,41.18222711,-104.7783342,11/2/2020
8,9,8,37,1,1,1,9.5,24,0.04,17,1,24,0.1,24,2020,11,3,Cheyenne NCore,41.18222711,-104.7783342,11/3/2020
5,22,5,39,1,0,1,5.1,23,0.042,17,1,23,0,24,2020,11,4,Cheyenne NCore,41.18222711,-104.7783342,11/4/2020
26,17,26,36,1,1,1,28.5,24,0.039,17,1.4,24,0.1,23,2020,11,6,Cheyenne NCore,41.18222711,-104.7783342,11/6/2020
16,28,16,31,1,1,1,17.3,23,0.034,17,1.9,23,0.1,24,2020,11,7,Cheyenne NCore,41.18222711,-104.7783342,11/7/2020
6,8,6,47,1,1,1,6.8,24,0.051,17,1.8,24,0.1,24,2020,11,8,Cheyenne NCore,41.18222711,-104.7783342,11/8/2020
18,3,18,25,1,1,1,19.8,24,0.027,17,1.5,24,0.1,24,2020,11,9,Cheyenne NCore,41.18222711,-104.7783342,11/9/2020
4,6,4,36,1,1,1,4.1,23,0.039,17,1.4,23,0.1,24,2020,11,10,Cheyenne NCore,41.18222711,-104.7783342,11/10/2020
4,2,4,40,1,1,1,4.1,24,0.043,17,1.2,24,0.1,24,2020,11,11,Cheyenne NCore,41.18222711,-104.7783342,11/11/2020
14,6,14,37,1,1,1,15.9,24,0.04,17,1.1,24,0.1,24,2020,11,12,Cheyenne NCore,41.18222711,-104.7783342,11/12/2020
20,18,20,42,1,2,1,21.3,23,0.045,17,1.5,23,0.2,24,2020,11,13,Cheyenne NCore,41.18222711,-104.7783342,11/13/2020
1,24,1,38,1,1,1,1.1,24,0.041,17,1.5,24,0.1,24,2020,11,14,Cheyenne NCore,41.18222711,-104.7783342,11/14/2020
2,5,2,36,1,1,1,2.4,24,0.039,17,1.1,24,0.1,24,2020,11,15,Cheyenne NCore,41.18222711,-104.7783342,11/15/2020
16,8,16,35,1,1,1,17.9,21,0.038,17,1.1,21,0.1,24,2020,11,16,Cheyenne NCore,41.18222711,-104.7783342,11/16/2020
32,9,32,32,1,1,1,34.4,24,0.035,17,1.6,24,0.1,24,2020,11,17,Cheyenne NCore,41.18222711,-104.7783342,11/17/2020
3,22,3,35,1,1,1,3.1,23,0.038,17,1.2,23,0.1,21,2020,11,19,Cheyenne NCore,41.18222711,-104.7783342,11/19/2020
8,9,8,35,1,1,1,9.8,24,0.038,17,1.2,24,0.1,24,2020,11,20,Cheyenne NCore,41.18222711,-104.7783342,11/20/2020
12,9,12,37,1,1,1,13.9,24,0.04,17,1.2,24,0.1,24,2020,11,21,Cheyenne NCore,41.18222711,-104.7783342,11/21/2020
21,13,21,33,1,2,1,22.7,23,0.036,17,1.3,23,0.2,24,2020,11,22,Cheyenne NCore,41.18222711,-104.7783342,11/22/2020
18,8,18,36,1,2,1,19.5,24,0.039,17,1.6,24,0.2,24,2020,11,23,Cheyenne NCore,41.18222711,-104.7783342,11/23/2020
20,6,20,40,1,2,1,21.7,23,0.043,17,1.6,23,0.2,20,2020,11,25,Cheyenne NCore,41.18222711,-104.7783342,11/25/2020
9,1,9,32,1,2,1,10.7,24,0.035,17,1.7,24,0.2,24,2020,11,26,Cheyenne NCore,41.18222711,-104.7783342,11/26/2020
19,6,19,31,1,2,1,20.8,24,0.034,17,1.6,24,0.2,24,2020,11,27,Cheyenne NCore,41.18222711,-104.7783342,11/27/2020
3,5,3,37,1,2,1,3.3,23,0.04,17,1.1,23,0.2,24,2020,11,28,Cheyenne NCore,41.18222711,-104.7783342,11/28/2020
19,6,19,36,1,2,1,20.8,24,0.039,17,1,24,0.2,24,2020,11,29,Cheyenne NCore,41.18222711,-104.7783342,11/29/2020
20,7,20,41,1,2,1,21.7,23,0.044,17,1.1,23,0.2,24,2020,11,30,Cheyenne NCore,41.18222711,-104.7783342,11/30/2020
1,3,1,46,0,1,1,1.3,24,0.05,17,0.2,24,0.1,24,2020,12,3,Cheyenne NCore,41.18222711,-104.7783342,12/3/2020
1,6,1,41,0,0,1,1.6,23,0.044,17,0.1,23,0,24,2020,12,4,Cheyenne NCore,41.18222711,-104.7783342,12/4/2020
3,7,3,39,0,0,1,3,24,0.042,17,-0.1,24,0,24,2020,12,5,Cheyenne NCore,41.18222711,-104.7783342,12/5/2020
5,5,5,37,0,0,1,5.6,24,0.04,17,-0.1,24,0,24,2020,12,6,Cheyenne NCore,41.18222711,-104.7783342,12/6/2020
3,9,3,39,0,1,1,3.5,22,0.042,17,-0.3,22,0.1,24,2020,12,7,Cheyenne NCore,41.18222711,-104.7783342,12/7/2020
9,15,9,39,0,1,1,10.9,24,0.042,17,-0.2,24,0.1,24,2020,12,8,Cheyenne NCore,41.18222711,-104.7783342,12/8/2020
22,9,22,40,0,1,1,23,24,0.043,17,0,24,0.1,24,2020,12,9,Cheyenne NCore,41.18222711,-104.7783342,12/9/2020
2,2,2,29,0,1,1,2,23,0.031,17,0.3,23,0.1,24,2020,12,10,Cheyenne NCore,41.18222711,-104.7783342,12/10/2020
26,1,26,37,0,1,1,28,24,0.04,17,0,24,0.1,24,2020,12,11,Cheyenne NCore,41.18222711,-104.7783342,12/11/2020
20,5,20,31,0,1,1,21.1,24,0.034,17,0.5,24,0.1,24,2020,12,12,Cheyenne NCore,41.18222711,-104.7783342,12/12/2020
32,6,32,31,1,2,1,34.9,23,0.034,17,1.3,23,0.2,24,2020,12,13,Cheyenne NCore,41.18222711,-104.7783342,12/13/2020
24,3,24,39,0,2,1,25.7,23,0.042,17,0.6,23,0.2,24,2020,12,14,Cheyenne NCore,41.18222711,-104.7783342,12/14/2020
8,4,8,37,0,1,1,8.4,21,0.04,14,0.6,21,0.1,18,2020,12,15,Cheyenne NCore,41.18222711,-104.7783342,12/15/2020
7,6,7,37,0,1,1,7.9,23,0.04,17,0.2,23,0.1,24,2020,12,16,Cheyenne NCore,41.18222711,-104.7783342,12/16/2020
40,8,40,37,0,2,1,42.6,24,0.04,17,0.7,24,0.2,24,2020,12,17,Cheyenne NCore,41.18222711,-104.7783342,12/17/2020
9,2,9,35,0,2,1,10.7,24,0.038,17,0.2,24,0.2,24,2020,12,18,Cheyenne NCore,41.18222711,-104.7783342,12/18/2020
6,6,6,41,0,1,1,6.3,23,0.044,17,0.1,23,0.1,24,2020,12,19,Cheyenne NCore,41.18222711,-104.7783342,12/19/2020
6,4,6,40,0,1,1,6,24,0.043,17,0.1,24,0.1,24,2020,12,20,Cheyenne NCore,41.18222711,-104.7783342,12/20/2020
22,1,22,31,0,1,1,23.3,23,0.034,17,0.1,23,0.1,24,2020,12,21,Cheyenne NCore,41.18222711,-104.7783342,12/21/2020
14,9,14,36,0,1,1,15.4,23,0.039,17,0.6,23,0.1,24,2020,12,22,Cheyenne NCore,41.18222711,-104.7783342,12/22/2020
1,9,1,35,0,1,1,1.5,24,0.038,17,0.2,24,0.1,24,2020,12,23,Cheyenne NCore,41.18222711,-104.7783342,12/23/2020
2,7,2,39,0,1,1,2.2,24,0.042,17,0,24,0.1,24,2020,12,24,Cheyenne NCore,41.18222711,-104.7783342,12/24/2020
10,2,10,38,0,1,1,11.9,23,0.041,17,0.1,23,0.1,24,2020,12,25,Cheyenne NCore,41.18222711,-104.7783342,12/25/2020
4,3,4,39,0,1,1,4.2,24,0.042,17,0.3,24,0.1,24,2020,12,26,Cheyenne NCore,41.18222711,-104.7783342,12/26/2020
2,1,2,34,0,1,1,2.3,24,0.037,17,0.2,24,0.1,24,2020,12,27,Cheyenne NCore,41.18222711,-104.7783342,12/27/2020
9,4,9,29,0,1,1,10.3,22,0.031,17,0.2,21,0.1,24,2020,12,28,Cheyenne NCore,41.18222711,-104.7783342,12/28/2020
14,4,14,41,0,1,1,15.1,24,0.044,17,0.2,24,0.1,24,2020,12,30,Cheyenne NCore,41.18222711,-104.7783342,12/30/2020
