Day-Result,D-AQI,PM10 AQI,NO2 AQI,Ozone AQI,SO2 AQI,CO AQI,DMean PM10,PM-WEIGHT,DMax NO2,NO2-WEIGHT,DMax Ozone,OZONE-WEIGHT,DMax SO2,SO2-WEIGHT,DMax CO,CO-WEIGHT,Year,Month,Day,Site Name,Lat,Lng,Date
Good,34,16,33,34,0,9,17,1,35.7,23,0.037,17,0.6,24,0.8,18,2016,1,1,Los Angeles-North Main Street,34.06659,-118.22688,1/1/2016
Good,34,16,33,34,0,9,17,1,35.7,23,0.037,17,0.6,24,0.8,19,2016,1,1,Los Angeles-North Main Street,34.06659,-118.22688,1/1/2016
Good,33,6,33,28,0,3,7,1,35.9,18,0.03,13,0,24,0.3,24,2016,1,7,Los Angeles-North Main Street,34.06659,-118.22688,1/7/2016
Good,44,20,44,16,0,11,22,1,47.6,22,0.017,17,0.9,24,1,24,2016,1,13,Los Angeles-North Main Street,34.06659,-118.22688,1/13/2016
Good,44,20,44,16,0,11,22,1,47.6,22,0.017,17,0.9,24,1,24,2016,1,13,Los Angeles-North Main Street,34.06659,-118.22688,1/13/2016
Good,25,17,25,16,0,8,18,1,27.9,22,0.017,17,0.3,24,0.7,24,2016,1,19,Los Angeles-North Main Street,34.06659,-118.22688,1/19/2016
Good,25,17,25,16,0,8,18,1,27.9,22,0.017,17,0.3,24,0.7,24,2016,1,19,Los Angeles-North Main Street,34.06659,-118.22688,1/19/2016
Good,43,24,43,25,0,10,26,1,46.3,23,0.027,17,0.5,24,0.9,24,2016,1,25,Los Angeles-North Main Street,34.06659,-118.22688,1/25/2016
Good,43,24,43,25,0,9,26,1,46.3,23,0.027,17,0.5,24,0.8,24,2016,1,25,Los Angeles-North Main Street,34.06659,-118.22688,1/25/2016
Good,33,9,18,33,0,3,10,1,19.8,23,0.036,17,0.2,24,0.3,24,2016,1,31,Los Angeles-North Main Street,34.06659,-118.22688,1/31/2016
Good,46,16,46,34,0,11,17,1,49.6,23,0.037,17,0.5,24,1,24,2016,2,6,Los Angeles-North Main Street,34.06659,-118.22688,2/6/2016
Moderate Pollution,58,35,58,41,0,15,38,1,61.7,22,0.044,17,0.7,24,1.3,24,2016,2,12,Los Angeles-North Main Street,34.06659,-118.22688,2/12/2016
Good,37,12,37,31,0,6,13,1,39.7,23,0.033,17,0.1,24,0.5,24,2016,2,18,Los Angeles-North Main Street,34.06659,-118.22688,2/18/2016
Moderate Pollution,51,20,51,41,0,8,22,1,54.5,23,0.044,17,0.4,24,0.7,24,2016,2,24,Los Angeles-North Main Street,34.06659,-118.22688,2/24/2016
Good,38,11,25,38,0,5,12,1,27.3,23,0.041,17,0,24,0.4,24,2016,3,7,Los Angeles-North Main Street,34.06659,-118.22688,3/7/2016
Good,38,11,25,38,0,5,12,1,27.3,23,0.041,17,0,24,0.4,24,2016,3,7,Los Angeles-North Main Street,34.06659,-118.22688,3/7/2016
Good,39,18,21,39,0,6,19,1,22.7,23,0.042,17,0.4,24,0.5,24,2016,3,13,Los Angeles-North Main Street,34.06659,-118.22688,3/13/2016
Good,39,18,21,39,0,5,19,1,22.7,23,0.042,17,0.4,24,0.4,24,2016,3,13,Los Angeles-North Main Street,34.06659,-118.22688,3/13/2016
Moderate Pollution,51,38,26,51,0,6,41,1,28,23,0.055,17,0.3,24,0.5,24,2016,3,19,Los Angeles-North Main Street,34.06659,-118.22688,3/19/2016
Moderate Pollution,51,38,26,51,0,6,41,1,28,23,0.055,17,0.3,24,0.5,24,2016,3,19,Los Angeles-North Main Street,34.06659,-118.22688,3/19/2016
Good,42,26,39,42,1,10,28,1,41.9,23,0.045,17,1,24,0.9,24,2016,3,25,Los Angeles-North Main Street,34.06659,-118.22688,3/25/2016
Good,42,26,39,42,1,9,28,1,41.9,23,0.045,17,1,24,0.8,24,2016,3,25,Los Angeles-North Main Street,34.06659,-118.22688,3/25/2016
Good,38,23,29,38,0,8,25,1,31.8,23,0.041,17,0.6,24,0.7,24,2016,3,31,Los Angeles-North Main Street,34.06659,-118.22688,3/31/2016
Good,38,23,29,38,0,8,25,1,31.8,23,0.041,17,0.6,24,0.7,24,2016,3,31,Los Angeles-North Main Street,34.06659,-118.22688,3/31/2016
Good,43,24,39,43,0,8,26,1,41.9,22,0.046,17,0.4,24,0.7,24,2016,4,6,Los Angeles-North Main Street,34.06659,-118.22688,4/6/2016
Good,43,24,39,43,0,8,26,1,41.9,22,0.046,17,0.4,24,0.7,24,2016,4,6,Los Angeles-North Main Street,34.06659,-118.22688,4/6/2016
Good,34,17,27,34,0,7,18,1,29.5,21,0.037,14,0.5,24,0.6,21,2016,4,12,Los Angeles-North Main Street,34.06659,-118.22688,4/12/2016
Good,34,17,27,34,0,6,18,1,29.5,21,0.037,14,0.5,24,0.5,24,2016,4,12,Los Angeles-North Main Street,34.06659,-118.22688,4/12/2016
Moderate Pollution,74,24,50,74,1,8,26,1,53.6,23,0.062,17,1.1,24,0.7,24,2016,4,18,Los Angeles-North Main Street,34.06659,-118.22688,4/18/2016
Moderate Pollution,74,24,50,74,1,8,26,1,53.6,23,0.062,17,1.1,24,0.7,24,2016,4,18,Los Angeles-North Main Street,34.06659,-118.22688,4/18/2016
Moderate Pollution,54,26,25,54,0,6,28,1,26.9,22,0.056,17,0.4,24,0.5,24,2016,4,24,Los Angeles-North Main Street,34.06659,-118.22688,4/24/2016
Moderate Pollution,54,26,25,54,0,5,28,1,26.9,22,0.056,17,0.4,24,0.4,24,2016,4,24,Los Angeles-North Main Street,34.06659,-118.22688,4/24/2016
Good,45,22,17,45,0,3,24,1,18.8,23,0.049,17,0.2,24,0.3,24,2016,4,30,Los Angeles-North Main Street,34.06659,-118.22688,4/30/2016
Good,45,22,17,45,0,3,24,1,18.8,23,0.049,17,0.2,24,0.3,24,2016,4,30,Los Angeles-North Main Street,34.06659,-118.22688,4/30/2016
Good,37,9,25,37,0,3,10,1,26.6,23,0.04,17,0.1,24,0.3,24,2016,5,7,Los Angeles-North Main Street,34.06659,-118.22688,5/7/2016
Good,37,9,25,37,0,5,10,1,26.6,23,0.04,17,0.1,24,0.4,24,2016,5,7,Los Angeles-North Main Street,34.06659,-118.22688,5/7/2016
Good,40,17,20,40,0,3,18,1,21.2,21,0.043,14,0.3,24,0.3,21,2016,5,18,Los Angeles-North Main Street,34.06659,-118.22688,5/18/2016
Good,40,17,20,40,0,3,18,1,21.2,21,0.043,14,0.3,24,0.3,19,2016,5,18,Los Angeles-North Main Street,34.06659,-118.22688,5/18/2016
Good,31,12,19,31,0,3,13,1,20.9,21,0.033,14,0.7,24,0.3,21,2016,5,24,Los Angeles-North Main Street,34.06659,-118.22688,5/24/2016
Good,31,12,19,31,0,2,13,1,20.9,21,0.033,14,0.7,24,0.2,24,2016,5,24,Los Angeles-North Main Street,34.06659,-118.22688,5/24/2016
Good,46,15,9,46,0,3,16,1,10.7,23,0.05,17,0.3,24,0.3,24,2016,5,30,Los Angeles-North Main Street,34.06659,-118.22688,5/30/2016
Good,46,15,9,46,0,2,16,1,10.7,23,0.05,17,0.3,24,0.2,24,2016,5,30,Los Angeles-North Main Street,34.06659,-118.22688,5/30/2016
Good,43,11,17,43,0,3,12,1,18.5,22,0.046,17,0.3,24,0.3,24,2016,6,5,Los Angeles-North Main Street,34.06659,-118.22688,6/5/2016
Good,43,11,17,43,0,3,12,1,18.5,22,0.046,17,0.3,24,0.3,24,2016,6,5,Los Angeles-North Main Street,34.06659,-118.22688,6/5/2016
Good,27,6,11,27,0,2,7,1,12.3,21,0.029,14,0.3,24,0.2,21,2016,6,11,Los Angeles-North Main Street,34.06659,-118.22688,6/11/2016
Good,27,6,11,27,0,2,7,1,12.3,21,0.029,14,0.3,24,0.2,24,2016,6,11,Los Angeles-North Main Street,34.06659,-118.22688,6/11/2016
Moderate Pollution,112,42,38,112,1,8,45,1,40.1,22,0.074,17,1.9,24,0.7,21,2016,6,17,Los Angeles-North Main Street,34.06659,-118.22688,6/17/2016
Moderate Pollution,112,42,38,112,1,8,45,1,40.1,22,0.074,17,1.9,24,0.7,24,2016,6,17,Los Angeles-North Main Street,34.06659,-118.22688,6/17/2016
Good,42,27,17,42,0,3,29,1,18.4,22,0.045,17,0.9,24,0.3,24,2016,6,23,Los Angeles-North Main Street,34.06659,-118.22688,6/23/2016
Good,42,27,17,42,0,3,29,1,18.4,22,0.045,17,0.9,24,0.3,24,2016,6,23,Los Angeles-North Main Street,34.06659,-118.22688,6/23/2016
Moderate Pollution,54,28,34,54,0,6,30,1,36.2,21,0.056,14,0.9,24,0.5,24,2016,6,29,Los Angeles-North Main Street,34.06659,-118.22688,6/29/2016
Moderate Pollution,54,28,34,54,0,6,30,1,36.2,21,0.056,14,0.9,24,0.5,24,2016,6,29,Los Angeles-North Main Street,34.06659,-118.22688,6/29/2016
Good,44,18,19,44,0,3,19,1,20.9,19,0.047,14,0.6,24,0.3,21,2016,7,5,Los Angeles-North Main Street,34.06659,-118.22688,7/5/2016
Good,44,18,19,44,0,3,19,1,20.9,19,0.047,14,0.6,24,0.3,24,2016,7,5,Los Angeles-North Main Street,34.06659,-118.22688,7/5/2016
Good,46,27,18,46,0,3,29,1,19.4,21,0.05,14,0.7,23,0.3,21,2016,7,11,Los Angeles-North Main Street,34.06659,-118.22688,7/11/2016
Good,46,27,18,46,0,3,29,1,19.4,21,0.05,14,0.7,23,0.3,24,2016,7,11,Los Angeles-North Main Street,34.06659,-118.22688,7/11/2016
Good,48,18,9,48,0,3,19,1,10.8,23,0.052,17,0.8,23,0.3,24,2016,7,17,Los Angeles-North Main Street,34.06659,-118.22688,7/17/2016
Good,48,18,9,48,0,2,19,1,10.8,23,0.052,17,0.8,23,0.2,24,2016,7,17,Los Angeles-North Main Street,34.06659,-118.22688,7/17/2016
Moderate Pollution,71,44,42,71,3,7,48,1,44.4,22,0.061,17,2.3,24,0.6,24,2016,7,23,Los Angeles-North Main Street,34.06659,-118.22688,7/23/2016
Moderate Pollution,71,44,42,71,3,7,48,1,44.4,22,0.061,17,2.3,24,0.6,24,2016,7,23,Los Angeles-North Main Street,34.06659,-118.22688,7/23/2016
Good,44,21,21,44,0,3,23,1,22.4,24,0.048,17,0.6,24,0.3,24,2016,8,4,Los Angeles-North Main Street,34.06659,-118.22688,8/4/2016
Good,44,21,21,44,0,3,23,1,22.4,24,0.048,17,0.6,24,0.3,24,2016,8,4,Los Angeles-North Main Street,34.06659,-118.22688,8/4/2016
Good,50,22,24,50,1,5,24,1,25,24,0.054,17,1.1,24,0.4,24,2016,8,10,Los Angeles-North Main Street,34.06659,-118.22688,8/10/2016
Good,50,22,24,50,1,5,24,1,25,24,0.054,17,1.1,24,0.4,24,2016,8,10,Los Angeles-North Main Street,34.06659,-118.22688,8/10/2016
Good,43,27,31,43,1,7,29,1,33.5,24,0.046,17,1.5,24,0.6,24,2016,8,22,Los Angeles-North Main Street,34.06659,-118.22688,8/22/2016
Good,43,27,31,43,1,7,29,1,33.5,24,0.046,17,1.5,24,0.6,24,2016,8,22,Los Angeles-North Main Street,34.06659,-118.22688,8/22/2016
Good,47,22,21,47,0,5,24,1,22.4,24,0.051,17,0.6,24,0.4,24,2016,8,28,Los Angeles-North Main Street,34.06659,-118.22688,8/28/2016
Good,47,22,21,47,0,5,24,1,22.4,24,0.051,17,0.6,24,0.4,24,2016,8,28,Los Angeles-North Main Street,34.06659,-118.22688,8/28/2016
Good,41,22,11,41,0,2,24,1,12.2,24,0.044,17,0.4,24,0.2,24,2016,9,3,Los Angeles-North Main Street,34.06659,-118.22688,9/3/2016
Good,41,22,11,41,0,2,24,1,12.2,24,0.044,17,0.4,24,0.2,24,2016,9,3,Los Angeles-North Main Street,34.06659,-118.22688,9/3/2016
Good,44,26,17,44,0,3,28,1,18.3,24,0.048,17,0.4,24,0.3,24,2016,9,9,Los Angeles-North Main Street,34.06659,-118.22688,9/9/2016
Good,44,26,17,44,0,3,28,1,18.3,24,0.048,17,0.4,24,0.3,24,2016,9,9,Los Angeles-North Main Street,34.06659,-118.22688,9/9/2016
Good,40,26,26,40,1,7,28,1,28.3,24,0.043,17,1.2,24,0.6,24,2016,9,15,Los Angeles-North Main Street,34.06659,-118.22688,9/15/2016
Good,40,26,26,40,1,7,28,1,28.3,24,0.043,17,1.2,24,0.6,24,2016,9,15,Los Angeles-North Main Street,34.06659,-118.22688,9/15/2016
Moderate Pollution,51,38,42,51,1,7,41,1,45.8,24,0.055,17,1.1,24,0.6,24,2016,9,27,Los Angeles-North Main Street,34.06659,-118.22688,9/27/2016
Moderate Pollution,51,38,42,51,1,6,41,1,45.8,24,0.055,17,1.1,24,0.5,24,2016,9,27,Los Angeles-North Main Street,34.06659,-118.22688,9/27/2016
Good,39,30,33,39,0,6,32,1,35.5,24,0.042,17,0.6,24,0.5,24,2016,10,3,Los Angeles-North Main Street,34.06659,-118.22688,10/3/2016
Good,39,30,33,39,0,6,32,1,35.5,24,0.042,17,0.6,24,0.5,24,2016,10,3,Los Angeles-North Main Street,34.06659,-118.22688,10/3/2016
Moderate Pollution,97,24,37,97,0,10,26,1,39.6,24,0.069,17,0.7,24,0.9,24,2016,10,9,Los Angeles-North Main Street,34.06659,-118.22688,10/9/2016
Moderate Pollution,97,24,37,97,0,10,26,1,39.6,24,0.069,17,0.7,24,0.9,24,2016,10,9,Los Angeles-North Main Street,34.06659,-118.22688,10/9/2016
Good,28,16,14,28,0,3,17,1,15.8,24,0.03,17,0.8,24,0.3,24,2016,10,15,Los Angeles-North Main Street,34.06659,-118.22688,10/15/2016
Good,28,16,14,28,0,3,17,1,15.8,24,0.03,17,0.8,24,0.3,24,2016,10,15,Los Angeles-North Main Street,34.06659,-118.22688,10/15/2016
Good,45,32,45,39,1,10,35,1,48.8,24,0.042,17,1.2,24,0.9,24,2016,10,21,Los Angeles-North Main Street,34.06659,-118.22688,10/21/2016
Good,45,32,45,39,1,9,35,1,48.8,24,0.042,17,1.2,24,0.8,24,2016,10,21,Los Angeles-North Main Street,34.06659,-118.22688,10/21/2016
Moderate Pollution,51,30,51,23,0,10,32,1,54.9,24,0.025,17,0.9,24,0.9,24,2016,10,27,Los Angeles-North Main Street,34.06659,-118.22688,10/27/2016
Moderate Pollution,51,30,51,23,0,10,32,1,54.9,24,0.025,17,0.9,24,0.9,24,2016,10,27,Los Angeles-North Main Street,34.06659,-118.22688,10/27/2016
Good,49,25,49,26,1,11,27,1,52.2,24,0.028,17,1.2,24,1,24,2016,11,2,Los Angeles-North Main Street,34.06659,-118.22688,11/2/2016
Good,49,25,49,26,1,11,27,1,52.2,24,0.028,17,1.2,24,1,24,2016,11,2,Los Angeles-North Main Street,34.06659,-118.22688,11/2/2016
Moderate Pollution,56,30,56,38,0,13,32,1,59.5,24,0.041,17,0.9,24,1.1,24,2016,11,8,Los Angeles-North Main Street,34.06659,-118.22688,11/8/2016
Moderate Pollution,56,30,56,38,0,13,32,1,59.5,24,0.041,17,0.9,24,1.1,24,2016,11,8,Los Angeles-North Main Street,34.06659,-118.22688,11/8/2016
Good,45,27,45,41,0,10,29,1,48.4,24,0.044,17,0.9,24,0.9,24,2016,11,14,Los Angeles-North Main Street,34.06659,-118.22688,11/14/2016
Good,45,27,45,41,0,10,29,1,48.4,24,0.044,17,0.9,24,0.9,24,2016,11,14,Los Angeles-North Main Street,34.06659,-118.22688,11/14/2016
Good,32,22,32,26,1,14,24,1,34.9,24,0.028,17,1.1,24,1.2,24,2016,11,20,Los Angeles-North Main Street,34.06659,-118.22688,11/20/2016
Good,32,22,32,26,1,14,24,1,34.9,24,0.028,17,1.1,24,1.2,24,2016,11,20,Los Angeles-North Main Street,34.06659,-118.22688,11/20/2016
Good,34,21,34,33,0,15,23,1,36.8,24,0.036,17,0.9,24,1.3,24,2016,11,26,Los Angeles-North Main Street,34.06659,-118.22688,11/26/2016
Good,34,21,34,33,0,15,23,1,36.8,24,0.036,17,0.9,24,1.3,24,2016,11,26,Los Angeles-North Main Street,34.06659,-118.22688,11/26/2016
Good,35,33,35,29,0,13,36,1,37.7,24,0.031,17,0.7,24,1.1,24,2016,12,8,Los Angeles-North Main Street,34.06659,-118.22688,12/8/2016
Good,35,33,35,29,0,9,36,1,37.7,24,0.031,17,0.7,24,0.8,24,2016,12,8,Los Angeles-North Main Street,34.06659,-118.22688,12/8/2016
Moderate Pollution,55,55,42,14,0,14,64,1,45.2,24,0.015,17,0.9,18,1.2,24,2016,12,14,Los Angeles-North Main Street,34.06659,-118.22688,12/14/2016
Good,47,26,47,19,0,9,28,1,50.1,22,0.021,17,0.6,24,0.8,24,2016,12,20,Los Angeles-North Main Street,34.06659,-118.22688,12/20/2016
Good,31,18,31,29,0,10,19,1,33.2,24,0.031,17,0.6,24,0.9,24,2016,12,26,Los Angeles-North Main Street,34.06659,-118.22688,12/26/2016
Good,31,18,31,29,0,9,19,1,33.2,24,0.031,17,0.6,24,0.8,24,2016,12,26,Los Angeles-North Main Street,34.06659,-118.22688,12/26/2016
Good,37,14,37,29,3,7,15,1,39.2,22,0.031,17,2.5,21,0.6,24,2016,1,7,Long Beach (Hudson),33.8025,-118.22,1/7/2016
Good,48,41,48,16,4,20,44,1,51.3,23,0.017,17,3.3,22,1.8,24,2016,1,13,Long Beach (Hudson),33.8025,-118.22,1/13/2016
Good,26,24,26,18,0,7,26,1,28.9,22,0.019,17,0.9,22,0.6,24,2016,1,19,Long Beach (Hudson),33.8025,-118.22,1/19/2016
Good,40,40,40,20,1,14,43,1,42,23,0.022,17,1.6,22,1.2,24,2016,1,25,Long Beach (Hudson),33.8025,-118.22,1/25/2016
Good,31,22,12,31,1,2,24,1,13.9,23,0.034,17,1.1,22,0.2,24,2016,1,31,Long Beach (Hudson),33.8025,-118.22,1/31/2016
Moderate Pollution,73,50,73,27,14,25,54,1,75.6,23,0.029,17,10.2,22,2.2,24,2016,2,12,Long Beach (Hudson),33.8025,-118.22,2/12/2016
Good,34,24,34,31,1,3,26,1,36.1,23,0.033,17,1.5,22,0.3,24,2016,2,18,Long Beach (Hudson),33.8025,-118.22,2/18/2016
Good,48,41,48,33,4,8,44,1,51.8,21,0.036,17,3.5,22,0.7,24,2016,2,24,Long Beach (Hudson),33.8025,-118.22,2/24/2016
Good,43,37,43,36,3,6,40,1,46.1,21,0.039,17,2.8,21,0.5,23,2016,3,1,Long Beach (Hudson),33.8025,-118.22,3/1/2016
Good,33,25,29,33,1,2,27,1,31.8,23,0.036,17,1,22,0.2,24,2016,3,7,Long Beach (Hudson),33.8025,-118.22,3/7/2016
Good,34,16,23,34,1,6,17,1,24.2,23,0.037,17,1.3,22,0.5,24,2016,3,13,Long Beach (Hudson),33.8025,-118.22,3/13/2016
Good,46,22,18,46,1,3,24,1,19,23,0.05,17,1.5,22,0.3,24,2016,3,19,Long Beach (Hudson),33.8025,-118.22,3/19/2016
Good,39,25,32,39,1,9,27,1,34.3,23,0.042,17,1.6,22,0.8,24,2016,3,25,Long Beach (Hudson),33.8025,-118.22,3/25/2016
Good,35,35,33,34,6,7,38,1,35.1,23,0.037,17,4.4,21,0.6,24,2016,3,31,Long Beach (Hudson),33.8025,-118.22,3/31/2016
Good,36,30,36,28,7,7,32,1,38.1,22,0.03,17,5.2,22,0.6,24,2016,4,6,Long Beach (Hudson),33.8025,-118.22,4/6/2016
Good,27,23,25,27,4,6,25,1,26.6,22,0.029,17,3.3,22,0.5,24,2016,4,12,Long Beach (Hudson),33.8025,-118.22,4/12/2016
Good,47,29,47,45,3,10,31,1,50,23,0.049,17,2.9,23,0.9,24,2016,4,18,Long Beach (Hudson),33.8025,-118.22,4/18/2016
Good,43,27,15,43,1,5,29,1,16.7,23,0.046,17,1.2,23,0.4,24,2016,4,24,Long Beach (Hudson),33.8025,-118.22,4/24/2016
Good,42,21,10,42,1,2,23,1,11.9,23,0.045,17,1.5,23,0.2,24,2016,4,30,Long Beach (Hudson),33.8025,-118.22,4/30/2016
Good,32,11,22,32,0,3,12,1,23.8,23,0.035,17,0.8,22,0.3,24,2016,5,6,Long Beach (Hudson),33.8025,-118.22,5/6/2016
Good,36,20,23,36,4,3,22,1,24.1,23,0.039,17,3.4,22,0.3,24,2016,5,12,Long Beach (Hudson),33.8025,-118.22,5/12/2016
Good,34,23,20,34,1,3,25,1,21.2,23,0.037,17,1.5,22,0.3,24,2016,5,18,Long Beach (Hudson),33.8025,-118.22,5/18/2016
Good,26,18,17,26,3,2,19,1,18.1,22,0.028,17,2,22,0.2,24,2016,5,24,Long Beach (Hudson),33.8025,-118.22,5/24/2016
Good,40,15,9,40,1,2,16,1,10.4,23,0.043,17,1.5,22,0.2,24,2016,5,30,Long Beach (Hudson),33.8025,-118.22,5/30/2016
Good,31,10,10,31,3,1,11,1,11.3,22,0.034,17,2,22,0.1,24,2016,6,5,Long Beach (Hudson),33.8025,-118.22,6/5/2016
Good,28,7,7,28,0,1,8,1,7.6,22,0.03,17,0.2,22,0.1,24,2016,6,11,Long Beach (Hudson),33.8025,-118.22,6/11/2016
Moderate Pollution,51,45,38,51,10,7,49,1,40.2,22,0.055,17,7.1,22,0.6,24,2016,6,17,Long Beach (Hudson),33.8025,-118.22,6/17/2016
Good,27,23,17,27,7,2,25,1,18,22,0.029,17,5.1,22,0.2,24,2016,6,23,Long Beach (Hudson),33.8025,-118.22,6/23/2016
Good,32,29,22,32,6,2,31,1,23.1,22,0.035,17,4.9,22,0.2,24,2016,6,29,Long Beach (Hudson),33.8025,-118.22,6/29/2016
Good,37,18,11,37,1,2,19,1,12.8,22,0.04,17,1.6,21,0.2,24,2016,7,5,Long Beach (Hudson),33.8025,-118.22,7/5/2016
Good,32,29,17,32,1,1,31,1,18.9,22,0.035,17,1.9,21,0.1,24,2016,7,11,Long Beach (Hudson),33.8025,-118.22,7/11/2016
Good,38,17,11,38,4,1,18,1,12,21,0.041,14,3.1,21,0.1,24,2016,7,17,Long Beach (Hudson),33.8025,-118.22,7/17/2016
Good,34,33,24,34,1,2,36,1,25.3,21,0.037,14,1.8,21,0.2,24,2016,7,23,Long Beach (Hudson),33.8025,-118.22,7/23/2016
Good,31,27,25,31,7,3,29,1,27.6,22,0.034,17,5.6,21,0.3,21,2016,7,29,Long Beach (Hudson),33.8025,-118.22,7/29/2016
Good,29,24,20,29,3,1,26,1,21.5,21,0.031,14,2.4,21,0.1,21,2016,8,4,Long Beach (Hudson),33.8025,-118.22,8/4/2016
Good,39,24,19,39,4,2,26,1,20.4,21,0.042,14,3.7,21,0.2,21,2016,8,10,Long Beach (Hudson),33.8025,-118.22,8/10/2016
Good,32,28,18,32,7,2,30,1,19.3,21,0.035,14,5.4,21,0.2,21,2016,8,16,Long Beach (Hudson),33.8025,-118.22,8/16/2016
Good,29,25,25,29,4,3,27,1,26.7,21,0.031,14,3.8,21,0.3,21,2016,8,22,Long Beach (Hudson),33.8025,-118.22,8/22/2016
Good,38,25,18,38,4,2,27,1,19.7,21,0.041,14,3.3,21,0.2,21,2016,8,28,Long Beach (Hudson),33.8025,-118.22,8/28/2016
Good,31,18,9,31,3,1,19,1,10.2,24,0.034,17,2,24,0.1,24,2016,9,3,Long Beach (Hudson),33.8025,-118.22,9/3/2016
Good,34,31,13,34,1,2,33,1,14.6,24,0.037,17,1.1,24,0.2,24,2016,9,9,Long Beach (Hudson),33.8025,-118.22,9/9/2016
Good,31,31,25,26,7,7,33,1,27.5,24,0.028,17,5.9,24,0.6,24,2016,9,15,Long Beach (Hudson),33.8025,-118.22,9/15/2016
Good,35,29,35,30,3,7,31,1,37.1,24,0.032,17,2.4,24,0.6,24,2016,9,21,Long Beach (Hudson),33.8025,-118.22,9/21/2016
Moderate Pollution,56,51,56,41,6,10,55,1,59.2,24,0.044,17,4.6,24,0.9,24,2016,9,27,Long Beach (Hudson),33.8025,-118.22,9/27/2016
Good,48,48,31,32,1,7,52,1,33.5,24,0.035,17,1.5,24,0.6,24,2016,10,3,Long Beach (Hudson),33.8025,-118.22,10/3/2016
Moderate Pollution,64,27,40,64,10,11,29,1,42.4,24,0.059,17,7.9,24,1,24,2016,10,9,Long Beach (Hudson),33.8025,-118.22,10/9/2016
Good,19,16,12,19,3,1,17,1,13.6,24,0.021,17,2.5,24,0.1,24,2016,10,15,Long Beach (Hudson),33.8025,-118.22,10/15/2016
Moderate Pollution,58,45,58,8,6,10,49,1,61.7,24,0.009,17,4.8,24,0.9,24,2016,10,27,Long Beach (Hudson),33.8025,-118.22,10/27/2016
Moderate Pollution,70,52,70,30,7,16,58,1,72.4,24,0.032,17,5,24,1.4,24,2016,11,8,Long Beach (Hudson),33.8025,-118.22,11/8/2016
Moderate Pollution,69,49,69,20,11,15,53,1,71.8,24,0.022,17,8.9,24,1.3,24,2016,11,14,Long Beach (Hudson),33.8025,-118.22,11/14/2016
Good,29,16,29,23,1,8,17,1,31.2,24,0.025,17,1.4,24,0.7,24,2016,11,20,Long Beach (Hudson),33.8025,-118.22,11/20/2016
Good,36,22,34,36,3,16,24,1,36.7,24,0.039,17,2.2,24,1.4,24,2016,11,26,Long Beach (Hudson),33.8025,-118.22,11/26/2016
Good,50,50,44,23,3,16,54,1,47.8,24,0.025,17,2.4,24,1.4,24,2016,12,2,Long Beach (Hudson),33.8025,-118.22,12/2/2016
Good,40,38,40,23,6,16,41,1,42.6,24,0.025,17,4.5,24,1.4,24,2016,12,8,Long Beach (Hudson),33.8025,-118.22,12/8/2016
Moderate Pollution,54,47,54,11,9,15,51,1,57.7,24,0.012,17,6.4,24,1.3,24,2016,12,14,Long Beach (Hudson),33.8025,-118.22,12/14/2016
Moderate Pollution,63,61,63,13,3,11,75,1,65.4,24,0.014,17,2.1,24,1,24,2016,12,20,Long Beach (Hudson),33.8025,-118.22,12/20/2016
Good,39,22,39,28,1,11,24,1,41.4,24,0.03,17,1,24,1,24,2016,12,26,Long Beach (Hudson),33.8025,-118.22,12/26/2016
Good,37,11,20,37,0,1,12,1,21.9,23,0.04,17,0.8,23,0.1,18,2016,1,1,LAX Hastings,33.95507,-118.43049,1/1/2016
Good,40,13,32,40,1,2,14,1,34.6,23,0.043,17,1.1,23,0.2,24,2016,1,7,LAX Hastings,33.95507,-118.43049,1/7/2016
Good,37,17,37,31,1,8,18,1,39.3,23,0.033,17,1.1,23,0.7,24,2016,1,13,LAX Hastings,33.95507,-118.43049,1/13/2016
Good,42,17,42,36,1,5,18,1,44.7,23,0.039,17,1.5,23,0.4,24,2016,1,25,LAX Hastings,33.95507,-118.43049,1/25/2016
Good,40,17,9,40,0,0,18,1,10.5,23,0.043,17,0.5,22,0,24,2016,1,31,LAX Hastings,33.95507,-118.43049,1/31/2016
Good,42,11,34,42,0,3,12,1,36.5,23,0.045,17,0.7,22,0.3,24,2016,2,6,LAX Hastings,33.95507,-118.43049,2/6/2016
Moderate Pollution,65,36,65,38,9,14,39,1,67.2,23,0.041,17,6.8,22,1.2,24,2016,2,12,LAX Hastings,33.95507,-118.43049,2/12/2016
Good,43,13,27,43,1,2,14,1,29.6,23,0.046,17,1.3,23,0.2,24,2016,2,18,LAX Hastings,33.95507,-118.43049,2/18/2016
Good,49,19,21,49,0,5,20,1,22.5,23,0.053,17,0.9,22,0.4,24,2016,2,24,LAX Hastings,33.95507,-118.43049,2/24/2016
Moderate Pollution,64,34,28,64,1,5,37,1,30.2,22,0.059,17,1.8,22,0.4,24,2016,3,1,LAX Hastings,33.95507,-118.43049,3/1/2016
Good,44,15,15,44,0,1,16,1,16.4,23,0.047,17,0.4,23,0.1,24,2016,3,7,LAX Hastings,33.95507,-118.43049,3/7/2016
Good,42,18,26,42,1,5,19,1,28.3,23,0.045,17,1.7,23,0.4,24,2016,3,13,LAX Hastings,33.95507,-118.43049,3/13/2016
Moderate Pollution,71,26,11,71,0,2,28,1,12.7,22,0.061,17,0.6,22,0.2,24,2016,3,19,LAX Hastings,33.95507,-118.43049,3/19/2016
Satisfactory,100,23,36,100,1,7,25,1,38.2,23,0.07,17,1.7,22,0.6,24,2016,4,18,LAX Hastings,33.95507,-118.43049,4/18/2016
Good,48,28,14,48,3,3,30,1,15.8,23,0.052,17,2.1,22,0.3,24,2016,4,24,LAX Hastings,33.95507,-118.43049,4/24/2016
Good,46,23,10,46,0,1,25,1,11.5,22,0.05,17,0.9,22,0.1,24,2016,4,30,LAX Hastings,33.95507,-118.43049,4/30/2016
Good,38,8,13,38,0,1,9,1,14.7,23,0.041,17,0.5,23,0.1,24,2016,5,6,LAX Hastings,33.95507,-118.43049,5/6/2016
Good,43,12,2,43,0,2,13,1,2.9,24,0.046,17,0.3,24,0.2,24,2016,5,18,LAX Hastings,33.95507,-118.43049,5/18/2016
Good,31,9,7,31,0,2,10,1,7.5,22,0.033,15,0.5,22,0.2,24,2016,5,24,LAX Hastings,33.95507,-118.43049,5/24/2016
Good,44,12,3,44,0,1,13,1,3.4,24,0.047,17,0.4,24,0.1,24,2016,5,30,LAX Hastings,33.95507,-118.43049,5/30/2016
Good,36,6,6,36,0,2,6,1,6.9,24,0.039,17,0.5,24,0.2,24,2016,6,5,LAX Hastings,33.95507,-118.43049,6/5/2016
Good,29,7,9,29,0,2,8,1,10.9,24,0.031,17,0.9,24,0.2,24,2016,6,11,LAX Hastings,33.95507,-118.43049,6/11/2016
Good,47,30,24,47,3,5,32,1,25.6,24,0.051,17,2.2,24,0.4,24,2016,6,17,LAX Hastings,33.95507,-118.43049,6/17/2016
Good,44,19,15,44,0,2,21,1,16.8,24,0.047,17,0.5,24,0.2,24,2016,6,23,LAX Hastings,33.95507,-118.43049,6/23/2016
Good,44,17,8,44,0,2,18,1,9.1,24,0.047,17,0.7,24,0.2,24,2016,6,29,LAX Hastings,33.95507,-118.43049,6/29/2016
Good,42,12,3,42,0,1,13,1,3.7,24,0.045,17,0.4,24,0.1,24,2016,7,5,LAX Hastings,33.95507,-118.43049,7/5/2016
Good,35,26,12,35,1,2,28,1,13.6,24,0.038,17,1,24,0.2,24,2016,7,11,LAX Hastings,33.95507,-118.43049,7/11/2016
Good,41,12,3,41,0,1,13,1,3.6,24,0.044,17,0.5,24,0.1,24,2016,7,17,LAX Hastings,33.95507,-118.43049,7/17/2016
Good,39,37,25,39,3,3,40,1,27.3,24,0.042,17,2.2,24,0.3,24,2016,7,23,LAX Hastings,33.95507,-118.43049,7/23/2016
Good,32,17,5,32,0,1,18,1,5.8,24,0.035,17,0.9,24,0.1,24,2016,7,29,LAX Hastings,33.95507,-118.43049,7/29/2016
Good,41,21,14,41,1,2,23,1,15,24,0.044,17,1.2,24,0.2,24,2016,8,4,LAX Hastings,33.95507,-118.43049,8/4/2016
Good,35,17,5,35,0,2,18,1,5.1,24,0.038,17,0.5,24,0.2,24,2016,8,16,LAX Hastings,33.95507,-118.43049,8/16/2016
Good,37,22,18,37,1,2,24,1,19.3,24,0.04,17,1.2,24,0.2,24,2016,8,28,LAX Hastings,33.95507,-118.43049,8/28/2016
Good,37,18,8,37,1,2,19,1,8.9,24,0.04,17,1.1,24,0.2,24,2016,9,3,LAX Hastings,33.95507,-118.43049,9/3/2016
Good,42,20,3,42,0,2,22,1,3.4,24,0.045,17,0.4,24,0.2,24,2016,9,9,LAX Hastings,33.95507,-118.43049,9/9/2016
Good,40,25,26,40,1,7,27,1,28.4,24,0.043,17,1.5,24,0.6,24,2016,9,15,LAX Hastings,33.95507,-118.43049,9/15/2016
Moderate Pollution,58,40,40,58,1,7,43,1,42.8,24,0.057,17,1.8,24,0.6,24,2016,9,27,LAX Hastings,33.95507,-118.43049,9/27/2016
Good,42,30,19,42,0,5,32,1,20.4,24,0.045,17,0.8,24,0.4,24,2016,10,3,LAX Hastings,33.95507,-118.43049,10/3/2016
Moderate Pollution,64,21,24,64,1,9,23,1,25.9,24,0.059,17,1.2,24,0.8,24,2016,10,9,LAX Hastings,33.95507,-118.43049,10/9/2016
Good,41,24,41,41,1,6,26,1,43.8,24,0.044,17,1.7,24,0.5,24,2016,10,21,LAX Hastings,33.95507,-118.43049,10/21/2016
Good,27,22,25,27,1,6,24,1,26.8,24,0.029,17,1.8,24,0.5,24,2016,10,27,LAX Hastings,33.95507,-118.43049,10/27/2016
Good,45,26,45,35,3,9,28,1,48.5,24,0.038,17,2.5,24,0.8,24,2016,11,2,LAX Hastings,33.95507,-118.43049,11/2/2016
Moderate Pollution,61,32,61,46,11,11,35,1,63.6,24,0.05,17,8.8,24,1,24,2016,11,8,LAX Hastings,33.95507,-118.43049,11/8/2016
Good,41,28,35,41,1,9,30,1,37.4,24,0.044,17,1,24,0.8,24,2016,11,14,LAX Hastings,33.95507,-118.43049,11/14/2016
Good,31,18,28,31,0,9,19,1,30.9,24,0.033,17,0.8,24,0.8,24,2016,11,20,LAX Hastings,33.95507,-118.43049,11/20/2016
Good,41,20,34,41,1,14,22,1,36.7,24,0.044,17,1.1,24,1.2,24,2016,11,26,LAX Hastings,33.95507,-118.43049,11/26/2016
Good,42,40,41,42,3,5,43,1,43.8,24,0.045,17,2.9,24,0.4,24,2016,12,2,LAX Hastings,33.95507,-118.43049,12/2/2016
Good,35,23,33,35,1,10,25,1,35,24,0.038,17,1.1,24,0.9,24,2016,12,8,LAX Hastings,33.95507,-118.43049,12/8/2016
Good,36,26,36,27,1,11,28,1,38.6,24,0.029,17,1.9,24,1,24,2016,12,14,LAX Hastings,33.95507,-118.43049,12/14/2016
Good,31,18,31,22,0,7,19,1,33.3,24,0.024,17,0.9,24,0.6,24,2016,12,21,LAX Hastings,33.95507,-118.43049,12/21/2016
Good,29,17,25,29,0,9,18,1,27,24,0.031,17,0.7,24,0.8,24,2016,12,26,LAX Hastings,33.95507,-118.43049,12/26/2016
Moderate Pollution,58,56,58,22,1,16,66,1,61.8,24,0.024,17,1.2,24,1.4,24,2018,1,2,Los Angeles-North Main Street,34.06659,-118.22688,1/2/2018
Moderate Pollution,58,56,58,22,1,15,66,1,61.8,24,0.024,17,1.2,24,1.3,24,2018,1,2,Los Angeles-North Main Street,34.06659,-118.22688,1/2/2018
Good,33,20,33,16,0,11,22,1,35,24,0.017,17,0.5,24,1,24,2018,1,8,Los Angeles-North Main Street,34.06659,-118.22688,1/8/2018
Good,33,20,33,16,0,10,22,1,35,24,0.017,17,0.5,24,0.9,24,2018,1,8,Los Angeles-North Main Street,34.06659,-118.22688,1/8/2018
Good,42,17,42,37,0,14,18,1,45.8,24,0.04,17,0.6,24,1.2,24,2018,1,14,Los Angeles-North Main Street,34.06659,-118.22688,1/14/2018
Good,42,17,42,37,0,13,18,1,45.8,24,0.04,17,0.6,24,1.1,24,2018,1,14,Los Angeles-North Main Street,34.06659,-118.22688,1/14/2018
Good,36,8,14,36,0,3,9,1,15.4,24,0.039,17,0.2,24,0.3,24,2018,1,20,Los Angeles-North Main Street,34.06659,-118.22688,1/20/2018
Good,36,8,14,36,0,3,9,1,15.4,24,0.039,17,0.2,24,0.3,24,2018,1,20,Los Angeles-North Main Street,34.06659,-118.22688,1/20/2018
Good,41,21,41,31,0,9,23,1,43.1,24,0.033,17,0.6,24,0.8,24,2018,1,26,Los Angeles-North Main Street,34.06659,-118.22688,1/26/2018
Good,41,21,41,31,0,8,23,1,43.1,24,0.033,17,0.6,24,0.7,24,2018,1,26,Los Angeles-North Main Street,34.06659,-118.22688,1/26/2018
Moderate Pollution,65,51,65,17,1,16,55,1,67.8,24,0.018,17,1,24,1.4,24,2018,2,1,Los Angeles-North Main Street,34.06659,-118.22688,2/1/2018
Moderate Pollution,65,51,65,17,1,15,55,1,67.8,24,0.018,17,1,24,1.3,24,2018,2,1,Los Angeles-North Main Street,34.06659,-118.22688,2/1/2018
Moderate Pollution,51,28,51,34,0,11,30,1,54.9,24,0.037,17,0.7,24,1,24,2018,2,7,Los Angeles-North Main Street,34.06659,-118.22688,2/7/2018
Moderate Pollution,51,28,51,34,0,10,30,1,54.9,24,0.037,17,0.7,24,0.9,24,2018,2,7,Los Angeles-North Main Street,34.06659,-118.22688,2/7/2018
Good,40,13,40,34,0,6,14,1,42,24,0.037,17,0.4,24,0.5,24,2018,2,13,Los Angeles-North Main Street,34.06659,-118.22688,2/13/2018
Good,40,13,40,34,0,6,14,1,42,24,0.037,17,0.4,24,0.5,24,2018,2,13,Los Angeles-North Main Street,34.06659,-118.22688,2/13/2018
Good,38,19,8,38,0,2,21,1,8.1,24,0.041,17,0.2,24,0.2,24,2018,2,19,Los Angeles-North Main Street,34.06659,-118.22688,2/19/2018
Good,38,19,8,38,0,2,21,1,8.1,24,0.041,17,0.2,24,0.2,24,2018,2,19,Los Angeles-North Main Street,34.06659,-118.22688,2/19/2018
Good,43,16,31,43,0,7,17,1,33.5,24,0.046,17,0.3,24,0.6,24,2018,2,25,Los Angeles-North Main Street,34.06659,-118.22688,2/25/2018
Good,43,16,31,43,0,6,17,1,33.5,24,0.046,17,0.3,24,0.5,24,2018,2,25,Los Angeles-North Main Street,34.06659,-118.22688,2/25/2018
Good,33,25,33,27,0,9,27,1,35,24,0.029,17,0.7,24,0.8,24,2018,3,9,Los Angeles-North Main Street,34.06659,-118.22688,3/9/2018
Good,40,10,20,40,0,3,11,1,21.9,24,0.043,17,0.1,24,0.3,24,2018,3,15,Los Angeles-North Main Street,34.06659,-118.22688,3/15/2018
Good,40,10,20,40,0,2,11,1,21.9,24,0.043,17,0.1,24,0.2,24,2018,3,15,Los Angeles-North Main Street,34.06659,-118.22688,3/15/2018
Good,37,17,37,21,0,7,18,1,39.9,24,0.023,17,0.5,24,0.6,24,2018,3,21,Los Angeles-North Main Street,34.06659,-118.22688,3/21/2018
Good,37,17,37,21,0,6,18,1,39.9,24,0.023,17,0.5,24,0.5,24,2018,3,21,Los Angeles-North Main Street,34.06659,-118.22688,3/21/2018
Good,41,23,41,38,0,7,25,1,43.9,24,0.041,17,0.6,20,0.6,24,2018,3,27,Los Angeles-North Main Street,34.06659,-118.22688,3/27/2018
Good,41,23,41,38,0,5,25,1,43.9,24,0.041,17,0.6,20,0.4,4,2018,3,27,Los Angeles-North Main Street,34.06659,-118.22688,3/27/2018
Good,42,20,15,42,0,3,22,1,16.5,24,0.045,17,0.2,24,0.3,24,2018,4,2,Los Angeles-North Main Street,34.06659,-118.22688,4/2/2018
Good,45,22,26,45,0,5,24,1,28.9,24,0.049,17,0.3,24,0.4,24,2018,4,8,Los Angeles-North Main Street,34.06659,-118.22688,4/8/2018
Moderate Pollution,90,32,47,90,0,10,35,1,50.8,24,0.067,17,0.5,24,0.9,24,2018,4,14,Los Angeles-North Main Street,34.06659,-118.22688,4/14/2018
Good,42,26,31,42,0,5,28,1,33.8,24,0.045,17,0.4,24,0.4,24,2018,4,20,Los Angeles-North Main Street,34.06659,-118.22688,4/20/2018
Good,42,31,24,42,1,5,33,1,25.4,24,0.045,17,1,24,0.4,24,2018,4,26,Los Angeles-North Main Street,34.06659,-118.22688,4/26/2018
Good,34,19,20,34,0,3,20,1,21.2,24,0.037,17,0.4,24,0.3,24,2018,5,2,Los Angeles-North Main Street,34.06659,-118.22688,5/2/2018
Moderate Pollution,51,31,29,51,1,6,33,1,31.3,24,0.055,17,1.5,21,0.5,24,2018,5,8,Los Angeles-North Main Street,34.06659,-118.22688,5/8/2018
Good,38,21,22,38,0,5,23,1,23.5,24,0.041,17,0.6,24,0.4,24,2018,5,14,Los Angeles-North Main Street,34.06659,-118.22688,5/14/2018
Good,38,21,22,38,0,5,23,1,23.5,24,0.041,17,0.6,24,0.4,24,2018,5,14,Los Angeles-North Main Street,34.06659,-118.22688,5/14/2018
Good,37,22,19,37,0,2,24,1,20.6,24,0.04,17,0.7,24,0.2,24,2018,5,26,Los Angeles-North Main Street,34.06659,-118.22688,5/26/2018
Good,39,27,29,39,1,6,29,1,31.9,24,0.042,17,1,24,0.5,24,2018,6,1,Los Angeles-North Main Street,34.06659,-118.22688,6/1/2018
Good,39,27,29,39,1,5,29,1,31.9,24,0.042,17,1,24,0.4,24,2018,6,1,Los Angeles-North Main Street,34.06659,-118.22688,6/1/2018
Good,50,28,30,50,0,5,30,1,32.1,24,0.054,17,0.9,24,0.4,24,2018,6,7,Los Angeles-North Main Street,34.06659,-118.22688,6/7/2018
Good,50,28,30,50,0,3,30,1,32.1,24,0.054,17,0.9,24,0.3,24,2018,6,7,Los Angeles-North Main Street,34.06659,-118.22688,6/7/2018
Good,45,31,33,45,1,6,33,1,35.6,24,0.049,17,1.6,24,0.5,24,2018,6,13,Los Angeles-North Main Street,34.06659,-118.22688,6/13/2018
Good,45,31,33,45,1,6,33,1,35.6,24,0.049,17,1.6,24,0.5,24,2018,6,13,Los Angeles-North Main Street,34.06659,-118.22688,6/13/2018
Good,40,26,18,40,1,3,28,1,19.4,24,0.043,17,1.1,24,0.3,24,2018,6,19,Los Angeles-North Main Street,34.06659,-118.22688,6/19/2018
Good,40,26,18,40,1,2,28,1,19.4,24,0.043,17,1.1,24,0.2,24,2018,6,19,Los Angeles-North Main Street,34.06659,-118.22688,6/19/2018
Good,41,23,17,41,0,3,25,1,18.6,24,0.044,17,0.9,24,0.3,24,2018,6,25,Los Angeles-North Main Street,34.06659,-118.22688,6/25/2018
Good,41,23,17,41,0,1,25,1,18.6,24,0.044,17,0.9,24,0.1,2,2018,6,25,Los Angeles-North Main Street,34.06659,-118.22688,6/25/2018
Good,42,14,11,42,0,2,15,1,12.1,24,0.045,17,0.5,24,0.2,24,2018,7,1,Los Angeles-North Main Street,34.06659,-118.22688,7/1/2018
Good,42,14,11,42,0,2,15,1,12.1,24,0.045,17,0.5,24,0.2,24,2018,7,1,Los Angeles-North Main Street,34.06659,-118.22688,7/1/2018
Moderate Pollution,101,44,39,101,3,6,48,1,41.9,24,0.071,17,2.8,24,0.5,24,2018,7,7,Los Angeles-North Main Street,34.06659,-118.22688,7/7/2018
Moderate Pollution,101,44,39,101,3,6,48,1,41.9,24,0.071,17,2.8,24,0.5,24,2018,7,7,Los Angeles-North Main Street,34.06659,-118.22688,7/7/2018
Good,37,21,16,37,0,3,23,1,17.5,24,0.04,17,0.5,24,0.3,24,2018,7,13,Los Angeles-North Main Street,34.06659,-118.22688,7/13/2018
Good,37,21,16,37,0,3,23,1,17.5,24,0.04,17,0.5,24,0.3,24,2018,7,13,Los Angeles-North Main Street,34.06659,-118.22688,7/13/2018
Good,36,23,25,36,1,5,25,1,26,24,0.039,17,1.4,24,0.4,24,2018,7,19,Los Angeles-North Main Street,34.06659,-118.22688,7/19/2018
Good,36,23,25,36,1,5,25,1,26,24,0.039,17,1.4,24,0.4,24,2018,7,19,Los Angeles-North Main Street,34.06659,-118.22688,7/19/2018
Moderate Pollution,54,38,23,54,1,5,41,1,24.6,24,0.056,17,1.7,24,0.4,24,2018,7,25,Los Angeles-North Main Street,34.06659,-118.22688,7/25/2018
Moderate Pollution,54,38,23,54,1,5,41,1,24.6,24,0.056,17,1.7,24,0.4,24,2018,7,25,Los Angeles-North Main Street,34.06659,-118.22688,7/25/2018
Moderate Pollution,51,42,19,51,0,6,45,1,20.4,24,0.055,17,0.7,24,0.5,24,2018,8,24,Los Angeles-North Main Street,34.06659,-118.22688,8/24/2018
Moderate Pollution,51,42,19,51,0,6,45,1,20.4,24,0.055,17,0.7,24,0.5,24,2018,8,24,Los Angeles-North Main Street,34.06659,-118.22688,8/24/2018
Good,43,32,28,43,1,7,35,1,30.2,24,0.046,17,1.5,24,0.6,24,2018,8,30,Los Angeles-North Main Street,34.06659,-118.22688,8/30/2018
Good,43,32,28,43,1,7,35,1,30.2,24,0.046,17,1.5,24,0.6,24,2018,8,30,Los Angeles-North Main Street,34.06659,-118.22688,8/30/2018
Good,38,19,17,38,0,3,21,1,18.5,24,0.041,17,0.1,24,0.3,24,2018,9,5,Los Angeles-North Main Street,34.06659,-118.22688,9/5/2018
Good,38,19,17,38,0,3,21,1,18.5,24,0.041,17,0.1,24,0.3,24,2018,9,5,Los Angeles-North Main Street,34.06659,-118.22688,9/5/2018
Good,42,33,20,42,0,5,36,1,21.5,24,0.045,17,0.8,24,0.4,24,2018,9,11,Los Angeles-North Main Street,34.06659,-118.22688,9/11/2018
Good,42,33,39,42,1,9,36,1,41.5,24,0.045,17,1.4,24,0.8,24,2018,9,17,Los Angeles-North Main Street,34.06659,-118.22688,9/17/2018
Good,42,33,39,42,1,8,36,1,41.5,24,0.045,17,1.4,24,0.7,24,2018,9,17,Los Angeles-North Main Street,34.06659,-118.22688,9/17/2018
Good,48,26,25,48,0,6,28,1,27.4,24,0.052,17,0.6,24,0.5,24,2018,9,23,Los Angeles-North Main Street,34.06659,-118.22688,9/23/2018
Good,48,26,25,48,0,5,28,1,27.4,24,0.052,17,0.6,24,0.4,24,2018,9,23,Los Angeles-North Main Street,34.06659,-118.22688,9/23/2018
Good,42,23,14,42,0,3,25,1,15.1,24,0.045,17,0.4,24,0.3,24,2018,9,29,Los Angeles-North Main Street,34.06659,-118.22688,9/29/2018
Good,42,23,14,42,0,3,25,1,15.1,24,0.045,17,0.4,24,0.3,24,2018,9,29,Los Angeles-North Main Street,34.06659,-118.22688,9/29/2018
Good,31,19,26,31,0,5,21,1,28.4,24,0.033,17,0.4,23,0.4,24,2018,10,5,Los Angeles-North Main Street,34.06659,-118.22688,10/5/2018
Good,31,19,26,31,0,5,21,1,28.4,24,0.033,17,0.4,23,0.4,24,2018,10,5,Los Angeles-North Main Street,34.06659,-118.22688,10/5/2018
Good,36,19,27,36,0,5,20,1,29.9,24,0.039,17,0.2,24,0.4,24,2018,10,11,Los Angeles-North Main Street,34.06659,-118.22688,10/11/2018
Good,36,19,27,36,0,5,20,1,29.9,24,0.039,17,0.2,24,0.4,24,2018,10,11,Los Angeles-North Main Street,34.06659,-118.22688,10/11/2018
Good,43,31,43,38,0,9,33,1,46.5,24,0.041,17,0.9,24,0.8,24,2018,10,17,Los Angeles-North Main Street,34.06659,-118.22688,10/17/2018
Good,43,31,43,38,0,8,33,1,46.5,24,0.041,17,0.9,24,0.7,24,2018,10,17,Los Angeles-North Main Street,34.06659,-118.22688,10/17/2018
Moderate Pollution,57,57,45,43,1,13,68,1,48.4,24,0.046,17,1,24,1.1,24,2018,10,29,Los Angeles-North Main Street,34.06659,-118.22688,10/29/2018
Moderate Pollution,58,43,40,58,3,15,46,1,42.4,24,0.057,17,2.4,24,1.3,24,2018,11,4,Los Angeles-North Main Street,34.06659,-118.22688,11/4/2018
Moderate Pollution,58,43,40,58,3,13,46,1,42.4,24,0.057,17,2.4,24,1.1,24,2018,11,4,Los Angeles-North Main Street,34.06659,-118.22688,11/4/2018
Moderate Pollution,51,51,43,40,1,15,56,1,46.2,24,0.043,17,1.9,24,1.3,24,2018,11,10,Los Angeles-North Main Street,34.06659,-118.22688,11/10/2018
Moderate Pollution,51,51,43,40,1,15,56,1,46.2,24,0.043,17,1.9,24,1.3,2,2018,11,10,Los Angeles-North Main Street,34.06659,-118.22688,11/10/2018
Good,30,13,20,30,0,6,14,1,21.2,24,0.032,17,0.2,24,0.5,24,2018,11,22,Los Angeles-North Main Street,34.06659,-118.22688,11/22/2018
Good,31,25,31,26,0,11,27,1,33.7,24,0.028,17,0.7,24,1,24,2018,11,28,Los Angeles-North Main Street,34.06659,-118.22688,11/28/2018
Good,31,25,31,26,0,9,27,1,33.7,24,0.028,17,0.7,24,0.8,24,2018,11,28,Los Angeles-North Main Street,34.06659,-118.22688,11/28/2018
Good,32,25,32,7,0,13,27,1,34.2,24,0.008,17,0.6,24,1.1,24,2018,12,10,Los Angeles-North Main Street,34.06659,-118.22688,12/10/2018
Good,31,31,28,21,1,17,33,1,30.3,24,0.023,17,1.1,24,1.5,24,2018,12,16,Los Angeles-North Main Street,34.06659,-118.22688,12/16/2018
Good,47,47,42,13,0,15,51,1,44.3,24,0.014,17,0.8,24,1.3,24,2018,12,22,Los Angeles-North Main Street,34.06659,-118.22688,12/22/2018
Good,35,17,35,32,0,7,18,1,37.3,24,0.035,17,0.6,24,0.6,24,2018,12,28,Los Angeles-North Main Street,34.06659,-118.22688,12/28/2018
Good,35,17,35,32,0,7,18,1,37.3,24,0.035,17,0.6,24,0.6,24,2018,12,28,Los Angeles-North Main Street,34.06659,-118.22688,12/28/2018
Moderate Pollution,57,57,48,19,1,17,67,1,51.9,24,0.021,17,1.5,24,1.5,24,2018,1,2,Long Beach (Hudson),33.8025,-118.22,1/2/2018
Good,36,25,36,19,0,9,27,1,38.8,24,0.021,17,0.8,24,0.8,24,2018,1,8,Long Beach (Hudson),33.8025,-118.22,1/8/2018
Good,47,25,47,31,3,9,27,1,50.3,24,0.033,17,2.3,24,0.8,24,2018,1,14,Long Beach (Hudson),33.8025,-118.22,1/14/2018
Good,39,39,22,33,1,3,42,1,23.2,24,0.036,17,1,24,0.3,24,2018,1,20,Long Beach (Hudson),33.8025,-118.22,1/20/2018
Good,39,30,39,28,1,9,32,1,41.1,24,0.03,17,1.3,24,0.8,24,2018,1,26,Long Beach (Hudson),33.8025,-118.22,1/26/2018
Moderate Pollution,58,56,58,8,4,23,65,1,61.4,24,0.009,17,3.8,24,2,24,2018,2,1,Long Beach (Hudson),33.8025,-118.22,2/1/2018
Good,46,44,46,25,1,16,47,1,49.2,24,0.027,17,1.6,24,1.4,24,2018,2,7,Long Beach (Hudson),33.8025,-118.22,2/7/2018
Good,37,16,37,36,0,5,17,1,39.6,24,0.039,17,0.9,24,0.4,24,2018,2,13,Long Beach (Hudson),33.8025,-118.22,2/13/2018
Moderate Pollution,65,65,23,37,1,2,84,1,24.1,24,0.04,17,1.1,24,0.2,24,2018,2,19,Long Beach (Hudson),33.8025,-118.22,2/19/2018
Good,44,21,34,44,1,8,23,1,36.8,24,0.047,17,1.7,24,0.7,24,2018,2,25,Long Beach (Hudson),33.8025,-118.22,2/25/2018
Good,40,6,24,40,1,3,7,1,25.7,24,0.043,17,1.1,24,0.3,24,2018,3,3,Long Beach (Hudson),33.8025,-118.22,3/3/2018
Good,28,18,28,27,3,5,19,1,30.1,24,0.029,17,2.5,24,0.4,24,2018,3,9,Long Beach (Hudson),33.8025,-118.22,3/9/2018
Good,37,19,15,37,1,2,21,1,16.6,24,0.04,17,1.2,24,0.2,24,2018,3,15,Long Beach (Hudson),33.8025,-118.22,3/15/2018
Good,40,30,37,40,13,8,32,1,39.7,24,0.043,17,9.7,24,0.7,24,2018,3,27,Long Beach (Hudson),33.8025,-118.22,3/27/2018
Good,39,19,25,39,4,11,20,1,26.1,24,0.042,17,3.3,24,1,24,2018,4,2,Long Beach (Hudson),33.8025,-118.22,4/2/2018
Good,40,28,27,40,6,5,30,1,29.4,24,0.043,17,4.9,24,0.4,24,2018,4,8,Long Beach (Hudson),33.8025,-118.22,4/8/2018
Moderate Pollution,77,37,40,77,7,13,40,1,42.2,24,0.063,17,5.3,24,1.1,24,2018,4,14,Long Beach (Hudson),33.8025,-118.22,4/14/2018
Good,42,30,25,42,6,3,32,1,26,24,0.045,17,4.3,24,0.3,24,2018,4,20,Long Beach (Hudson),33.8025,-118.22,4/20/2018
Good,37,29,16,37,4,2,31,1,17.7,24,0.04,17,3.8,24,0.2,24,2018,4,26,Long Beach (Hudson),33.8025,-118.22,4/26/2018
Good,35,23,31,35,1,3,25,1,33.8,24,0.038,17,1.4,24,0.3,24,2018,5,2,Long Beach (Hudson),33.8025,-118.22,5/2/2018
Good,37,23,21,37,4,2,25,1,22.4,24,0.04,17,3.2,24,0.2,24,2018,5,8,Long Beach (Hudson),33.8025,-118.22,5/8/2018
Good,35,23,24,35,1,3,25,1,25.5,24,0.038,17,1.4,24,0.3,24,2018,5,14,Long Beach (Hudson),33.8025,-118.22,5/14/2018
Good,37,19,9,37,1,2,21,1,10.7,24,0.04,17,1.6,24,0.2,24,2018,5,20,Long Beach (Hudson),33.8025,-118.22,5/20/2018
Good,34,14,19,34,4,2,15,1,20.2,24,0.037,17,3.1,24,0.2,24,2018,5,26,Long Beach (Hudson),33.8025,-118.22,5/26/2018
Good,38,25,20,38,4,0,27,1,21.3,21,0.041,14,3.2,21,0,7,2018,6,7,Long Beach (Hudson),33.8025,-118.22,6/7/2018
Good,32,31,30,32,4,2,34,1,32,24,0.035,17,3.6,24,0.2,24,2018,6,13,Long Beach (Hudson),33.8025,-118.22,6/13/2018
Good,35,22,17,35,4,2,24,1,18.1,24,0.038,17,3.4,24,0.2,24,2018,6,25,Long Beach (Hudson),33.8025,-118.22,6/25/2018
Good,34,10,6,34,3,1,11,1,6.7,24,0.037,17,2.7,24,0.1,24,2018,7,1,Long Beach (Hudson),33.8025,-118.22,7/1/2018
Good,34,34,21,29,7,2,37,1,22.3,24,0.031,17,5.7,24,0.2,24,2018,7,7,Long Beach (Hudson),33.8025,-118.22,7/7/2018
Good,31,31,20,24,1,5,34,1,21.6,24,0.026,17,1.5,24,0.4,24,2018,7,13,Long Beach (Hudson),33.8025,-118.22,7/13/2018
Good,41,41,20,27,3,3,44,1,21.8,24,0.029,17,2.1,24,0.3,24,2018,7,25,Long Beach (Hudson),33.8025,-118.22,7/25/2018
Good,43,43,23,25,4,3,46,1,24.9,24,0.027,17,3.8,24,0.3,24,2018,7,31,Long Beach (Hudson),33.8025,-118.22,7/31/2018
Good,44,44,25,43,6,3,47,1,26.9,24,0.046,17,4.2,24,0.3,24,2018,8,6,Long Beach (Hudson),33.8025,-118.22,8/6/2018
Good,21,19,8,21,1,1,20,1,8.4,24,0.023,17,1.8,24,0.1,24,2018,8,12,Long Beach (Hudson),33.8025,-118.22,8/12/2018
Good,31,26,13,31,6,2,28,1,14.4,24,0.034,17,4.9,24,0.2,24,2018,8,18,Long Beach (Hudson),33.8025,-118.22,8/18/2018
Good,39,37,15,39,1,5,40,1,16.2,24,0.042,17,1.3,24,0.4,24,2018,8,24,Long Beach (Hudson),33.8025,-118.22,8/24/2018
Good,37,37,24,30,6,5,40,1,25.2,24,0.032,17,4,24,0.4,24,2018,8,30,Long Beach (Hudson),33.8025,-118.22,8/30/2018
Good,29,24,16,29,6,2,26,1,17.7,24,0.031,17,4.1,24,0.2,24,2018,9,11,Long Beach (Hudson),33.8025,-118.22,9/11/2018
Good,41,41,41,31,9,9,44,1,43.6,24,0.033,17,6.4,24,0.8,24,2018,9,17,Long Beach (Hudson),33.8025,-118.22,9/17/2018
Good,37,21,18,37,9,3,23,1,19.4,24,0.04,17,6.1,24,0.3,24,2018,9,23,Long Beach (Hudson),33.8025,-118.22,9/23/2018
Good,34,16,12,34,4,2,17,1,13.1,24,0.037,17,3.3,24,0.2,24,2018,9,29,Long Beach (Hudson),33.8025,-118.22,9/29/2018
Good,28,18,23,28,4,3,19,1,24.7,24,0.03,17,3.9,24,0.3,24,2018,10,5,Long Beach (Hudson),33.8025,-118.22,10/5/2018
Good,32,28,32,30,1,5,30,1,34.4,24,0.032,17,1.1,24,0.4,24,2018,10,11,Long Beach (Hudson),33.8025,-118.22,10/11/2018
Good,41,38,41,29,10,14,41,1,43.9,24,0.031,17,7.4,24,1.2,24,2018,10,17,Long Beach (Hudson),33.8025,-118.22,10/17/2018
Good,41,41,27,33,1,5,44,1,29.6,24,0.036,17,1.5,24,0.4,24,2018,10,23,Long Beach (Hudson),33.8025,-118.22,10/23/2018
Good,31,29,24,31,1,7,31,1,25.6,24,0.034,17,1.2,24,0.6,24,2018,10,29,Long Beach (Hudson),33.8025,-118.22,10/29/2018
Good,34,19,34,20,4,11,21,1,36.5,24,0.022,17,3.7,24,1,24,2018,11,4,Long Beach (Hudson),33.8025,-118.22,11/4/2018
Moderate Pollution,52,52,40,25,14,14,58,1,42.1,24,0.027,17,10.5,24,1.2,24,2018,11,10,Long Beach (Hudson),33.8025,-118.22,11/10/2018
Good,43,41,43,17,3,17,44,1,46.9,24,0.018,17,2.5,24,1.5,24,2018,11,16,Long Beach (Hudson),33.8025,-118.22,11/16/2018
Good,31,11,15,31,1,3,12,1,16.5,24,0.034,17,1.6,24,0.3,24,2018,11,22,Long Beach (Hudson),33.8025,-118.22,11/22/2018
Good,31,21,28,31,0,11,23,1,30.8,23,0.033,17,0.5,23,1,24,2018,11,28,Long Beach (Hudson),33.8025,-118.22,11/28/2018
Good,43,41,43,3,3,14,44,1,46.5,24,0.003,17,2.6,24,1.2,24,2018,12,10,Long Beach (Hudson),33.8025,-118.22,12/10/2018
Good,35,29,35,26,13,18,31,1,37.9,24,0.028,17,9.4,24,1.6,24,2018,12,16,Long Beach (Hudson),33.8025,-118.22,12/16/2018
Good,42,31,42,16,4,13,33,1,45.9,24,0.017,17,3.3,24,1.1,24,2018,12,22,Long Beach (Hudson),33.8025,-118.22,12/22/2018
Good,42,35,42,25,4,8,38,1,44.2,24,0.027,17,3.8,24,0.7,24,2018,12,28,Long Beach (Hudson),33.8025,-118.22,12/28/2018
Good,39,11,29,39,1,3,12,1,31.7,24,0.042,17,1.3,24,0.3,24,2018,2,13,LAX Hastings,33.95507,-118.43049,2/13/2018
Good,42,20,5,42,0,2,22,1,5.7,24,0.045,17,0.6,24,0.2,24,2018,2,19,LAX Hastings,33.95507,-118.43049,2/19/2018
Good,45,18,40,45,1,7,19,1,42.3,24,0.049,17,1.7,24,0.6,24,2018,2,25,LAX Hastings,33.95507,-118.43049,2/25/2018
Good,48,21,48,35,6,10,23,1,51.1,24,0.038,17,4.1,24,0.9,24,2018,3,7,LAX Hastings,33.95507,-118.43049,3/7/2018
Good,36,16,36,33,1,6,17,1,38,24,0.036,17,1.3,24,0.5,24,2018,3,9,LAX Hastings,33.95507,-118.43049,3/9/2018
Good,42,11,7,42,0,2,12,1,7.7,24,0.045,17,0.6,24,0.2,24,2018,3,15,LAX Hastings,33.95507,-118.43049,3/15/2018
Good,41,14,41,32,3,6,15,1,43.2,24,0.035,17,2.5,24,0.5,24,2018,3,21,LAX Hastings,33.95507,-118.43049,3/21/2018
Good,46,16,39,46,3,5,17,1,41.2,24,0.05,17,2.1,24,0.4,24,2018,3,27,LAX Hastings,33.95507,-118.43049,3/27/2018
Moderate Pollution,54,19,27,54,1,3,21,1,29.3,24,0.056,17,1.6,24,0.3,24,2018,5,8,LAX Hastings,33.95507,-118.43049,5/8/2018
Good,40,17,18,40,1,3,18,1,19.2,24,0.043,17,1.1,24,0.3,24,2018,5,14,LAX Hastings,33.95507,-118.43049,5/14/2018
Good,41,19,4,41,0,1,21,1,4.1,24,0.044,17,0.7,24,0.1,24,2018,5,20,LAX Hastings,33.95507,-118.43049,5/20/2018
Good,35,13,6,35,1,2,14,1,6.9,24,0.038,17,1.1,24,0.2,24,2018,5,26,LAX Hastings,33.95507,-118.43049,5/26/2018
Good,37,20,15,37,1,3,22,1,16.3,24,0.04,17,1.6,24,0.3,24,2018,6,1,LAX Hastings,33.95507,-118.43049,6/1/2018
Good,42,19,12,42,0,3,20,1,13.7,24,0.045,17,0.9,24,0.3,24,2018,6,7,LAX Hastings,33.95507,-118.43049,6/7/2018
Good,41,17,8,41,0,2,18,1,9.9,24,0.044,17,0.8,24,0.2,24,2018,6,13,LAX Hastings,33.95507,-118.43049,6/13/2018
Good,39,17,7,39,0,1,18,1,7.5,24,0.042,17,0.7,24,0.1,24,2018,6,19,LAX Hastings,33.95507,-118.43049,6/19/2018
Good,38,14,9,38,0,2,15,1,10.7,24,0.041,17,0.7,24,0.2,24,2018,6,25,LAX Hastings,33.95507,-118.43049,6/25/2018
Good,36,8,8,36,0,2,9,1,8.2,24,0.039,17,0.8,24,0.2,24,2018,7,1,LAX Hastings,33.95507,-118.43049,7/1/2018
Good,42,32,17,42,1,3,35,1,18.1,24,0.045,17,1.5,24,0.3,24,2018,7,7,LAX Hastings,33.95507,-118.43049,7/7/2018
Good,29,29,5,27,0,1,31,1,5,24,0.029,17,0.5,24,0.1,24,2018,7,13,LAX Hastings,33.95507,-118.43049,7/13/2018
Good,29,9,7,29,1,2,10,1,7.8,24,0.031,17,1.3,24,0.2,24,2018,7,19,LAX Hastings,33.95507,-118.43049,7/19/2018
Good,42,26,20,42,1,2,28,1,21.9,24,0.045,17,1.1,24,0.2,24,2018,7,25,LAX Hastings,33.95507,-118.43049,7/25/2018
Good,31,9,6,31,0,2,10,1,6.7,24,0.033,17,0.6,24,0.2,24,2018,7,31,LAX Hastings,33.95507,-118.43049,7/31/2018
Good,39,24,20,39,3,3,26,1,21.5,24,0.042,17,2.1,24,0.3,24,2018,8,6,LAX Hastings,33.95507,-118.43049,8/6/2018
Good,27,14,9,27,1,1,15,1,10.9,24,0.029,17,1.5,24,0.1,24,2018,8,12,LAX Hastings,33.95507,-118.43049,8/12/2018
Good,38,21,3,38,0,2,23,1,3.9,24,0.041,17,0.5,24,0.2,24,2018,8,18,LAX Hastings,33.95507,-118.43049,8/18/2018
Moderate Pollution,51,40,10,51,0,6,43,1,11.8,24,0.055,17,0.7,24,0.5,24,2018,8,24,LAX Hastings,33.95507,-118.43049,8/24/2018
Good,39,22,23,39,3,3,24,1,24.8,24,0.042,17,2,24,0.3,24,2018,8,30,LAX Hastings,33.95507,-118.43049,8/30/2018
Good,39,7,3,39,0,2,8,1,3.9,24,0.042,17,0.4,24,0.2,24,2018,9,5,LAX Hastings,33.95507,-118.43049,9/5/2018
Good,44,19,14,44,0,3,20,1,15.1,24,0.048,17,0.9,24,0.3,24,2018,9,11,LAX Hastings,33.95507,-118.43049,9/11/2018
Good,41,15,8,41,0,2,16,1,8.4,24,0.044,17,0,24,0.2,24,2018,9,29,LAX Hastings,33.95507,-118.43049,9/29/2018
Good,33,13,21,33,0,2,14,1,22.2,20,0.036,14,-0.3,20,0.2,17,2018,10,5,LAX Hastings,33.95507,-118.43049,10/5/2018
Good,38,14,21,38,0,3,15,1,22.7,24,0.041,17,0,24,0.3,24,2018,10,11,LAX Hastings,33.95507,-118.43049,10/11/2018
Good,38,25,38,34,3,9,27,1,40.8,24,0.037,17,2.1,24,0.8,24,2018,10,17,LAX Hastings,33.95507,-118.43049,10/17/2018
Moderate Pollution,64,42,42,64,1,8,45,1,44.4,24,0.059,17,1.7,24,0.7,24,2018,10,29,LAX Hastings,33.95507,-118.43049,10/29/2018
Good,45,29,44,45,3,14,31,1,47.7,24,0.049,17,2.7,24,1.2,24,2018,11,4,LAX Hastings,33.95507,-118.43049,11/4/2018
Good,44,30,35,44,3,7,32,1,37.7,24,0.048,17,2,24,0.6,24,2018,11,10,LAX Hastings,33.95507,-118.43049,11/10/2018
Good,42,29,42,28,7,10,31,1,45.7,24,0.03,17,5.8,24,0.9,24,2018,11,16,LAX Hastings,33.95507,-118.43049,11/16/2018
Good,37,9,20,37,0,3,10,1,21.8,24,0.04,17,0.5,24,0.3,24,2018,11,22,LAX Hastings,33.95507,-118.43049,11/22/2018
Good,38,18,30,38,1,7,19,1,32.2,24,0.041,17,1.1,24,0.6,24,2018,11,28,LAX Hastings,33.95507,-118.43049,11/28/2018
Good,41,17,41,35,0,7,18,1,43.6,24,0.038,17,0.9,24,0.6,24,2018,12,4,LAX Hastings,33.95507,-118.43049,12/4/2018
Good,26,14,26,17,0,6,15,1,28.3,24,0.018,17,0.8,24,0.5,24,2018,12,10,LAX Hastings,33.95507,-118.43049,12/10/2018
Good,33,19,32,33,4,13,21,1,34.5,24,0.036,17,3.6,24,1.1,24,2018,12,16,LAX Hastings,33.95507,-118.43049,12/16/2018
Good,48,27,48,25,3,11,29,1,51.1,24,0.027,17,2.7,24,1,24,2018,12,22,LAX Hastings,33.95507,-118.43049,12/22/2018
Good,35,8,25,35,0,1,9,1,27.6,24,0.038,17,0.9,24,0.1,24,2018,12,28,LAX Hastings,33.95507,-118.43049,12/28/2018
Good,38,34,38,20,1,15,37,1,40.6,24,0.022,17,1.1,24,1.3,24,2020,1,4,Los Angeles-North Main Street,34.06659,-118.22688,1/4/2020
Good,38,34,38,20,1,14,37,1,40.6,24,0.022,17,1.1,24,1.2,24,2020,1,4,Los Angeles-North Main Street,34.06659,-118.22688,1/4/2020
Good,38,34,38,20,1,15,37,1,40.4,24,0.022,17,1.1,24,1.3,24,2020,1,4,Los Angeles-North Main Street,34.06659,-118.22688,1/4/2020
Good,38,34,38,20,1,14,37,1,40.4,24,0.022,17,1.1,24,1.2,24,2020,1,4,Los Angeles-North Main Street,34.06659,-118.22688,1/4/2020
Good,35,25,35,18,1,10,27,1,37.5,24,0.019,17,1,18,0.9,24,2020,1,10,Los Angeles-North Main Street,34.06659,-118.22688,1/10/2020
Good,35,25,35,18,1,9,27,1,37.5,24,0.019,17,1,18,0.8,17,2020,1,10,Los Angeles-North Main Street,34.06659,-118.22688,1/10/2020
Good,35,25,35,18,1,10,27,1,37.9,24,0.019,17,1,18,0.9,24,2020,1,10,Los Angeles-North Main Street,34.06659,-118.22688,1/10/2020
Good,35,25,35,18,1,9,27,1,37.9,24,0.019,17,1,18,0.8,17,2020,1,10,Los Angeles-North Main Street,34.06659,-118.22688,1/10/2020
Good,40,28,40,36,0,11,30,1,42.5,24,0.039,17,0.6,24,1,24,2020,2,21,Los Angeles-North Main Street,34.06659,-118.22688,2/21/2020
Good,40,28,40,36,0,10,30,1,42.5,24,0.039,17,0.6,24,0.9,24,2020,2,21,Los Angeles-North Main Street,34.06659,-118.22688,2/21/2020
Good,42,28,42,36,0,11,30,1,44.2,24,0.039,17,0.6,24,1,24,2020,2,21,Los Angeles-North Main Street,34.06659,-118.22688,2/21/2020
Good,42,28,42,36,0,10,30,1,44.2,24,0.039,17,0.6,24,0.9,24,2020,2,21,Los Angeles-North Main Street,34.06659,-118.22688,2/21/2020
Good,44,29,44,27,3,11,31,1,47,24,0.029,17,2.2,24,1,24,2020,2,27,Los Angeles-North Main Street,34.06659,-118.22688,2/27/2020
Good,44,29,44,27,3,10,31,1,47,24,0.029,17,2.2,24,0.9,24,2020,2,27,Los Angeles-North Main Street,34.06659,-118.22688,2/27/2020
Good,47,29,47,27,3,11,31,1,50.4,24,0.029,17,2.2,24,1,24,2020,2,27,Los Angeles-North Main Street,34.06659,-118.22688,2/27/2020
Good,47,29,47,27,3,10,31,1,50.4,24,0.029,17,2.2,24,0.9,24,2020,2,27,Los Angeles-North Main Street,34.06659,-118.22688,2/27/2020
Good,31,31,30,28,0,9,33,1,32.5,24,0.03,17,0.5,24,0.8,24,2020,3,4,Los Angeles-North Main Street,34.06659,-118.22688,3/4/2020
Good,31,31,30,28,0,8,33,1,32.5,24,0.03,17,0.5,24,0.7,24,2020,3,4,Los Angeles-North Main Street,34.06659,-118.22688,3/4/2020
Good,34,31,34,28,0,9,33,1,36.8,24,0.03,17,0.5,24,0.8,24,2020,3,4,Los Angeles-North Main Street,34.06659,-118.22688,3/4/2020
Good,34,31,34,28,0,8,33,1,36.8,24,0.03,17,0.5,24,0.7,24,2020,3,4,Los Angeles-North Main Street,34.06659,-118.22688,3/4/2020
Good,16,7,14,16,0,2,8,1,15.3,24,0.017,17,0.1,24,0.2,24,2020,3,10,Los Angeles-North Main Street,34.06659,-118.22688,3/10/2020
Good,16,7,14,16,0,2,8,1,15.3,24,0.017,17,0.1,24,0.2,24,2020,3,10,Los Angeles-North Main Street,34.06659,-118.22688,3/10/2020
Good,16,7,16,16,0,2,8,1,17.8,24,0.017,17,0.1,24,0.2,24,2020,3,10,Los Angeles-North Main Street,34.06659,-118.22688,3/10/2020
Good,16,7,16,16,0,2,8,1,17.8,24,0.017,17,0.1,24,0.2,24,2020,3,10,Los Angeles-North Main Street,34.06659,-118.22688,3/10/2020
Good,26,16,22,26,0,6,17,1,23.7,24,0.028,17,0.1,24,0.5,24,2020,3,16,Los Angeles-North Main Street,34.06659,-118.22688,3/16/2020
Good,26,16,22,26,0,6,17,1,23.7,24,0.028,17,0.1,24,0.5,24,2020,3,16,Los Angeles-North Main Street,34.06659,-118.22688,3/16/2020
Good,26,16,24,26,0,6,17,1,25.4,24,0.028,17,0.1,24,0.5,24,2020,3,16,Los Angeles-North Main Street,34.06659,-118.22688,3/16/2020
Good,26,16,24,26,0,6,17,1,25.4,24,0.028,17,0.1,24,0.5,24,2020,3,16,Los Angeles-North Main Street,34.06659,-118.22688,3/16/2020
Good,31,6,19,31,0,5,7,1,20.6,24,0.034,17,0.1,24,0.4,24,2020,3,22,Los Angeles-North Main Street,34.06659,-118.22688,3/22/2020
Good,45,19,11,45,0,2,21,1,12.5,24,0.049,17,0.3,24,0.2,24,2020,7,2,Los Angeles-North Main Street,34.06659,-118.22688,7/2/2020
Good,45,19,11,45,0,2,21,1,12.5,24,0.049,17,0.3,24,0.2,24,2020,7,2,Los Angeles-North Main Street,34.06659,-118.22688,7/2/2020
Good,45,19,10,45,0,2,21,1,11.6,24,0.049,17,0.3,24,0.2,24,2020,7,2,Los Angeles-North Main Street,34.06659,-118.22688,7/2/2020
Good,45,19,10,45,0,2,21,1,11.6,24,0.049,17,0.3,24,0.2,24,2020,7,2,Los Angeles-North Main Street,34.06659,-118.22688,7/2/2020
Good,47,31,22,47,0,3,34,1,23.1,24,0.051,17,0.4,24,0.3,24,2020,7,8,Los Angeles-North Main Street,34.06659,-118.22688,7/8/2020
Good,47,31,22,47,0,3,34,1,23.1,24,0.051,17,0.4,24,0.3,24,2020,7,8,Los Angeles-North Main Street,34.06659,-118.22688,7/8/2020
Good,47,31,20,47,0,3,34,1,21.6,24,0.051,17,0.4,24,0.3,24,2020,7,8,Los Angeles-North Main Street,34.06659,-118.22688,7/8/2020
Good,47,31,20,47,0,3,34,1,21.6,24,0.051,17,0.4,24,0.3,24,2020,7,8,Los Angeles-North Main Street,34.06659,-118.22688,7/8/2020
Good,43,25,16,43,1,2,27,1,17,24,0.046,17,1,24,0.2,24,2020,7,14,Los Angeles-North Main Street,34.06659,-118.22688,7/14/2020
Good,43,25,15,43,1,2,27,1,16.8,24,0.046,17,1,24,0.2,24,2020,7,14,Los Angeles-North Main Street,34.06659,-118.22688,7/14/2020
Good,39,18,18,39,0,3,19,1,19.2,24,0.042,17,0.8,24,0.3,24,2020,7,20,Los Angeles-North Main Street,34.06659,-118.22688,7/20/2020
Good,39,18,17,39,0,3,19,1,18.7,24,0.042,17,0.8,24,0.3,24,2020,7,20,Los Angeles-North Main Street,34.06659,-118.22688,7/20/2020
Good,42,16,12,42,0,3,17,1,13.5,24,0.045,17,0.2,24,0.3,24,2020,7,26,Los Angeles-North Main Street,34.06659,-118.22688,7/26/2020
Good,42,16,11,42,0,3,17,1,12.7,24,0.045,17,0.2,24,0.3,24,2020,7,26,Los Angeles-North Main Street,34.06659,-118.22688,7/26/2020
Good,50,31,42,50,1,5,34,1,45.8,24,0.054,17,1.2,24,0.4,2,2020,8,1,Los Angeles-North Main Street,34.06659,-118.22688,8/1/2020
Good,50,31,40,50,1,5,34,1,42.7,24,0.054,17,1.2,24,0.4,2,2020,8,1,Los Angeles-North Main Street,34.06659,-118.22688,8/1/2020
Good,44,21,22,44,0,3,23,1,23.7,24,0.048,17,0.6,24,0.3,24,2020,8,7,Los Angeles-North Main Street,34.06659,-118.22688,8/7/2020
Good,44,21,19,44,0,3,23,1,20.7,24,0.048,17,0.6,24,0.3,24,2020,8,7,Los Angeles-North Main Street,34.06659,-118.22688,8/7/2020
Moderate Pollution,101,30,41,101,1,10,32,1,43.3,24,0.071,17,1.4,24,0.9,24,2020,8,15,Los Angeles-North Main Street,34.06659,-118.22688,8/15/2020
Moderate Pollution,101,30,38,101,1,10,32,1,40.5,24,0.071,17,1.4,24,0.9,24,2020,8,15,Los Angeles-North Main Street,34.06659,-118.22688,8/15/2020
Moderate Pollution,84,30,32,84,1,8,32,1,34.2,24,0.065,17,1.1,24,0.7,24,2020,8,19,Los Angeles-North Main Street,34.06659,-118.22688,8/19/2020
Moderate Pollution,84,30,29,84,1,8,32,1,31.5,24,0.065,17,1.1,24,0.7,24,2020,8,19,Los Angeles-North Main Street,34.06659,-118.22688,8/19/2020
Good,34,20,24,34,0,8,22,1,25.5,24,0.037,17,0.5,24,0.7,24,2020,8,25,Los Angeles-North Main Street,34.06659,-118.22688,8/25/2020
Good,34,20,22,34,0,8,22,1,23.1,24,0.037,17,0.5,24,0.7,24,2020,8,25,Los Angeles-North Main Street,34.06659,-118.22688,8/25/2020
Good,47,14,14,47,0,5,15,1,15.8,24,0.051,17,0.2,24,0.4,24,2020,8,31,Los Angeles-North Main Street,34.06659,-118.22688,8/31/2020
Good,47,14,14,47,0,5,15,1,15.1,24,0.051,17,0.2,24,0.4,24,2020,8,31,Los Angeles-North Main Street,34.06659,-118.22688,8/31/2020
Poor,214,31,42,214,0,15,33,1,44.6,24,0.118,17,0.9,24,1.3,24,2020,9,6,Los Angeles-North Main Street,34.06659,-118.22688,9/6/2020
Poor,214,31,37,214,0,15,33,1,39.5,24,0.118,17,0.9,24,1.3,24,2020,9,6,Los Angeles-North Main Street,34.06659,-118.22688,9/6/2020
Moderate Pollution,65,65,39,42,1,16,83,1,41.6,24,0.045,17,1,24,1.4,24,2020,9,12,Los Angeles-North Main Street,34.06659,-118.22688,9/12/2020
Moderate Pollution,65,65,34,42,1,16,83,1,36.4,24,0.045,17,1,24,1.4,24,2020,9,12,Los Angeles-North Main Street,34.06659,-118.22688,9/12/2020
Moderate Pollution,119,49,48,119,1,13,53,1,51.1,23,0.076,17,1.5,24,1.1,24,2020,9,18,Los Angeles-North Main Street,34.06659,-118.22688,9/18/2020
Moderate Pollution,119,49,48,119,1,13,53,1,51.7,23,0.076,17,1.5,24,1.1,24,2020,9,18,Los Angeles-North Main Street,34.06659,-118.22688,9/18/2020
Moderate Pollution,90,34,44,90,1,9,37,1,47.5,24,0.067,17,1,20,0.8,24,2020,9,24,Los Angeles-North Main Street,34.06659,-118.22688,9/24/2020
Moderate Pollution,90,34,40,90,1,9,37,1,42.8,24,0.067,17,1,20,0.8,24,2020,9,24,Los Angeles-North Main Street,34.06659,-118.22688,9/24/2020
Moderate Pollution,97,40,44,97,0,9,43,1,47.4,24,0.069,17,0.6,18,0.8,24,2020,9,30,Los Angeles-North Main Street,34.06659,-118.22688,9/30/2020
Moderate Pollution,97,40,41,97,0,9,43,1,43.6,24,0.069,17,0.6,18,0.8,24,2020,9,30,Los Angeles-North Main Street,34.06659,-118.22688,9/30/2020
Moderate Pollution,112,50,42,112,0,14,54,1,45.3,24,0.074,17,0.7,24,1.2,24,2020,10,6,Los Angeles-North Main Street,34.06659,-118.22688,10/6/2020
Moderate Pollution,112,50,39,112,0,14,54,1,41.8,24,0.074,17,0.7,24,1.2,24,2020,10,6,Los Angeles-North Main Street,34.06659,-118.22688,10/6/2020
Moderate Pollution,80,30,39,80,0,9,32,1,41.6,24,0.064,17,0.4,24,0.8,24,2020,10,12,Los Angeles-North Main Street,34.06659,-118.22688,10/12/2020
Moderate Pollution,80,30,34,80,0,9,32,1,36.8,24,0.064,17,0.4,24,0.8,24,2020,10,12,Los Angeles-North Main Street,34.06659,-118.22688,10/12/2020
Moderate Pollution,67,34,21,67,0,7,37,1,22.7,24,0.06,17,0.6,24,0.6,24,2020,10,18,Los Angeles-North Main Street,34.06659,-118.22688,10/18/2020
Moderate Pollution,67,34,17,67,0,7,37,1,18.1,24,0.06,17,0.6,24,0.6,24,2020,10,18,Los Angeles-North Main Street,34.06659,-118.22688,10/18/2020
Moderate Pollution,74,50,39,74,0,10,54,1,41.2,24,0.062,17,0.7,24,0.9,24,2020,10,28,Los Angeles-North Main Street,34.06659,-118.22688,10/28/2020
Moderate Pollution,74,50,38,74,0,10,54,1,40.3,24,0.062,17,0.7,24,0.9,24,2020,10,28,Los Angeles-North Main Street,34.06659,-118.22688,10/28/2020
Moderate Pollution,51,44,51,47,0,14,47,1,54.2,24,0.051,17,0.8,24,1.2,24,2020,10,30,Los Angeles-North Main Street,34.06659,-118.22688,10/30/2020
Good,47,44,46,47,0,14,47,1,49.5,24,0.051,17,0.8,24,1.2,24,2020,10,30,Los Angeles-North Main Street,34.06659,-118.22688,10/30/2020
Moderate Pollution,51,40,51,23,0,15,43,1,54.7,20,0.025,13,0.7,24,1.3,17,2020,11,5,Los Angeles-North Main Street,34.06659,-118.22688,11/5/2020
Good,36,29,36,33,0,9,31,1,38.9,24,0.036,17,0.6,24,0.8,24,2020,11,11,Los Angeles-North Main Street,34.06659,-118.22688,11/11/2020
Good,36,29,36,33,0,9,31,1,38.9,24,0.036,17,0.6,24,0.8,24,2020,11,11,Los Angeles-North Main Street,34.06659,-118.22688,11/11/2020
Good,34,29,34,33,0,9,31,1,36.3,24,0.036,17,0.6,24,0.8,24,2020,11,11,Los Angeles-North Main Street,34.06659,-118.22688,11/11/2020
Good,34,29,34,33,0,9,31,1,36.3,24,0.036,17,0.6,24,0.8,24,2020,11,11,Los Angeles-North Main Street,34.06659,-118.22688,11/11/2020
Good,44,38,44,34,1,11,41,1,47.9,24,0.037,17,1.6,24,1,24,2020,11,17,Los Angeles-North Main Street,34.06659,-118.22688,11/17/2020
Good,44,38,44,34,1,13,41,1,47.9,24,0.037,17,1.6,24,1.1,24,2020,11,17,Los Angeles-North Main Street,34.06659,-118.22688,11/17/2020
Good,41,38,41,34,1,11,41,1,43.1,24,0.037,17,1.6,24,1,24,2020,11,17,Los Angeles-North Main Street,34.06659,-118.22688,11/17/2020
Good,41,38,41,34,1,13,41,1,43.1,24,0.037,17,1.6,24,1.1,24,2020,11,17,Los Angeles-North Main Street,34.06659,-118.22688,11/17/2020
Good,38,38,34,30,0,13,41,1,36.2,24,0.032,17,0.3,24,1.1,24,2020,11,23,Los Angeles-North Main Street,34.06659,-118.22688,11/23/2020
Good,38,38,34,30,0,11,41,1,36.2,24,0.032,17,0.3,24,1,24,2020,11,23,Los Angeles-North Main Street,34.06659,-118.22688,11/23/2020
Good,38,38,29,30,0,13,41,1,31.7,24,0.032,17,0.3,24,1.1,24,2020,11,23,Los Angeles-North Main Street,34.06659,-118.22688,11/23/2020
Good,38,38,29,30,0,11,41,1,31.7,24,0.032,17,0.3,24,1,24,2020,11,23,Los Angeles-North Main Street,34.06659,-118.22688,11/23/2020
Good,39,24,35,39,0,13,26,1,37,24,0.042,17,0.5,24,1.1,24,2020,11,29,Los Angeles-North Main Street,34.06659,-118.22688,11/29/2020
Good,39,24,35,39,0,11,26,1,37,24,0.042,17,0.5,24,1,24,2020,11,29,Los Angeles-North Main Street,34.06659,-118.22688,11/29/2020
Good,39,24,34,39,0,13,26,1,36.4,24,0.042,17,0.5,24,1.1,24,2020,11,29,Los Angeles-North Main Street,34.06659,-118.22688,11/29/2020
Good,39,24,34,39,0,11,26,1,36.4,24,0.042,17,0.5,24,1,24,2020,11,29,Los Angeles-North Main Street,34.06659,-118.22688,11/29/2020
Moderate Pollution,51,39,51,23,1,17,42,1,54.6,24,0.025,17,1.6,24,1.5,24,2020,12,5,Los Angeles-North Main Street,34.06659,-118.22688,12/5/2020
Moderate Pollution,51,39,51,23,1,14,42,1,54.6,24,0.025,17,1.6,24,1.2,2,2020,12,5,Los Angeles-North Main Street,34.06659,-118.22688,12/5/2020
Good,49,39,49,23,1,17,42,1,52.2,24,0.025,17,1.6,24,1.5,24,2020,12,5,Los Angeles-North Main Street,34.06659,-118.22688,12/5/2020
Good,49,39,49,23,1,14,42,1,52.2,24,0.025,17,1.6,24,1.2,2,2020,12,5,Los Angeles-North Main Street,34.06659,-118.22688,12/5/2020
Good,34,32,31,34,0,8,35,1,33.4,19,0.037,13,0.3,24,0.7,16,2020,12,11,Los Angeles-North Main Street,34.06659,-118.22688,12/11/2020
Good,34,32,27,34,0,8,35,1,29.5,19,0.037,13,0.3,24,0.7,16,2020,12,11,Los Angeles-North Main Street,34.06659,-118.22688,12/11/2020
Good,41,30,41,24,0,14,32,1,43.7,24,0.026,17,0.8,24,1.2,24,2020,12,17,Los Angeles-North Main Street,34.06659,-118.22688,12/17/2020
Good,39,30,39,24,0,14,32,1,41.3,24,0.026,17,0.8,24,1.2,24,2020,12,17,Los Angeles-North Main Street,34.06659,-118.22688,12/17/2020
Good,50,44,50,15,0,11,48,1,53.3,24,0.016,17,0.5,20,1,24,2020,12,23,Los Angeles-North Main Street,34.06659,-118.22688,12/23/2020
Good,45,44,45,15,0,11,48,1,48.5,24,0.016,17,0.5,20,1,24,2020,12,23,Los Angeles-North Main Street,34.06659,-118.22688,12/23/2020
Good,35,14,35,27,0,8,15,1,37.9,24,0.029,17,0.4,23,0.7,24,2020,12,29,Los Angeles-North Main Street,34.06659,-118.22688,12/29/2020
Good,35,14,35,27,0,8,15,1,37.9,24,0.029,17,0.4,23,0.7,24,2020,12,29,Los Angeles-North Main Street,34.06659,-118.22688,12/29/2020
Good,33,14,33,27,0,8,15,1,35.1,24,0.029,17,0.4,23,0.7,24,2020,12,29,Los Angeles-North Main Street,34.06659,-118.22688,12/29/2020
Good,33,14,33,27,0,8,15,1,35.1,24,0.029,17,0.4,23,0.7,24,2020,12,29,Los Angeles-North Main Street,34.06659,-118.22688,12/29/2020
Good,33,24,32,33,1,14,26,1,34.3,24,0.036,17,1.3,24,1.2,24,2020,1,4,LAX Hastings,33.95507,-118.43049,1/4/2020
Good,29,13,29,20,1,7,14,1,31.5,24,0.022,17,1.8,24,0.6,24,2020,1,10,LAX Hastings,33.95507,-118.43049,1/10/2020
Good,39,25,39,33,0,13,27,1,41.2,24,0.036,17,0.9,24,1.1,24,2020,1,16,LAX Hastings,33.95507,-118.43049,1/16/2020
Good,31,18,29,31,1,7,19,1,31.9,24,0.033,17,1.3,24,0.6,24,2020,1,22,LAX Hastings,33.95507,-118.43049,1/22/2020
Good,44,14,44,35,6,3,15,1,47.3,24,0.038,17,4.1,24,0.3,24,2020,1,28,LAX Hastings,33.95507,-118.43049,1/28/2020
Good,35,17,9,35,0,2,18,1,10.9,24,0.038,17,0.4,24,0.2,24,2020,2,3,LAX Hastings,33.95507,-118.43049,2/3/2020
Good,32,13,17,32,0,3,14,1,18.4,24,0.035,17,0.8,24,0.3,24,2020,2,9,LAX Hastings,33.95507,-118.43049,2/9/2020
Good,42,26,36,42,3,10,28,1,38.6,24,0.045,17,2.2,24,0.9,24,2020,2,15,LAX Hastings,33.95507,-118.43049,2/15/2020
Good,44,22,40,44,1,8,24,1,42.4,24,0.047,17,1.8,24,0.7,24,2020,2,21,LAX Hastings,33.95507,-118.43049,2/21/2020
Good,37,19,36,37,0,7,21,1,38.7,24,0.04,17,0.6,24,0.6,24,2020,2,27,LAX Hastings,33.95507,-118.43049,2/27/2020
Good,33,24,22,33,1,3,26,1,23.5,24,0.036,17,1,24,0.3,24,2020,3,4,LAX Hastings,33.95507,-118.43049,3/4/2020
Good,39,39,4,26,0,1,42,1,4.8,24,0.028,24,0.4,24,0.1,24,2020,7,2,LAX Hastings,33.95507,-118.43049,7/2/2020
Good,31,19,13,31,0,2,20,1,14.2,24,0.034,17,0.5,24,0.2,24,2020,7,8,LAX Hastings,33.95507,-118.43049,7/8/2020
Good,31,15,7,31,0,1,16,1,7,20,0.034,14,0.3,20,0.1,17,2020,7,14,LAX Hastings,33.95507,-118.43049,7/14/2020
Good,29,10,8,29,0,1,11,1,8.5,24,0.031,17,0.8,24,0.1,24,2020,7,20,LAX Hastings,33.95507,-118.43049,7/20/2020
Good,28,10,8,28,0,1,11,1,9.2,24,0.03,17,0.4,24,0.1,24,2020,7,26,LAX Hastings,33.95507,-118.43049,7/26/2020
Good,29,18,18,29,1,1,19,1,19.8,24,0.031,17,1,24,0.1,24,2020,8,1,LAX Hastings,33.95507,-118.43049,8/1/2020
Good,31,13,11,31,0,1,14,1,12.2,24,0.034,17,0.6,24,0.1,24,2020,8,7,LAX Hastings,33.95507,-118.43049,8/7/2020
Good,27,19,21,27,0,3,20,1,22.9,24,0.029,17,0.6,24,0.3,24,2020,8,19,LAX Hastings,33.95507,-118.43049,8/19/2020
Good,31,23,13,31,1,2,25,1,14.5,24,0.034,17,1.2,24,0.2,24,2020,8,27,LAX Hastings,33.95507,-118.43049,8/27/2020
Good,36,6,3,36,0,1,6,1,3.6,24,0.039,17,0.1,24,0.1,24,2020,8,31,LAX Hastings,33.95507,-118.43049,8/31/2020
Moderate Pollution,112,40,29,112,3,7,43,1,31.4,24,0.074,17,2.5,24,0.6,24,2020,9,6,LAX Hastings,33.95507,-118.43049,9/6/2020
Moderate Pollution,51,51,32,30,0,11,55,1,34.6,24,0.032,17,0.8,24,1,24,2020,9,12,LAX Hastings,33.95507,-118.43049,9/12/2020
Good,43,35,28,43,1,6,38,1,30.7,24,0.046,17,1.7,24,0.5,24,2020,9,18,LAX Hastings,33.95507,-118.43049,9/18/2020
Good,37,11,33,37,1,5,12,1,35.4,24,0.04,17,1.6,24,0.4,24,2020,9,24,LAX Hastings,33.95507,-118.43049,9/24/2020
Good,44,31,41,44,1,9,33,1,43.6,24,0.048,17,1,24,0.8,24,2020,9,30,LAX Hastings,33.95507,-118.43049,9/30/2020
Good,50,28,15,50,0,5,30,1,16.6,22,0.054,17,0.4,22,0.4,24,2020,10,6,LAX Hastings,33.95507,-118.43049,10/6/2020
Good,40,19,28,40,0,5,21,1,30.1,24,0.043,17,0.6,24,0.4,24,2020,10,12,LAX Hastings,33.95507,-118.43049,10/12/2020
Good,41,23,27,41,0,5,25,1,29.3,24,0.044,17,0.5,24,0.4,24,2020,10,18,LAX Hastings,33.95507,-118.43049,10/18/2020
Good,30,13,8,30,0,2,14,1,8.2,24,0.032,17,0.1,24,0.2,24,2020,10,24,LAX Hastings,33.95507,-118.43049,10/24/2020
Moderate Pollution,54,38,54,38,1,14,41,1,57.8,24,0.041,17,1.2,24,1.2,24,2020,10,30,LAX Hastings,33.95507,-118.43049,10/30/2020
Good,37,21,37,32,1,8,23,1,39.7,24,0.035,17,1.5,24,0.7,24,2020,11,11,LAX Hastings,33.95507,-118.43049,11/11/2020
Good,47,16,47,36,0,9,17,1,50.3,21,0.039,15,0.8,21,0.8,18,2020,11,17,LAX Hastings,33.95507,-118.43049,11/17/2020
Good,37,25,37,25,1,8,27,1,39,24,0.027,17,1.2,24,0.7,24,2020,12,5,LAX Hastings,33.95507,-118.43049,12/5/2020
Good,34,24,28,34,0,7,26,1,30.7,21,0.037,18,0.4,21,0.6,18,2020,12,11,LAX Hastings,33.95507,-118.43049,12/11/2020
Good,47,25,47,29,4,13,27,1,50.9,22,0.031,17,3,22,1.1,24,2020,12,17,LAX Hastings,33.95507,-118.43049,12/17/2020
Good,42,36,42,20,3,8,39,1,45.1,24,0.022,17,2.1,24,0.7,24,2020,12,23,LAX Hastings,33.95507,-118.43049,12/23/2020
Good,28,7,26,28,1,5,8,1,28.9,24,0.03,17,1.4,24,0.4,24,2020,12,29,LAX Hastings,33.95507,-118.43049,12/29/2020
