D-AQI,DMean PM10,PM10 AQI,PM-WEIGHT,DMax NO2,NO2 AQI,NO2-WEIGHT,DMax Ozone,Ozone AQI,OZONE-WEIGHT,DMax SO2,SO2 AQI,SO2-WEIGHT,DMax CO,CO AQI,CO-WEIGHT,Year,Month,Day,Site Name,Lat,Lng,Date
,17,16,1,35.7,33,23,0.037,34,17,0.6,0,24,0.8,9,18,2016,01,01,Los Angeles-North Main Street,34.06659,-118.22688,1/1/2016
,17,16,1,35.7,33,23,0.037,34,17,0.6,0,24,0.8,9,19,2016,01,01,Los Angeles-North Main Street,34.06659,-118.22688,1/1/2016
,7,6,1,35.9,33,18,0.03,28,13,0,0,24,0.3,3,24,2016,01,07,Los Angeles-North Main Street,34.06659,-118.22688,1/7/2016
,22,20,1,47.6,44,22,0.017,16,17,0.9,0,24,1,11,24,2016,01,13,Los Angeles-North Main Street,34.06659,-118.22688,1/13/2016
,22,20,1,47.6,44,22,0.017,16,17,0.9,0,24,1,11,24,2016,01,13,Los Angeles-North Main Street,34.06659,-118.22688,1/13/2016
,18,17,1,27.9,25,22,0.017,16,17,0.3,0,24,0.7,8,24,2016,01,19,Los Angeles-North Main Street,34.06659,-118.22688,1/19/2016
,18,17,1,27.9,25,22,0.017,16,17,0.3,0,24,0.7,8,24,2016,01,19,Los Angeles-North Main Street,34.06659,-118.22688,1/19/2016
,26,24,1,46.3,43,23,0.027,25,17,0.5,0,24,0.9,10,24,2016,01,25,Los Angeles-North Main Street,34.06659,-118.22688,1/25/2016
,26,24,1,46.3,43,23,0.027,25,17,0.5,0,24,0.8,9,24,2016,01,25,Los Angeles-North Main Street,34.06659,-118.22688,1/25/2016
,10,9,1,19.8,18,23,0.036,33,17,0.2,0,24,0.3,3,24,2016,01,31,Los Angeles-North Main Street,34.06659,-118.22688,1/31/2016
,17,16,1,49.6,46,23,0.037,34,17,0.5,0,24,1,11,24,2016,02,06,Los Angeles-North Main Street,34.06659,-118.22688,2/6/2016
,38,35,1,61.7,58,22,0.044,41,17,0.7,0,24,1.3,15,24,2016,02,12,Los Angeles-North Main Street,34.06659,-118.22688,2/12/2016
,13,12,1,39.7,37,23,0.033,31,17,0.1,0,24,0.5,6,24,2016,02,18,Los Angeles-North Main Street,34.06659,-118.22688,2/18/2016
,22,20,1,54.5,51,23,0.044,41,17,0.4,0,24,0.7,8,24,2016,02,24,Los Angeles-North Main Street,34.06659,-118.22688,2/24/2016
,12,11,1,27.3,25,23,0.041,38,17,0,0,24,0.4,5,24,2016,03,07,Los Angeles-North Main Street,34.06659,-118.22688,3/7/2016
,12,11,1,27.3,25,23,0.041,38,17,0,0,24,0.4,5,24,2016,03,07,Los Angeles-North Main Street,34.06659,-118.22688,3/7/2016
,19,18,1,22.7,21,23,0.042,39,17,0.4,0,24,0.5,6,24,2016,03,13,Los Angeles-North Main Street,34.06659,-118.22688,3/13/2016
,19,18,1,22.7,21,23,0.042,39,17,0.4,0,24,0.4,5,24,2016,03,13,Los Angeles-North Main Street,34.06659,-118.22688,3/13/2016
,41,38,1,28,26,23,0.055,51,17,0.3,0,24,0.5,6,24,2016,03,19,Los Angeles-North Main Street,34.06659,-118.22688,3/19/2016
,41,38,1,28,26,23,0.055,51,17,0.3,0,24,0.5,6,24,2016,03,19,Los Angeles-North Main Street,34.06659,-118.22688,3/19/2016
,28,26,1,41.9,39,23,0.045,42,17,1,1,24,0.9,10,24,2016,03,25,Los Angeles-North Main Street,34.06659,-118.22688,3/25/2016
,28,26,1,41.9,39,23,0.045,42,17,1,1,24,0.8,9,24,2016,03,25,Los Angeles-North Main Street,34.06659,-118.22688,3/25/2016
,25,23,1,31.8,29,23,0.041,38,17,0.6,0,24,0.7,8,24,2016,03,31,Los Angeles-North Main Street,34.06659,-118.22688,3/31/2016
,25,23,1,31.8,29,23,0.041,38,17,0.6,0,24,0.7,8,24,2016,03,31,Los Angeles-North Main Street,34.06659,-118.22688,3/31/2016
,26,24,1,41.9,39,22,0.046,43,17,0.4,0,24,0.7,8,24,2016,04,06,Los Angeles-North Main Street,34.06659,-118.22688,4/6/2016
,26,24,1,41.9,39,22,0.046,43,17,0.4,0,24,0.7,8,24,2016,04,06,Los Angeles-North Main Street,34.06659,-118.22688,4/6/2016
,18,17,1,29.5,27,21,0.037,34,14,0.5,0,24,0.6,7,21,2016,04,12,Los Angeles-North Main Street,34.06659,-118.22688,4/12/2016
,18,17,1,29.5,27,21,0.037,34,14,0.5,0,24,0.5,6,24,2016,04,12,Los Angeles-North Main Street,34.06659,-118.22688,4/12/2016
,26,24,1,53.6,50,23,0.062,74,17,1.1,1,24,0.7,8,24,2016,04,18,Los Angeles-North Main Street,34.06659,-118.22688,4/18/2016
,26,24,1,53.6,50,23,0.062,74,17,1.1,1,24,0.7,8,24,2016,04,18,Los Angeles-North Main Street,34.06659,-118.22688,4/18/2016
,28,26,1,26.9,25,22,0.056,54,17,0.4,0,24,0.5,6,24,2016,04,24,Los Angeles-North Main Street,34.06659,-118.22688,4/24/2016
,28,26,1,26.9,25,22,0.056,54,17,0.4,0,24,0.4,5,24,2016,04,24,Los Angeles-North Main Street,34.06659,-118.22688,4/24/2016
,24,22,1,18.8,17,23,0.049,45,17,0.2,0,24,0.3,3,24,2016,04,30,Los Angeles-North Main Street,34.06659,-118.22688,4/30/2016
,24,22,1,18.8,17,23,0.049,45,17,0.2,0,24,0.3,3,24,2016,04,30,Los Angeles-North Main Street,34.06659,-118.22688,4/30/2016
,10,9,1,26.6,25,23,0.04,37,17,0.1,0,24,0.3,3,24,2016,05,07,Los Angeles-North Main Street,34.06659,-118.22688,5/7/2016
,10,9,1,26.6,25,23,0.04,37,17,0.1,0,24,0.4,5,24,2016,05,07,Los Angeles-North Main Street,34.06659,-118.22688,5/7/2016
,18,17,1,21.2,20,21,0.043,40,14,0.3,0,24,0.3,3,21,2016,05,18,Los Angeles-North Main Street,34.06659,-118.22688,5/18/2016
,18,17,1,21.2,20,21,0.043,40,14,0.3,0,24,0.3,3,19,2016,05,18,Los Angeles-North Main Street,34.06659,-118.22688,5/18/2016
,13,12,1,20.9,19,21,0.033,31,14,0.7,0,24,0.3,3,21,2016,05,24,Los Angeles-North Main Street,34.06659,-118.22688,5/24/2016
,13,12,1,20.9,19,21,0.033,31,14,0.7,0,24,0.2,2,24,2016,05,24,Los Angeles-North Main Street,34.06659,-118.22688,5/24/2016
,16,15,1,10.7,9,23,0.05,46,17,0.3,0,24,0.3,3,24,2016,05,30,Los Angeles-North Main Street,34.06659,-118.22688,5/30/2016
,16,15,1,10.7,9,23,0.05,46,17,0.3,0,24,0.2,2,24,2016,05,30,Los Angeles-North Main Street,34.06659,-118.22688,5/30/2016
,12,11,1,18.5,17,22,0.046,43,17,0.3,0,24,0.3,3,24,2016,06,05,Los Angeles-North Main Street,34.06659,-118.22688,6/5/2016
,12,11,1,18.5,17,22,0.046,43,17,0.3,0,24,0.3,3,24,2016,06,05,Los Angeles-North Main Street,34.06659,-118.22688,6/5/2016
,7,6,1,12.3,11,21,0.029,27,14,0.3,0,24,0.2,2,21,2016,06,11,Los Angeles-North Main Street,34.06659,-118.22688,6/11/2016
,7,6,1,12.3,11,21,0.029,27,14,0.3,0,24,0.2,2,24,2016,06,11,Los Angeles-North Main Street,34.06659,-118.22688,6/11/2016
,45,42,1,40.1,38,22,0.074,112,17,1.9,1,24,0.7,8,21,2016,06,17,Los Angeles-North Main Street,34.06659,-118.22688,6/17/2016
,45,42,1,40.1,38,22,0.074,112,17,1.9,1,24,0.7,8,24,2016,06,17,Los Angeles-North Main Street,34.06659,-118.22688,6/17/2016
,29,27,1,18.4,17,22,0.045,42,17,0.9,0,24,0.3,3,24,2016,06,23,Los Angeles-North Main Street,34.06659,-118.22688,6/23/2016
,29,27,1,18.4,17,22,0.045,42,17,0.9,0,24,0.3,3,24,2016,06,23,Los Angeles-North Main Street,34.06659,-118.22688,6/23/2016
,30,28,1,36.2,34,21,0.056,54,14,0.9,0,24,0.5,6,24,2016,06,29,Los Angeles-North Main Street,34.06659,-118.22688,6/29/2016
,30,28,1,36.2,34,21,0.056,54,14,0.9,0,24,0.5,6,24,2016,06,29,Los Angeles-North Main Street,34.06659,-118.22688,6/29/2016
,19,18,1,20.9,19,19,0.047,44,14,0.6,0,24,0.3,3,21,2016,07,05,Los Angeles-North Main Street,34.06659,-118.22688,7/5/2016
,19,18,1,20.9,19,19,0.047,44,14,0.6,0,24,0.3,3,24,2016,07,05,Los Angeles-North Main Street,34.06659,-118.22688,7/5/2016
,29,27,1,19.4,18,21,0.05,46,14,0.7,0,23,0.3,3,21,2016,07,11,Los Angeles-North Main Street,34.06659,-118.22688,7/11/2016
,29,27,1,19.4,18,21,0.05,46,14,0.7,0,23,0.3,3,24,2016,07,11,Los Angeles-North Main Street,34.06659,-118.22688,7/11/2016
,19,18,1,10.8,9,23,0.052,48,17,0.8,0,23,0.3,3,24,2016,07,17,Los Angeles-North Main Street,34.06659,-118.22688,7/17/2016
,19,18,1,10.8,9,23,0.052,48,17,0.8,0,23,0.2,2,24,2016,07,17,Los Angeles-North Main Street,34.06659,-118.22688,7/17/2016
,48,44,1,44.4,42,22,0.061,71,17,2.3,3,24,0.6,7,24,2016,07,23,Los Angeles-North Main Street,34.06659,-118.22688,7/23/2016
,48,44,1,44.4,42,22,0.061,71,17,2.3,3,24,0.6,7,24,2016,07,23,Los Angeles-North Main Street,34.06659,-118.22688,7/23/2016
,23,21,1,22.4,21,24,0.048,44,17,0.6,0,24,0.3,3,24,2016,08,04,Los Angeles-North Main Street,34.06659,-118.22688,8/4/2016
,23,21,1,22.4,21,24,0.048,44,17,0.6,0,24,0.3,3,24,2016,08,04,Los Angeles-North Main Street,34.06659,-118.22688,8/4/2016
,24,22,1,25,24,24,0.054,50,17,1.1,1,24,0.4,5,24,2016,08,10,Los Angeles-North Main Street,34.06659,-118.22688,8/10/2016
,24,22,1,25,24,24,0.054,50,17,1.1,1,24,0.4,5,24,2016,08,10,Los Angeles-North Main Street,34.06659,-118.22688,8/10/2016
,29,27,1,33.5,31,24,0.046,43,17,1.5,1,24,0.6,7,24,2016,08,22,Los Angeles-North Main Street,34.06659,-118.22688,8/22/2016
,29,27,1,33.5,31,24,0.046,43,17,1.5,1,24,0.6,7,24,2016,08,22,Los Angeles-North Main Street,34.06659,-118.22688,8/22/2016
,24,22,1,22.4,21,24,0.051,47,17,0.6,0,24,0.4,5,24,2016,08,28,Los Angeles-North Main Street,34.06659,-118.22688,8/28/2016
,24,22,1,22.4,21,24,0.051,47,17,0.6,0,24,0.4,5,24,2016,08,28,Los Angeles-North Main Street,34.06659,-118.22688,8/28/2016
,24,22,1,12.2,11,24,0.044,41,17,0.4,0,24,0.2,2,24,2016,09,03,Los Angeles-North Main Street,34.06659,-118.22688,9/3/2016
,24,22,1,12.2,11,24,0.044,41,17,0.4,0,24,0.2,2,24,2016,09,03,Los Angeles-North Main Street,34.06659,-118.22688,9/3/2016
,28,26,1,18.3,17,24,0.048,44,17,0.4,0,24,0.3,3,24,2016,09,09,Los Angeles-North Main Street,34.06659,-118.22688,9/9/2016
,28,26,1,18.3,17,24,0.048,44,17,0.4,0,24,0.3,3,24,2016,09,09,Los Angeles-North Main Street,34.06659,-118.22688,9/9/2016
,28,26,1,28.3,26,24,0.043,40,17,1.2,1,24,0.6,7,24,2016,09,15,Los Angeles-North Main Street,34.06659,-118.22688,9/15/2016
,28,26,1,28.3,26,24,0.043,40,17,1.2,1,24,0.6,7,24,2016,09,15,Los Angeles-North Main Street,34.06659,-118.22688,9/15/2016
,41,38,1,45.8,42,24,0.055,51,17,1.1,1,24,0.6,7,24,2016,09,27,Los Angeles-North Main Street,34.06659,-118.22688,9/27/2016
,41,38,1,45.8,42,24,0.055,51,17,1.1,1,24,0.5,6,24,2016,09,27,Los Angeles-North Main Street,34.06659,-118.22688,9/27/2016
,32,30,1,35.5,33,24,0.042,39,17,0.6,0,24,0.5,6,24,2016,10,03,Los Angeles-North Main Street,34.06659,-118.22688,10/3/2016
,32,30,1,35.5,33,24,0.042,39,17,0.6,0,24,0.5,6,24,2016,10,03,Los Angeles-North Main Street,34.06659,-118.22688,10/3/2016
,26,24,1,39.6,37,24,0.069,97,17,0.7,0,24,0.9,10,24,2016,10,09,Los Angeles-North Main Street,34.06659,-118.22688,10/9/2016
,26,24,1,39.6,37,24,0.069,97,17,0.7,0,24,0.9,10,24,2016,10,09,Los Angeles-North Main Street,34.06659,-118.22688,10/9/2016
,17,16,1,15.8,14,24,0.03,28,17,0.8,0,24,0.3,3,24,2016,10,15,Los Angeles-North Main Street,34.06659,-118.22688,10/15/2016
,17,16,1,15.8,14,24,0.03,28,17,0.8,0,24,0.3,3,24,2016,10,15,Los Angeles-North Main Street,34.06659,-118.22688,10/15/2016
,35,32,1,48.8,45,24,0.042,39,17,1.2,1,24,0.9,10,24,2016,10,21,Los Angeles-North Main Street,34.06659,-118.22688,10/21/2016
,35,32,1,48.8,45,24,0.042,39,17,1.2,1,24,0.8,9,24,2016,10,21,Los Angeles-North Main Street,34.06659,-118.22688,10/21/2016
,32,30,1,54.9,51,24,0.025,23,17,0.9,0,24,0.9,10,24,2016,10,27,Los Angeles-North Main Street,34.06659,-118.22688,10/27/2016
,32,30,1,54.9,51,24,0.025,23,17,0.9,0,24,0.9,10,24,2016,10,27,Los Angeles-North Main Street,34.06659,-118.22688,10/27/2016
,27,25,1,52.2,49,24,0.028,26,17,1.2,1,24,1,11,24,2016,11,02,Los Angeles-North Main Street,34.06659,-118.22688,11/2/2016
,27,25,1,52.2,49,24,0.028,26,17,1.2,1,24,1,11,24,2016,11,02,Los Angeles-North Main Street,34.06659,-118.22688,11/2/2016
,32,30,1,59.5,56,24,0.041,38,17,0.9,0,24,1.1,13,24,2016,11,08,Los Angeles-North Main Street,34.06659,-118.22688,11/8/2016
,32,30,1,59.5,56,24,0.041,38,17,0.9,0,24,1.1,13,24,2016,11,08,Los Angeles-North Main Street,34.06659,-118.22688,11/8/2016
,29,27,1,48.4,45,24,0.044,41,17,0.9,0,24,0.9,10,24,2016,11,14,Los Angeles-North Main Street,34.06659,-118.22688,11/14/2016
,29,27,1,48.4,45,24,0.044,41,17,0.9,0,24,0.9,10,24,2016,11,14,Los Angeles-North Main Street,34.06659,-118.22688,11/14/2016
,24,22,1,34.9,32,24,0.028,26,17,1.1,1,24,1.2,14,24,2016,11,20,Los Angeles-North Main Street,34.06659,-118.22688,11/20/2016
,24,22,1,34.9,32,24,0.028,26,17,1.1,1,24,1.2,14,24,2016,11,20,Los Angeles-North Main Street,34.06659,-118.22688,11/20/2016
,23,21,1,36.8,34,24,0.036,33,17,0.9,0,24,1.3,15,24,2016,11,26,Los Angeles-North Main Street,34.06659,-118.22688,11/26/2016
,23,21,1,36.8,34,24,0.036,33,17,0.9,0,24,1.3,15,24,2016,11,26,Los Angeles-North Main Street,34.06659,-118.22688,11/26/2016
,36,33,1,37.7,35,24,0.031,29,17,0.7,0,24,1.1,13,24,2016,12,08,Los Angeles-North Main Street,34.06659,-118.22688,12/8/2016
,36,33,1,37.7,35,24,0.031,29,17,0.7,0,24,0.8,9,24,2016,12,08,Los Angeles-North Main Street,34.06659,-118.22688,12/8/2016
,64,55,1,45.2,42,24,0.015,14,17,0.9,0,18,1.2,14,24,2016,12,14,Los Angeles-North Main Street,34.06659,-118.22688,12/14/2016
,28,26,1,50.1,47,22,0.021,19,17,0.6,0,24,0.8,9,24,2016,12,20,Los Angeles-North Main Street,34.06659,-118.22688,12/20/2016
,19,18,1,33.2,31,24,0.031,29,17,0.6,0,24,0.9,10,24,2016,12,26,Los Angeles-North Main Street,34.06659,-118.22688,12/26/2016
,19,18,1,33.2,31,24,0.031,29,17,0.6,0,24,0.8,9,24,2016,12,26,Los Angeles-North Main Street,34.06659,-118.22688,12/26/2016
,15,14,1,39.2,37,22,0.031,29,17,2.5,3,21,0.6,7,24,2016,01,07,Long Beach (Hudson),33.8025,-118.22,1/7/2016
,44,41,1,51.3,48,23,0.017,16,17,3.3,4,22,1.8,20,24,2016,01,13,Long Beach (Hudson),33.8025,-118.22,1/13/2016
,26,24,1,28.9,26,22,0.019,18,17,0.9,0,22,0.6,7,24,2016,01,19,Long Beach (Hudson),33.8025,-118.22,1/19/2016
,43,40,1,42,40,23,0.022,20,17,1.6,1,22,1.2,14,24,2016,01,25,Long Beach (Hudson),33.8025,-118.22,1/25/2016
,24,22,1,13.9,12,23,0.034,31,17,1.1,1,22,0.2,2,24,2016,01,31,Long Beach (Hudson),33.8025,-118.22,1/31/2016
,54,50,1,75.6,73,23,0.029,27,17,10.2,14,22,2.2,25,24,2016,02,12,Long Beach (Hudson),33.8025,-118.22,2/12/2016
,26,24,1,36.1,34,23,0.033,31,17,1.5,1,22,0.3,3,24,2016,02,18,Long Beach (Hudson),33.8025,-118.22,2/18/2016
,44,41,1,51.8,48,21,0.036,33,17,3.5,4,22,0.7,8,24,2016,02,24,Long Beach (Hudson),33.8025,-118.22,2/24/2016
,40,37,1,46.1,43,21,0.039,36,17,2.8,3,21,0.5,6,23,2016,03,01,Long Beach (Hudson),33.8025,-118.22,3/1/2016
,27,25,1,31.8,29,23,0.036,33,17,1,1,22,0.2,2,24,2016,03,07,Long Beach (Hudson),33.8025,-118.22,3/7/2016
,17,16,1,24.2,23,23,0.037,34,17,1.3,1,22,0.5,6,24,2016,03,13,Long Beach (Hudson),33.8025,-118.22,3/13/2016
,24,22,1,19,18,23,0.05,46,17,1.5,1,22,0.3,3,24,2016,03,19,Long Beach (Hudson),33.8025,-118.22,3/19/2016
,27,25,1,34.3,32,23,0.042,39,17,1.6,1,22,0.8,9,24,2016,03,25,Long Beach (Hudson),33.8025,-118.22,3/25/2016
,38,35,1,35.1,33,23,0.037,34,17,4.4,6,21,0.6,7,24,2016,03,31,Long Beach (Hudson),33.8025,-118.22,3/31/2016
,32,30,1,38.1,36,22,0.03,28,17,5.2,7,22,0.6,7,24,2016,04,06,Long Beach (Hudson),33.8025,-118.22,4/6/2016
,25,23,1,26.6,25,22,0.029,27,17,3.3,4,22,0.5,6,24,2016,04,12,Long Beach (Hudson),33.8025,-118.22,4/12/2016
,31,29,1,50,47,23,0.049,45,17,2.9,3,23,0.9,10,24,2016,04,18,Long Beach (Hudson),33.8025,-118.22,4/18/2016
,29,27,1,16.7,15,23,0.046,43,17,1.2,1,23,0.4,5,24,2016,04,24,Long Beach (Hudson),33.8025,-118.22,4/24/2016
,23,21,1,11.9,10,23,0.045,42,17,1.5,1,23,0.2,2,24,2016,04,30,Long Beach (Hudson),33.8025,-118.22,4/30/2016
,12,11,1,23.8,22,23,0.035,32,17,0.8,0,22,0.3,3,24,2016,05,06,Long Beach (Hudson),33.8025,-118.22,5/6/2016
,22,20,1,24.1,23,23,0.039,36,17,3.4,4,22,0.3,3,24,2016,05,12,Long Beach (Hudson),33.8025,-118.22,5/12/2016
,25,23,1,21.2,20,23,0.037,34,17,1.5,1,22,0.3,3,24,2016,05,18,Long Beach (Hudson),33.8025,-118.22,5/18/2016
,19,18,1,18.1,17,22,0.028,26,17,2,3,22,0.2,2,24,2016,05,24,Long Beach (Hudson),33.8025,-118.22,5/24/2016
,16,15,1,10.4,9,23,0.043,40,17,1.5,1,22,0.2,2,24,2016,05,30,Long Beach (Hudson),33.8025,-118.22,5/30/2016
,11,10,1,11.3,10,22,0.034,31,17,2,3,22,0.1,1,24,2016,06,05,Long Beach (Hudson),33.8025,-118.22,6/5/2016
,8,7,1,7.6,7,22,0.03,28,17,0.2,0,22,0.1,1,24,2016,06,11,Long Beach (Hudson),33.8025,-118.22,6/11/2016
,49,45,1,40.2,38,22,0.055,51,17,7.1,10,22,0.6,7,24,2016,06,17,Long Beach (Hudson),33.8025,-118.22,6/17/2016
,25,23,1,18,17,22,0.029,27,17,5.1,7,22,0.2,2,24,2016,06,23,Long Beach (Hudson),33.8025,-118.22,6/23/2016
,31,29,1,23.1,22,22,0.035,32,17,4.9,6,22,0.2,2,24,2016,06,29,Long Beach (Hudson),33.8025,-118.22,6/29/2016
,19,18,1,12.8,11,22,0.04,37,17,1.6,1,21,0.2,2,24,2016,07,05,Long Beach (Hudson),33.8025,-118.22,7/5/2016
,31,29,1,18.9,17,22,0.035,32,17,1.9,1,21,0.1,1,24,2016,07,11,Long Beach (Hudson),33.8025,-118.22,7/11/2016
,18,17,1,12,11,21,0.041,38,14,3.1,4,21,0.1,1,24,2016,07,17,Long Beach (Hudson),33.8025,-118.22,7/17/2016
,36,33,1,25.3,24,21,0.037,34,14,1.8,1,21,0.2,2,24,2016,07,23,Long Beach (Hudson),33.8025,-118.22,7/23/2016
,29,27,1,27.6,25,22,0.034,31,17,5.6,7,21,0.3,3,21,2016,07,29,Long Beach (Hudson),33.8025,-118.22,7/29/2016
,26,24,1,21.5,20,21,0.031,29,14,2.4,3,21,0.1,1,21,2016,08,04,Long Beach (Hudson),33.8025,-118.22,8/4/2016
,26,24,1,20.4,19,21,0.042,39,14,3.7,4,21,0.2,2,21,2016,08,10,Long Beach (Hudson),33.8025,-118.22,8/10/2016
,30,28,1,19.3,18,21,0.035,32,14,5.4,7,21,0.2,2,21,2016,08,16,Long Beach (Hudson),33.8025,-118.22,8/16/2016
,27,25,1,26.7,25,21,0.031,29,14,3.8,4,21,0.3,3,21,2016,08,22,Long Beach (Hudson),33.8025,-118.22,8/22/2016
,27,25,1,19.7,18,21,0.041,38,14,3.3,4,21,0.2,2,21,2016,08,28,Long Beach (Hudson),33.8025,-118.22,8/28/2016
,19,18,1,10.2,9,24,0.034,31,17,2,3,24,0.1,1,24,2016,09,03,Long Beach (Hudson),33.8025,-118.22,9/3/2016
,33,31,1,14.6,13,24,0.037,34,17,1.1,1,24,0.2,2,24,2016,09,09,Long Beach (Hudson),33.8025,-118.22,9/9/2016
,33,31,1,27.5,25,24,0.028,26,17,5.9,7,24,0.6,7,24,2016,09,15,Long Beach (Hudson),33.8025,-118.22,9/15/2016
,31,29,1,37.1,35,24,0.032,30,17,2.4,3,24,0.6,7,24,2016,09,21,Long Beach (Hudson),33.8025,-118.22,9/21/2016
,55,51,1,59.2,56,24,0.044,41,17,4.6,6,24,0.9,10,24,2016,09,27,Long Beach (Hudson),33.8025,-118.22,9/27/2016
,52,48,1,33.5,31,24,0.035,32,17,1.5,1,24,0.6,7,24,2016,10,03,Long Beach (Hudson),33.8025,-118.22,10/3/2016
,29,27,1,42.4,40,24,0.059,64,17,7.9,10,24,1,11,24,2016,10,09,Long Beach (Hudson),33.8025,-118.22,10/9/2016
,17,16,1,13.6,12,24,0.021,19,17,2.5,3,24,0.1,1,24,2016,10,15,Long Beach (Hudson),33.8025,-118.22,10/15/2016
,49,45,1,61.7,58,24,0.009,8,17,4.8,6,24,0.9,10,24,2016,10,27,Long Beach (Hudson),33.8025,-118.22,10/27/2016
,58,52,1,72.4,70,24,0.032,30,17,5,7,24,1.4,16,24,2016,11,08,Long Beach (Hudson),33.8025,-118.22,11/8/2016
,53,49,1,71.8,69,24,0.022,20,17,8.9,11,24,1.3,15,24,2016,11,14,Long Beach (Hudson),33.8025,-118.22,11/14/2016
,17,16,1,31.2,29,24,0.025,23,17,1.4,1,24,0.7,8,24,2016,11,20,Long Beach (Hudson),33.8025,-118.22,11/20/2016
,24,22,1,36.7,34,24,0.039,36,17,2.2,3,24,1.4,16,24,2016,11,26,Long Beach (Hudson),33.8025,-118.22,11/26/2016
,54,50,1,47.8,44,24,0.025,23,17,2.4,3,24,1.4,16,24,2016,12,02,Long Beach (Hudson),33.8025,-118.22,12/2/2016
,41,38,1,42.6,40,24,0.025,23,17,4.5,6,24,1.4,16,24,2016,12,08,Long Beach (Hudson),33.8025,-118.22,12/8/2016
,51,47,1,57.7,54,24,0.012,11,17,6.4,9,24,1.3,15,24,2016,12,14,Long Beach (Hudson),33.8025,-118.22,12/14/2016
,75,61,1,65.4,63,24,0.014,13,17,2.1,3,24,1,11,24,2016,12,20,Long Beach (Hudson),33.8025,-118.22,12/20/2016
,24,22,1,41.4,39,24,0.03,28,17,1,1,24,1,11,24,2016,12,26,Long Beach (Hudson),33.8025,-118.22,12/26/2016
,12,11,1,21.9,20,23,0.04,37,17,0.8,0,23,0.1,1,18,2016,01,01,LAX Hastings,33.95507,-118.43049,1/1/2016
,14,13,1,34.6,32,23,0.043,40,17,1.1,1,23,0.2,2,24,2016,01,07,LAX Hastings,33.95507,-118.43049,1/7/2016
,18,17,1,39.3,37,23,0.033,31,17,1.1,1,23,0.7,8,24,2016,01,13,LAX Hastings,33.95507,-118.43049,1/13/2016
,18,17,1,44.7,42,23,0.039,36,17,1.5,1,23,0.4,5,24,2016,01,25,LAX Hastings,33.95507,-118.43049,1/25/2016
,18,17,1,10.5,9,23,0.043,40,17,0.5,0,22,0,0,24,2016,01,31,LAX Hastings,33.95507,-118.43049,1/31/2016
,12,11,1,36.5,34,23,0.045,42,17,0.7,0,22,0.3,3,24,2016,02,06,LAX Hastings,33.95507,-118.43049,2/6/2016
,39,36,1,67.2,65,23,0.041,38,17,6.8,9,22,1.2,14,24,2016,02,12,LAX Hastings,33.95507,-118.43049,2/12/2016
,14,13,1,29.6,27,23,0.046,43,17,1.3,1,23,0.2,2,24,2016,02,18,LAX Hastings,33.95507,-118.43049,2/18/2016
,20,19,1,22.5,21,23,0.053,49,17,0.9,0,22,0.4,5,24,2016,02,24,LAX Hastings,33.95507,-118.43049,2/24/2016
,37,34,1,30.2,28,22,0.059,64,17,1.8,1,22,0.4,5,24,2016,03,01,LAX Hastings,33.95507,-118.43049,3/1/2016
,16,15,1,16.4,15,23,0.047,44,17,0.4,0,23,0.1,1,24,2016,03,07,LAX Hastings,33.95507,-118.43049,3/7/2016
,19,18,1,28.3,26,23,0.045,42,17,1.7,1,23,0.4,5,24,2016,03,13,LAX Hastings,33.95507,-118.43049,3/13/2016
,28,26,1,12.7,11,22,0.061,71,17,0.6,0,22,0.2,2,24,2016,03,19,LAX Hastings,33.95507,-118.43049,3/19/2016
,25,23,1,38.2,36,23,0.07,100,17,1.7,1,22,0.6,7,24,2016,04,18,LAX Hastings,33.95507,-118.43049,4/18/2016
,30,28,1,15.8,14,23,0.052,48,17,2.1,3,22,0.3,3,24,2016,04,24,LAX Hastings,33.95507,-118.43049,4/24/2016
,25,23,1,11.5,10,22,0.05,46,17,0.9,0,22,0.1,1,24,2016,04,30,LAX Hastings,33.95507,-118.43049,4/30/2016
,9,8,1,14.7,13,23,0.041,38,17,0.5,0,23,0.1,1,24,2016,05,06,LAX Hastings,33.95507,-118.43049,5/6/2016
,13,12,1,2.9,2,24,0.046,43,17,0.3,0,24,0.2,2,24,2016,05,18,LAX Hastings,33.95507,-118.43049,5/18/2016
,10,9,1,7.5,7,22,0.033,31,15,0.5,0,22,0.2,2,24,2016,05,24,LAX Hastings,33.95507,-118.43049,5/24/2016
,13,12,1,3.4,3,24,0.047,44,17,0.4,0,24,0.1,1,24,2016,05,30,LAX Hastings,33.95507,-118.43049,5/30/2016
,6,6,1,6.9,6,24,0.039,36,17,0.5,0,24,0.2,2,24,2016,06,05,LAX Hastings,33.95507,-118.43049,6/5/2016
,8,7,1,10.9,9,24,0.031,29,17,0.9,0,24,0.2,2,24,2016,06,11,LAX Hastings,33.95507,-118.43049,6/11/2016
,32,30,1,25.6,24,24,0.051,47,17,2.2,3,24,0.4,5,24,2016,06,17,LAX Hastings,33.95507,-118.43049,6/17/2016
,21,19,1,16.8,15,24,0.047,44,17,0.5,0,24,0.2,2,24,2016,06,23,LAX Hastings,33.95507,-118.43049,6/23/2016
,18,17,1,9.1,8,24,0.047,44,17,0.7,0,24,0.2,2,24,2016,06,29,LAX Hastings,33.95507,-118.43049,6/29/2016
,13,12,1,3.7,3,24,0.045,42,17,0.4,0,24,0.1,1,24,2016,07,05,LAX Hastings,33.95507,-118.43049,7/5/2016
,28,26,1,13.6,12,24,0.038,35,17,1,1,24,0.2,2,24,2016,07,11,LAX Hastings,33.95507,-118.43049,7/11/2016
,13,12,1,3.6,3,24,0.044,41,17,0.5,0,24,0.1,1,24,2016,07,17,LAX Hastings,33.95507,-118.43049,7/17/2016
,40,37,1,27.3,25,24,0.042,39,17,2.2,3,24,0.3,3,24,2016,07,23,LAX Hastings,33.95507,-118.43049,7/23/2016
,18,17,1,5.8,5,24,0.035,32,17,0.9,0,24,0.1,1,24,2016,07,29,LAX Hastings,33.95507,-118.43049,7/29/2016
,23,21,1,15,14,24,0.044,41,17,1.2,1,24,0.2,2,24,2016,08,04,LAX Hastings,33.95507,-118.43049,8/4/2016
,18,17,1,5.1,5,24,0.038,35,17,0.5,0,24,0.2,2,24,2016,08,16,LAX Hastings,33.95507,-118.43049,8/16/2016
,24,22,1,19.3,18,24,0.04,37,17,1.2,1,24,0.2,2,24,2016,08,28,LAX Hastings,33.95507,-118.43049,8/28/2016
,19,18,1,8.9,8,24,0.04,37,17,1.1,1,24,0.2,2,24,2016,09,03,LAX Hastings,33.95507,-118.43049,9/3/2016
,22,20,1,3.4,3,24,0.045,42,17,0.4,0,24,0.2,2,24,2016,09,09,LAX Hastings,33.95507,-118.43049,9/9/2016
,27,25,1,28.4,26,24,0.043,40,17,1.5,1,24,0.6,7,24,2016,09,15,LAX Hastings,33.95507,-118.43049,9/15/2016
,43,40,1,42.8,40,24,0.057,58,17,1.8,1,24,0.6,7,24,2016,09,27,LAX Hastings,33.95507,-118.43049,9/27/2016
,32,30,1,20.4,19,24,0.045,42,17,0.8,0,24,0.4,5,24,2016,10,03,LAX Hastings,33.95507,-118.43049,10/3/2016
,23,21,1,25.9,24,24,0.059,64,17,1.2,1,24,0.8,9,24,2016,10,09,LAX Hastings,33.95507,-118.43049,10/9/2016
,26,24,1,43.8,41,24,0.044,41,17,1.7,1,24,0.5,6,24,2016,10,21,LAX Hastings,33.95507,-118.43049,10/21/2016
,24,22,1,26.8,25,24,0.029,27,17,1.8,1,24,0.5,6,24,2016,10,27,LAX Hastings,33.95507,-118.43049,10/27/2016
,28,26,1,48.5,45,24,0.038,35,17,2.5,3,24,0.8,9,24,2016,11,02,LAX Hastings,33.95507,-118.43049,11/2/2016
,35,32,1,63.6,61,24,0.05,46,17,8.8,11,24,1,11,24,2016,11,08,LAX Hastings,33.95507,-118.43049,11/8/2016
,30,28,1,37.4,35,24,0.044,41,17,1,1,24,0.8,9,24,2016,11,14,LAX Hastings,33.95507,-118.43049,11/14/2016
,19,18,1,30.9,28,24,0.033,31,17,0.8,0,24,0.8,9,24,2016,11,20,LAX Hastings,33.95507,-118.43049,11/20/2016
,22,20,1,36.7,34,24,0.044,41,17,1.1,1,24,1.2,14,24,2016,11,26,LAX Hastings,33.95507,-118.43049,11/26/2016
,43,40,1,43.8,41,24,0.045,42,17,2.9,3,24,0.4,5,24,2016,12,02,LAX Hastings,33.95507,-118.43049,12/2/2016
,25,23,1,35,33,24,0.038,35,17,1.1,1,24,0.9,10,24,2016,12,08,LAX Hastings,33.95507,-118.43049,12/8/2016
,28,26,1,38.6,36,24,0.029,27,17,1.9,1,24,1,11,24,2016,12,14,LAX Hastings,33.95507,-118.43049,12/14/2016
,19,18,1,33.3,31,24,0.024,22,17,0.9,0,24,0.6,7,24,2016,12,21,LAX Hastings,33.95507,-118.43049,12/21/2016
,18,17,1,27,25,24,0.031,29,17,0.7,0,24,0.8,9,24,2016,12,26,LAX Hastings,33.95507,-118.43049,12/26/2016
,66,56,1,61.8,58,24,0.024,22,17,1.2,1,24,1.4,16,24,2018,01,02,Los Angeles-North Main Street,34.06659,-118.22688,1/2/2018
,66,56,1,61.8,58,24,0.024,22,17,1.2,1,24,1.3,15,24,2018,01,02,Los Angeles-North Main Street,34.06659,-118.22688,1/2/2018
,22,20,1,35,33,24,0.017,16,17,0.5,0,24,1,11,24,2018,01,08,Los Angeles-North Main Street,34.06659,-118.22688,1/8/2018
,22,20,1,35,33,24,0.017,16,17,0.5,0,24,0.9,10,24,2018,01,08,Los Angeles-North Main Street,34.06659,-118.22688,1/8/2018
,18,17,1,45.8,42,24,0.04,37,17,0.6,0,24,1.2,14,24,2018,01,14,Los Angeles-North Main Street,34.06659,-118.22688,1/14/2018
,18,17,1,45.8,42,24,0.04,37,17,0.6,0,24,1.1,13,24,2018,01,14,Los Angeles-North Main Street,34.06659,-118.22688,1/14/2018
,9,8,1,15.4,14,24,0.039,36,17,0.2,0,24,0.3,3,24,2018,01,20,Los Angeles-North Main Street,34.06659,-118.22688,1/20/2018
,9,8,1,15.4,14,24,0.039,36,17,0.2,0,24,0.3,3,24,2018,01,20,Los Angeles-North Main Street,34.06659,-118.22688,1/20/2018
,23,21,1,43.1,41,24,0.033,31,17,0.6,0,24,0.8,9,24,2018,01,26,Los Angeles-North Main Street,34.06659,-118.22688,1/26/2018
,23,21,1,43.1,41,24,0.033,31,17,0.6,0,24,0.7,8,24,2018,01,26,Los Angeles-North Main Street,34.06659,-118.22688,1/26/2018
,55,51,1,67.8,65,24,0.018,17,17,1,1,24,1.4,16,24,2018,02,01,Los Angeles-North Main Street,34.06659,-118.22688,2/1/2018
,55,51,1,67.8,65,24,0.018,17,17,1,1,24,1.3,15,24,2018,02,01,Los Angeles-North Main Street,34.06659,-118.22688,2/1/2018
,30,28,1,54.9,51,24,0.037,34,17,0.7,0,24,1,11,24,2018,02,07,Los Angeles-North Main Street,34.06659,-118.22688,2/7/2018
,30,28,1,54.9,51,24,0.037,34,17,0.7,0,24,0.9,10,24,2018,02,07,Los Angeles-North Main Street,34.06659,-118.22688,2/7/2018
,14,13,1,42,40,24,0.037,34,17,0.4,0,24,0.5,6,24,2018,02,13,Los Angeles-North Main Street,34.06659,-118.22688,2/13/2018
,14,13,1,42,40,24,0.037,34,17,0.4,0,24,0.5,6,24,2018,02,13,Los Angeles-North Main Street,34.06659,-118.22688,2/13/2018
,21,19,1,8.1,8,24,0.041,38,17,0.2,0,24,0.2,2,24,2018,02,19,Los Angeles-North Main Street,34.06659,-118.22688,2/19/2018
,21,19,1,8.1,8,24,0.041,38,17,0.2,0,24,0.2,2,24,2018,02,19,Los Angeles-North Main Street,34.06659,-118.22688,2/19/2018
,17,16,1,33.5,31,24,0.046,43,17,0.3,0,24,0.6,7,24,2018,02,25,Los Angeles-North Main Street,34.06659,-118.22688,2/25/2018
,17,16,1,33.5,31,24,0.046,43,17,0.3,0,24,0.5,6,24,2018,02,25,Los Angeles-North Main Street,34.06659,-118.22688,2/25/2018
,27,25,1,35,33,24,0.029,27,17,0.7,0,24,0.8,9,24,2018,03,09,Los Angeles-North Main Street,34.06659,-118.22688,3/9/2018
,11,10,1,21.9,20,24,0.043,40,17,0.1,0,24,0.3,3,24,2018,03,15,Los Angeles-North Main Street,34.06659,-118.22688,3/15/2018
,11,10,1,21.9,20,24,0.043,40,17,0.1,0,24,0.2,2,24,2018,03,15,Los Angeles-North Main Street,34.06659,-118.22688,3/15/2018
,18,17,1,39.9,37,24,0.023,21,17,0.5,0,24,0.6,7,24,2018,03,21,Los Angeles-North Main Street,34.06659,-118.22688,3/21/2018
,18,17,1,39.9,37,24,0.023,21,17,0.5,0,24,0.5,6,24,2018,03,21,Los Angeles-North Main Street,34.06659,-118.22688,3/21/2018
,25,23,1,43.9,41,24,0.041,38,17,0.6,0,20,0.6,7,24,2018,03,27,Los Angeles-North Main Street,34.06659,-118.22688,3/27/2018
,25,23,1,43.9,41,24,0.041,38,17,0.6,0,20,0.4,5,4,2018,03,27,Los Angeles-North Main Street,34.06659,-118.22688,3/27/2018
,22,20,1,16.5,15,24,0.045,42,17,0.2,0,24,0.3,3,24,2018,04,02,Los Angeles-North Main Street,34.06659,-118.22688,4/2/2018
,24,22,1,28.9,26,24,0.049,45,17,0.3,0,24,0.4,5,24,2018,04,08,Los Angeles-North Main Street,34.06659,-118.22688,4/8/2018
,35,32,1,50.8,47,24,0.067,90,17,0.5,0,24,0.9,10,24,2018,04,14,Los Angeles-North Main Street,34.06659,-118.22688,4/14/2018
,28,26,1,33.8,31,24,0.045,42,17,0.4,0,24,0.4,5,24,2018,04,20,Los Angeles-North Main Street,34.06659,-118.22688,4/20/2018
,33,31,1,25.4,24,24,0.045,42,17,1,1,24,0.4,5,24,2018,04,26,Los Angeles-North Main Street,34.06659,-118.22688,4/26/2018
,20,19,1,21.2,20,24,0.037,34,17,0.4,0,24,0.3,3,24,2018,05,02,Los Angeles-North Main Street,34.06659,-118.22688,5/2/2018
,33,31,1,31.3,29,24,0.055,51,17,1.5,1,21,0.5,6,24,2018,05,08,Los Angeles-North Main Street,34.06659,-118.22688,5/8/2018
,23,21,1,23.5,22,24,0.041,38,17,0.6,0,24,0.4,5,24,2018,05,14,Los Angeles-North Main Street,34.06659,-118.22688,5/14/2018
,23,21,1,23.5,22,24,0.041,38,17,0.6,0,24,0.4,5,24,2018,05,14,Los Angeles-North Main Street,34.06659,-118.22688,5/14/2018
,24,22,1,20.6,19,24,0.04,37,17,0.7,0,24,0.2,2,24,2018,05,26,Los Angeles-North Main Street,34.06659,-118.22688,5/26/2018
,29,27,1,31.9,29,24,0.042,39,17,1,1,24,0.5,6,24,2018,06,01,Los Angeles-North Main Street,34.06659,-118.22688,6/1/2018
,29,27,1,31.9,29,24,0.042,39,17,1,1,24,0.4,5,24,2018,06,01,Los Angeles-North Main Street,34.06659,-118.22688,6/1/2018
,30,28,1,32.1,30,24,0.054,50,17,0.9,0,24,0.4,5,24,2018,06,07,Los Angeles-North Main Street,34.06659,-118.22688,6/7/2018
,30,28,1,32.1,30,24,0.054,50,17,0.9,0,24,0.3,3,24,2018,06,07,Los Angeles-North Main Street,34.06659,-118.22688,6/7/2018
,33,31,1,35.6,33,24,0.049,45,17,1.6,1,24,0.5,6,24,2018,06,13,Los Angeles-North Main Street,34.06659,-118.22688,6/13/2018
,33,31,1,35.6,33,24,0.049,45,17,1.6,1,24,0.5,6,24,2018,06,13,Los Angeles-North Main Street,34.06659,-118.22688,6/13/2018
,28,26,1,19.4,18,24,0.043,40,17,1.1,1,24,0.3,3,24,2018,06,19,Los Angeles-North Main Street,34.06659,-118.22688,6/19/2018
,28,26,1,19.4,18,24,0.043,40,17,1.1,1,24,0.2,2,24,2018,06,19,Los Angeles-North Main Street,34.06659,-118.22688,6/19/2018
,25,23,1,18.6,17,24,0.044,41,17,0.9,0,24,0.3,3,24,2018,06,25,Los Angeles-North Main Street,34.06659,-118.22688,6/25/2018
,25,23,1,18.6,17,24,0.044,41,17,0.9,0,24,0.1,1,2,2018,06,25,Los Angeles-North Main Street,34.06659,-118.22688,6/25/2018
,15,14,1,12.1,11,24,0.045,42,17,0.5,0,24,0.2,2,24,2018,07,01,Los Angeles-North Main Street,34.06659,-118.22688,7/1/2018
,15,14,1,12.1,11,24,0.045,42,17,0.5,0,24,0.2,2,24,2018,07,01,Los Angeles-North Main Street,34.06659,-118.22688,7/1/2018
,48,44,1,41.9,39,24,0.071,101,17,2.8,3,24,0.5,6,24,2018,07,07,Los Angeles-North Main Street,34.06659,-118.22688,7/7/2018
,48,44,1,41.9,39,24,0.071,101,17,2.8,3,24,0.5,6,24,2018,07,07,Los Angeles-North Main Street,34.06659,-118.22688,7/7/2018
,23,21,1,17.5,16,24,0.04,37,17,0.5,0,24,0.3,3,24,2018,07,13,Los Angeles-North Main Street,34.06659,-118.22688,7/13/2018
,23,21,1,17.5,16,24,0.04,37,17,0.5,0,24,0.3,3,24,2018,07,13,Los Angeles-North Main Street,34.06659,-118.22688,7/13/2018
,25,23,1,26,25,24,0.039,36,17,1.4,1,24,0.4,5,24,2018,07,19,Los Angeles-North Main Street,34.06659,-118.22688,7/19/2018
,25,23,1,26,25,24,0.039,36,17,1.4,1,24,0.4,5,24,2018,07,19,Los Angeles-North Main Street,34.06659,-118.22688,7/19/2018
,41,38,1,24.6,23,24,0.056,54,17,1.7,1,24,0.4,5,24,2018,07,25,Los Angeles-North Main Street,34.06659,-118.22688,7/25/2018
,41,38,1,24.6,23,24,0.056,54,17,1.7,1,24,0.4,5,24,2018,07,25,Los Angeles-North Main Street,34.06659,-118.22688,7/25/2018
,45,42,1,20.4,19,24,0.055,51,17,0.7,0,24,0.5,6,24,2018,08,24,Los Angeles-North Main Street,34.06659,-118.22688,8/24/2018
,45,42,1,20.4,19,24,0.055,51,17,0.7,0,24,0.5,6,24,2018,08,24,Los Angeles-North Main Street,34.06659,-118.22688,8/24/2018
,35,32,1,30.2,28,24,0.046,43,17,1.5,1,24,0.6,7,24,2018,08,30,Los Angeles-North Main Street,34.06659,-118.22688,8/30/2018
,35,32,1,30.2,28,24,0.046,43,17,1.5,1,24,0.6,7,24,2018,08,30,Los Angeles-North Main Street,34.06659,-118.22688,8/30/2018
,21,19,1,18.5,17,24,0.041,38,17,0.1,0,24,0.3,3,24,2018,09,05,Los Angeles-North Main Street,34.06659,-118.22688,9/5/2018
,21,19,1,18.5,17,24,0.041,38,17,0.1,0,24,0.3,3,24,2018,09,05,Los Angeles-North Main Street,34.06659,-118.22688,9/5/2018
,36,33,1,21.5,20,24,0.045,42,17,0.8,0,24,0.4,5,24,2018,09,11,Los Angeles-North Main Street,34.06659,-118.22688,9/11/2018
,36,33,1,41.5,39,24,0.045,42,17,1.4,1,24,0.8,9,24,2018,09,17,Los Angeles-North Main Street,34.06659,-118.22688,9/17/2018
,36,33,1,41.5,39,24,0.045,42,17,1.4,1,24,0.7,8,24,2018,09,17,Los Angeles-North Main Street,34.06659,-118.22688,9/17/2018
,28,26,1,27.4,25,24,0.052,48,17,0.6,0,24,0.5,6,24,2018,09,23,Los Angeles-North Main Street,34.06659,-118.22688,9/23/2018
,28,26,1,27.4,25,24,0.052,48,17,0.6,0,24,0.4,5,24,2018,09,23,Los Angeles-North Main Street,34.06659,-118.22688,9/23/2018
,25,23,1,15.1,14,24,0.045,42,17,0.4,0,24,0.3,3,24,2018,09,29,Los Angeles-North Main Street,34.06659,-118.22688,9/29/2018
,25,23,1,15.1,14,24,0.045,42,17,0.4,0,24,0.3,3,24,2018,09,29,Los Angeles-North Main Street,34.06659,-118.22688,9/29/2018
,21,19,1,28.4,26,24,0.033,31,17,0.4,0,23,0.4,5,24,2018,10,05,Los Angeles-North Main Street,34.06659,-118.22688,10/5/2018
,21,19,1,28.4,26,24,0.033,31,17,0.4,0,23,0.4,5,24,2018,10,05,Los Angeles-North Main Street,34.06659,-118.22688,10/5/2018
,20,19,1,29.9,27,24,0.039,36,17,0.2,0,24,0.4,5,24,2018,10,11,Los Angeles-North Main Street,34.06659,-118.22688,10/11/2018
,20,19,1,29.9,27,24,0.039,36,17,0.2,0,24,0.4,5,24,2018,10,11,Los Angeles-North Main Street,34.06659,-118.22688,10/11/2018
,33,31,1,46.5,43,24,0.041,38,17,0.9,0,24,0.8,9,24,2018,10,17,Los Angeles-North Main Street,34.06659,-118.22688,10/17/2018
,33,31,1,46.5,43,24,0.041,38,17,0.9,0,24,0.7,8,24,2018,10,17,Los Angeles-North Main Street,34.06659,-118.22688,10/17/2018
,68,57,1,48.4,45,24,0.046,43,17,1,1,24,1.1,13,24,2018,10,29,Los Angeles-North Main Street,34.06659,-118.22688,10/29/2018
,46,43,1,42.4,40,24,0.057,58,17,2.4,3,24,1.3,15,24,2018,11,04,Los Angeles-North Main Street,34.06659,-118.22688,11/4/2018
,46,43,1,42.4,40,24,0.057,58,17,2.4,3,24,1.1,13,24,2018,11,04,Los Angeles-North Main Street,34.06659,-118.22688,11/4/2018
,56,51,1,46.2,43,24,0.043,40,17,1.9,1,24,1.3,15,24,2018,11,10,Los Angeles-North Main Street,34.06659,-118.22688,11/10/2018
,56,51,1,46.2,43,24,0.043,40,17,1.9,1,24,1.3,15,2,2018,11,10,Los Angeles-North Main Street,34.06659,-118.22688,11/10/2018
,14,13,1,21.2,20,24,0.032,30,17,0.2,0,24,0.5,6,24,2018,11,22,Los Angeles-North Main Street,34.06659,-118.22688,11/22/2018
,27,25,1,33.7,31,24,0.028,26,17,0.7,0,24,1,11,24,2018,11,28,Los Angeles-North Main Street,34.06659,-118.22688,11/28/2018
,27,25,1,33.7,31,24,0.028,26,17,0.7,0,24,0.8,9,24,2018,11,28,Los Angeles-North Main Street,34.06659,-118.22688,11/28/2018
,27,25,1,34.2,32,24,0.008,7,17,0.6,0,24,1.1,13,24,2018,12,10,Los Angeles-North Main Street,34.06659,-118.22688,12/10/2018
,33,31,1,30.3,28,24,0.023,21,17,1.1,1,24,1.5,17,24,2018,12,16,Los Angeles-North Main Street,34.06659,-118.22688,12/16/2018
,51,47,1,44.3,42,24,0.014,13,17,0.8,0,24,1.3,15,24,2018,12,22,Los Angeles-North Main Street,34.06659,-118.22688,12/22/2018
,18,17,1,37.3,35,24,0.035,32,17,0.6,0,24,0.6,7,24,2018,12,28,Los Angeles-North Main Street,34.06659,-118.22688,12/28/2018
,18,17,1,37.3,35,24,0.035,32,17,0.6,0,24,0.6,7,24,2018,12,28,Los Angeles-North Main Street,34.06659,-118.22688,12/28/2018
,67,57,1,51.9,48,24,0.021,19,17,1.5,1,24,1.5,17,24,2018,01,02,Long Beach (Hudson),33.8025,-118.22,1/2/2018
,27,25,1,38.8,36,24,0.021,19,17,0.8,0,24,0.8,9,24,2018,01,08,Long Beach (Hudson),33.8025,-118.22,1/8/2018
,27,25,1,50.3,47,24,0.033,31,17,2.3,3,24,0.8,9,24,2018,01,14,Long Beach (Hudson),33.8025,-118.22,1/14/2018
,42,39,1,23.2,22,24,0.036,33,17,1,1,24,0.3,3,24,2018,01,20,Long Beach (Hudson),33.8025,-118.22,1/20/2018
,32,30,1,41.1,39,24,0.03,28,17,1.3,1,24,0.8,9,24,2018,01,26,Long Beach (Hudson),33.8025,-118.22,1/26/2018
,65,56,1,61.4,58,24,0.009,8,17,3.8,4,24,2,23,24,2018,02,01,Long Beach (Hudson),33.8025,-118.22,2/1/2018
,47,44,1,49.2,46,24,0.027,25,17,1.6,1,24,1.4,16,24,2018,02,07,Long Beach (Hudson),33.8025,-118.22,2/7/2018
,17,16,1,39.6,37,24,0.039,36,17,0.9,0,24,0.4,5,24,2018,02,13,Long Beach (Hudson),33.8025,-118.22,2/13/2018
,84,65,1,24.1,23,24,0.04,37,17,1.1,1,24,0.2,2,24,2018,02,19,Long Beach (Hudson),33.8025,-118.22,2/19/2018
,23,21,1,36.8,34,24,0.047,44,17,1.7,1,24,0.7,8,24,2018,02,25,Long Beach (Hudson),33.8025,-118.22,2/25/2018
,7,6,1,25.7,24,24,0.043,40,17,1.1,1,24,0.3,3,24,2018,03,03,Long Beach (Hudson),33.8025,-118.22,3/3/2018
,19,18,1,30.1,28,24,0.029,27,17,2.5,3,24,0.4,5,24,2018,03,09,Long Beach (Hudson),33.8025,-118.22,3/9/2018
,21,19,1,16.6,15,24,0.04,37,17,1.2,1,24,0.2,2,24,2018,03,15,Long Beach (Hudson),33.8025,-118.22,3/15/2018
,32,30,1,39.7,37,24,0.043,40,17,9.7,13,24,0.7,8,24,2018,03,27,Long Beach (Hudson),33.8025,-118.22,3/27/2018
,20,19,1,26.1,25,24,0.042,39,17,3.3,4,24,1,11,24,2018,04,02,Long Beach (Hudson),33.8025,-118.22,4/2/2018
,30,28,1,29.4,27,24,0.043,40,17,4.9,6,24,0.4,5,24,2018,04,08,Long Beach (Hudson),33.8025,-118.22,4/8/2018
,40,37,1,42.2,40,24,0.063,77,17,5.3,7,24,1.1,13,24,2018,04,14,Long Beach (Hudson),33.8025,-118.22,4/14/2018
,32,30,1,26,25,24,0.045,42,17,4.3,6,24,0.3,3,24,2018,04,20,Long Beach (Hudson),33.8025,-118.22,4/20/2018
,31,29,1,17.7,16,24,0.04,37,17,3.8,4,24,0.2,2,24,2018,04,26,Long Beach (Hudson),33.8025,-118.22,4/26/2018
,25,23,1,33.8,31,24,0.038,35,17,1.4,1,24,0.3,3,24,2018,05,02,Long Beach (Hudson),33.8025,-118.22,5/2/2018
,25,23,1,22.4,21,24,0.04,37,17,3.2,4,24,0.2,2,24,2018,05,08,Long Beach (Hudson),33.8025,-118.22,5/8/2018
,25,23,1,25.5,24,24,0.038,35,17,1.4,1,24,0.3,3,24,2018,05,14,Long Beach (Hudson),33.8025,-118.22,5/14/2018
,21,19,1,10.7,9,24,0.04,37,17,1.6,1,24,0.2,2,24,2018,05,20,Long Beach (Hudson),33.8025,-118.22,5/20/2018
,15,14,1,20.2,19,24,0.037,34,17,3.1,4,24,0.2,2,24,2018,05,26,Long Beach (Hudson),33.8025,-118.22,5/26/2018
,27,25,1,21.3,20,21,0.041,38,14,3.2,4,21,0,0,7,2018,06,07,Long Beach (Hudson),33.8025,-118.22,6/7/2018
,34,31,1,32,30,24,0.035,32,17,3.6,4,24,0.2,2,24,2018,06,13,Long Beach (Hudson),33.8025,-118.22,6/13/2018
,24,22,1,18.1,17,24,0.038,35,17,3.4,4,24,0.2,2,24,2018,06,25,Long Beach (Hudson),33.8025,-118.22,6/25/2018
,11,10,1,6.7,6,24,0.037,34,17,2.7,3,24,0.1,1,24,2018,07,01,Long Beach (Hudson),33.8025,-118.22,7/1/2018
,37,34,1,22.3,21,24,0.031,29,17,5.7,7,24,0.2,2,24,2018,07,07,Long Beach (Hudson),33.8025,-118.22,7/7/2018
,34,31,1,21.6,20,24,0.026,24,17,1.5,1,24,0.4,5,24,2018,07,13,Long Beach (Hudson),33.8025,-118.22,7/13/2018
,44,41,1,21.8,20,24,0.029,27,17,2.1,3,24,0.3,3,24,2018,07,25,Long Beach (Hudson),33.8025,-118.22,7/25/2018
,46,43,1,24.9,23,24,0.027,25,17,3.8,4,24,0.3,3,24,2018,07,31,Long Beach (Hudson),33.8025,-118.22,7/31/2018
,47,44,1,26.9,25,24,0.046,43,17,4.2,6,24,0.3,3,24,2018,08,06,Long Beach (Hudson),33.8025,-118.22,8/6/2018
,20,19,1,8.4,8,24,0.023,21,17,1.8,1,24,0.1,1,24,2018,08,12,Long Beach (Hudson),33.8025,-118.22,8/12/2018
,28,26,1,14.4,13,24,0.034,31,17,4.9,6,24,0.2,2,24,2018,08,18,Long Beach (Hudson),33.8025,-118.22,8/18/2018
,40,37,1,16.2,15,24,0.042,39,17,1.3,1,24,0.4,5,24,2018,08,24,Long Beach (Hudson),33.8025,-118.22,8/24/2018
,40,37,1,25.2,24,24,0.032,30,17,4,6,24,0.4,5,24,2018,08,30,Long Beach (Hudson),33.8025,-118.22,8/30/2018
,26,24,1,17.7,16,24,0.031,29,17,4.1,6,24,0.2,2,24,2018,09,11,Long Beach (Hudson),33.8025,-118.22,9/11/2018
,44,41,1,43.6,41,24,0.033,31,17,6.4,9,24,0.8,9,24,2018,09,17,Long Beach (Hudson),33.8025,-118.22,9/17/2018
,23,21,1,19.4,18,24,0.04,37,17,6.1,9,24,0.3,3,24,2018,09,23,Long Beach (Hudson),33.8025,-118.22,9/23/2018
,17,16,1,13.1,12,24,0.037,34,17,3.3,4,24,0.2,2,24,2018,09,29,Long Beach (Hudson),33.8025,-118.22,9/29/2018
,19,18,1,24.7,23,24,0.03,28,17,3.9,4,24,0.3,3,24,2018,10,05,Long Beach (Hudson),33.8025,-118.22,10/5/2018
,30,28,1,34.4,32,24,0.032,30,17,1.1,1,24,0.4,5,24,2018,10,11,Long Beach (Hudson),33.8025,-118.22,10/11/2018
,41,38,1,43.9,41,24,0.031,29,17,7.4,10,24,1.2,14,24,2018,10,17,Long Beach (Hudson),33.8025,-118.22,10/17/2018
,44,41,1,29.6,27,24,0.036,33,17,1.5,1,24,0.4,5,24,2018,10,23,Long Beach (Hudson),33.8025,-118.22,10/23/2018
,31,29,1,25.6,24,24,0.034,31,17,1.2,1,24,0.6,7,24,2018,10,29,Long Beach (Hudson),33.8025,-118.22,10/29/2018
,21,19,1,36.5,34,24,0.022,20,17,3.7,4,24,1,11,24,2018,11,04,Long Beach (Hudson),33.8025,-118.22,11/4/2018
,58,52,1,42.1,40,24,0.027,25,17,10.5,14,24,1.2,14,24,2018,11,10,Long Beach (Hudson),33.8025,-118.22,11/10/2018
,44,41,1,46.9,43,24,0.018,17,17,2.5,3,24,1.5,17,24,2018,11,16,Long Beach (Hudson),33.8025,-118.22,11/16/2018
,12,11,1,16.5,15,24,0.034,31,17,1.6,1,24,0.3,3,24,2018,11,22,Long Beach (Hudson),33.8025,-118.22,11/22/2018
,23,21,1,30.8,28,23,0.033,31,17,0.5,0,23,1,11,24,2018,11,28,Long Beach (Hudson),33.8025,-118.22,11/28/2018
,44,41,1,46.5,43,24,0.003,3,17,2.6,3,24,1.2,14,24,2018,12,10,Long Beach (Hudson),33.8025,-118.22,12/10/2018
,31,29,1,37.9,35,24,0.028,26,17,9.4,13,24,1.6,18,24,2018,12,16,Long Beach (Hudson),33.8025,-118.22,12/16/2018
,33,31,1,45.9,42,24,0.017,16,17,3.3,4,24,1.1,13,24,2018,12,22,Long Beach (Hudson),33.8025,-118.22,12/22/2018
,38,35,1,44.2,42,24,0.027,25,17,3.8,4,24,0.7,8,24,2018,12,28,Long Beach (Hudson),33.8025,-118.22,12/28/2018
,12,11,1,31.7,29,24,0.042,39,17,1.3,1,24,0.3,3,24,2018,02,13,LAX Hastings,33.95507,-118.43049,2/13/2018
,22,20,1,5.7,5,24,0.045,42,17,0.6,0,24,0.2,2,24,2018,02,19,LAX Hastings,33.95507,-118.43049,2/19/2018
,19,18,1,42.3,40,24,0.049,45,17,1.7,1,24,0.6,7,24,2018,02,25,LAX Hastings,33.95507,-118.43049,2/25/2018
,23,21,1,51.1,48,24,0.038,35,17,4.1,6,24,0.9,10,24,2018,03,07,LAX Hastings,33.95507,-118.43049,3/7/2018
,17,16,1,38,36,24,0.036,33,17,1.3,1,24,0.5,6,24,2018,03,09,LAX Hastings,33.95507,-118.43049,3/9/2018
,12,11,1,7.7,7,24,0.045,42,17,0.6,0,24,0.2,2,24,2018,03,15,LAX Hastings,33.95507,-118.43049,3/15/2018
,15,14,1,43.2,41,24,0.035,32,17,2.5,3,24,0.5,6,24,2018,03,21,LAX Hastings,33.95507,-118.43049,3/21/2018
,17,16,1,41.2,39,24,0.05,46,17,2.1,3,24,0.4,5,24,2018,03,27,LAX Hastings,33.95507,-118.43049,3/27/2018
,21,19,1,29.3,27,24,0.056,54,17,1.6,1,24,0.3,3,24,2018,05,08,LAX Hastings,33.95507,-118.43049,5/8/2018
,18,17,1,19.2,18,24,0.043,40,17,1.1,1,24,0.3,3,24,2018,05,14,LAX Hastings,33.95507,-118.43049,5/14/2018
,21,19,1,4.1,4,24,0.044,41,17,0.7,0,24,0.1,1,24,2018,05,20,LAX Hastings,33.95507,-118.43049,5/20/2018
,14,13,1,6.9,6,24,0.038,35,17,1.1,1,24,0.2,2,24,2018,05,26,LAX Hastings,33.95507,-118.43049,5/26/2018
,22,20,1,16.3,15,24,0.04,37,17,1.6,1,24,0.3,3,24,2018,06,01,LAX Hastings,33.95507,-118.43049,6/1/2018
,20,19,1,13.7,12,24,0.045,42,17,0.9,0,24,0.3,3,24,2018,06,07,LAX Hastings,33.95507,-118.43049,6/7/2018
,18,17,1,9.9,8,24,0.044,41,17,0.8,0,24,0.2,2,24,2018,06,13,LAX Hastings,33.95507,-118.43049,6/13/2018
,18,17,1,7.5,7,24,0.042,39,17,0.7,0,24,0.1,1,24,2018,06,19,LAX Hastings,33.95507,-118.43049,6/19/2018
,15,14,1,10.7,9,24,0.041,38,17,0.7,0,24,0.2,2,24,2018,06,25,LAX Hastings,33.95507,-118.43049,6/25/2018
,9,8,1,8.2,8,24,0.039,36,17,0.8,0,24,0.2,2,24,2018,07,01,LAX Hastings,33.95507,-118.43049,7/1/2018
,35,32,1,18.1,17,24,0.045,42,17,1.5,1,24,0.3,3,24,2018,07,07,LAX Hastings,33.95507,-118.43049,7/7/2018
,31,29,1,5,5,24,0.029,27,17,0.5,0,24,0.1,1,24,2018,07,13,LAX Hastings,33.95507,-118.43049,7/13/2018
,10,9,1,7.8,7,24,0.031,29,17,1.3,1,24,0.2,2,24,2018,07,19,LAX Hastings,33.95507,-118.43049,7/19/2018
,28,26,1,21.9,20,24,0.045,42,17,1.1,1,24,0.2,2,24,2018,07,25,LAX Hastings,33.95507,-118.43049,7/25/2018
,10,9,1,6.7,6,24,0.033,31,17,0.6,0,24,0.2,2,24,2018,07,31,LAX Hastings,33.95507,-118.43049,7/31/2018
,26,24,1,21.5,20,24,0.042,39,17,2.1,3,24,0.3,3,24,2018,08,06,LAX Hastings,33.95507,-118.43049,8/6/2018
,15,14,1,10.9,9,24,0.029,27,17,1.5,1,24,0.1,1,24,2018,08,12,LAX Hastings,33.95507,-118.43049,8/12/2018
,23,21,1,3.9,3,24,0.041,38,17,0.5,0,24,0.2,2,24,2018,08,18,LAX Hastings,33.95507,-118.43049,8/18/2018
,43,40,1,11.8,10,24,0.055,51,17,0.7,0,24,0.5,6,24,2018,08,24,LAX Hastings,33.95507,-118.43049,8/24/2018
,24,22,1,24.8,23,24,0.042,39,17,2,3,24,0.3,3,24,2018,08,30,LAX Hastings,33.95507,-118.43049,8/30/2018
,8,7,1,3.9,3,24,0.042,39,17,0.4,0,24,0.2,2,24,2018,09,05,LAX Hastings,33.95507,-118.43049,9/5/2018
,20,19,1,15.1,14,24,0.048,44,17,0.9,0,24,0.3,3,24,2018,09,11,LAX Hastings,33.95507,-118.43049,9/11/2018
,16,15,1,8.4,8,24,0.044,41,17,0,0,24,0.2,2,24,2018,09,29,LAX Hastings,33.95507,-118.43049,9/29/2018
,14,13,1,22.2,21,20,0.036,33,14,-0.3,0,20,0.2,2,17,2018,10,05,LAX Hastings,33.95507,-118.43049,10/5/2018
,15,14,1,22.7,21,24,0.041,38,17,0,0,24,0.3,3,24,2018,10,11,LAX Hastings,33.95507,-118.43049,10/11/2018
,27,25,1,40.8,38,24,0.037,34,17,2.1,3,24,0.8,9,24,2018,10,17,LAX Hastings,33.95507,-118.43049,10/17/2018
,45,42,1,44.4,42,24,0.059,64,17,1.7,1,24,0.7,8,24,2018,10,29,LAX Hastings,33.95507,-118.43049,10/29/2018
,31,29,1,47.7,44,24,0.049,45,17,2.7,3,24,1.2,14,24,2018,11,04,LAX Hastings,33.95507,-118.43049,11/4/2018
,32,30,1,37.7,35,24,0.048,44,17,2,3,24,0.6,7,24,2018,11,10,LAX Hastings,33.95507,-118.43049,11/10/2018
,31,29,1,45.7,42,24,0.03,28,17,5.8,7,24,0.9,10,24,2018,11,16,LAX Hastings,33.95507,-118.43049,11/16/2018
,10,9,1,21.8,20,24,0.04,37,17,0.5,0,24,0.3,3,24,2018,11,22,LAX Hastings,33.95507,-118.43049,11/22/2018
,19,18,1,32.2,30,24,0.041,38,17,1.1,1,24,0.6,7,24,2018,11,28,LAX Hastings,33.95507,-118.43049,11/28/2018
,18,17,1,43.6,41,24,0.038,35,17,0.9,0,24,0.6,7,24,2018,12,04,LAX Hastings,33.95507,-118.43049,12/4/2018
,15,14,1,28.3,26,24,0.018,17,17,0.8,0,24,0.5,6,24,2018,12,10,LAX Hastings,33.95507,-118.43049,12/10/2018
,21,19,1,34.5,32,24,0.036,33,17,3.6,4,24,1.1,13,24,2018,12,16,LAX Hastings,33.95507,-118.43049,12/16/2018
,29,27,1,51.1,48,24,0.027,25,17,2.7,3,24,1,11,24,2018,12,22,LAX Hastings,33.95507,-118.43049,12/22/2018
,9,8,1,27.6,25,24,0.038,35,17,0.9,0,24,0.1,1,24,2018,12,28,LAX Hastings,33.95507,-118.43049,12/28/2018
,37,34,1,40.6,38,24,0.022,20,17,1.1,1,24,1.3,15,24,2020,01,04,Los Angeles-North Main Street,34.06659,-118.22688,1/4/2020
,37,34,1,40.6,38,24,0.022,20,17,1.1,1,24,1.2,14,24,2020,01,04,Los Angeles-North Main Street,34.06659,-118.22688,1/4/2020
,37,34,1,40.4,38,24,0.022,20,17,1.1,1,24,1.3,15,24,2020,01,04,Los Angeles-North Main Street,34.06659,-118.22688,1/4/2020
,37,34,1,40.4,38,24,0.022,20,17,1.1,1,24,1.2,14,24,2020,01,04,Los Angeles-North Main Street,34.06659,-118.22688,1/4/2020
,27,25,1,37.5,35,24,0.019,18,17,1,1,18,0.9,10,24,2020,01,10,Los Angeles-North Main Street,34.06659,-118.22688,1/10/2020
,27,25,1,37.5,35,24,0.019,18,17,1,1,18,0.8,9,17,2020,01,10,Los Angeles-North Main Street,34.06659,-118.22688,1/10/2020
,27,25,1,37.9,35,24,0.019,18,17,1,1,18,0.9,10,24,2020,01,10,Los Angeles-North Main Street,34.06659,-118.22688,1/10/2020
,27,25,1,37.9,35,24,0.019,18,17,1,1,18,0.8,9,17,2020,01,10,Los Angeles-North Main Street,34.06659,-118.22688,1/10/2020
,30,28,1,42.5,40,24,0.039,36,17,0.6,0,24,1,11,24,2020,02,21,Los Angeles-North Main Street,34.06659,-118.22688,2/21/2020
,30,28,1,42.5,40,24,0.039,36,17,0.6,0,24,0.9,10,24,2020,02,21,Los Angeles-North Main Street,34.06659,-118.22688,2/21/2020
,30,28,1,44.2,42,24,0.039,36,17,0.6,0,24,1,11,24,2020,02,21,Los Angeles-North Main Street,34.06659,-118.22688,2/21/2020
,30,28,1,44.2,42,24,0.039,36,17,0.6,0,24,0.9,10,24,2020,02,21,Los Angeles-North Main Street,34.06659,-118.22688,2/21/2020
,31,29,1,47,44,24,0.029,27,17,2.2,3,24,1,11,24,2020,02,27,Los Angeles-North Main Street,34.06659,-118.22688,2/27/2020
,31,29,1,47,44,24,0.029,27,17,2.2,3,24,0.9,10,24,2020,02,27,Los Angeles-North Main Street,34.06659,-118.22688,2/27/2020
,31,29,1,50.4,47,24,0.029,27,17,2.2,3,24,1,11,24,2020,02,27,Los Angeles-North Main Street,34.06659,-118.22688,2/27/2020
,31,29,1,50.4,47,24,0.029,27,17,2.2,3,24,0.9,10,24,2020,02,27,Los Angeles-North Main Street,34.06659,-118.22688,2/27/2020
,33,31,1,32.5,30,24,0.03,28,17,0.5,0,24,0.8,9,24,2020,03,04,Los Angeles-North Main Street,34.06659,-118.22688,3/4/2020
,33,31,1,32.5,30,24,0.03,28,17,0.5,0,24,0.7,8,24,2020,03,04,Los Angeles-North Main Street,34.06659,-118.22688,3/4/2020
,33,31,1,36.8,34,24,0.03,28,17,0.5,0,24,0.8,9,24,2020,03,04,Los Angeles-North Main Street,34.06659,-118.22688,3/4/2020
,33,31,1,36.8,34,24,0.03,28,17,0.5,0,24,0.7,8,24,2020,03,04,Los Angeles-North Main Street,34.06659,-118.22688,3/4/2020
,8,7,1,15.3,14,24,0.017,16,17,0.1,0,24,0.2,2,24,2020,03,10,Los Angeles-North Main Street,34.06659,-118.22688,3/10/2020
,8,7,1,15.3,14,24,0.017,16,17,0.1,0,24,0.2,2,24,2020,03,10,Los Angeles-North Main Street,34.06659,-118.22688,3/10/2020
,8,7,1,17.8,16,24,0.017,16,17,0.1,0,24,0.2,2,24,2020,03,10,Los Angeles-North Main Street,34.06659,-118.22688,3/10/2020
,8,7,1,17.8,16,24,0.017,16,17,0.1,0,24,0.2,2,24,2020,03,10,Los Angeles-North Main Street,34.06659,-118.22688,3/10/2020
,17,16,1,23.7,22,24,0.028,26,17,0.1,0,24,0.5,6,24,2020,03,16,Los Angeles-North Main Street,34.06659,-118.22688,3/16/2020
,17,16,1,23.7,22,24,0.028,26,17,0.1,0,24,0.5,6,24,2020,03,16,Los Angeles-North Main Street,34.06659,-118.22688,3/16/2020
,17,16,1,25.4,24,24,0.028,26,17,0.1,0,24,0.5,6,24,2020,03,16,Los Angeles-North Main Street,34.06659,-118.22688,3/16/2020
,17,16,1,25.4,24,24,0.028,26,17,0.1,0,24,0.5,6,24,2020,03,16,Los Angeles-North Main Street,34.06659,-118.22688,3/16/2020
,7,6,1,20.6,19,24,0.034,31,17,0.1,0,24,0.4,5,24,2020,03,22,Los Angeles-North Main Street,34.06659,-118.22688,3/22/2020
,21,19,1,12.5,11,24,0.049,45,17,0.3,0,24,0.2,2,24,2020,07,02,Los Angeles-North Main Street,34.06659,-118.22688,7/2/2020
,21,19,1,12.5,11,24,0.049,45,17,0.3,0,24,0.2,2,24,2020,07,02,Los Angeles-North Main Street,34.06659,-118.22688,7/2/2020
,21,19,1,11.6,10,24,0.049,45,17,0.3,0,24,0.2,2,24,2020,07,02,Los Angeles-North Main Street,34.06659,-118.22688,7/2/2020
,21,19,1,11.6,10,24,0.049,45,17,0.3,0,24,0.2,2,24,2020,07,02,Los Angeles-North Main Street,34.06659,-118.22688,7/2/2020
,34,31,1,23.1,22,24,0.051,47,17,0.4,0,24,0.3,3,24,2020,07,08,Los Angeles-North Main Street,34.06659,-118.22688,7/8/2020
,34,31,1,23.1,22,24,0.051,47,17,0.4,0,24,0.3,3,24,2020,07,08,Los Angeles-North Main Street,34.06659,-118.22688,7/8/2020
,34,31,1,21.6,20,24,0.051,47,17,0.4,0,24,0.3,3,24,2020,07,08,Los Angeles-North Main Street,34.06659,-118.22688,7/8/2020
,34,31,1,21.6,20,24,0.051,47,17,0.4,0,24,0.3,3,24,2020,07,08,Los Angeles-North Main Street,34.06659,-118.22688,7/8/2020
,27,25,1,17,16,24,0.046,43,17,1,1,24,0.2,2,24,2020,07,14,Los Angeles-North Main Street,34.06659,-118.22688,7/14/2020
,27,25,1,16.8,15,24,0.046,43,17,1,1,24,0.2,2,24,2020,07,14,Los Angeles-North Main Street,34.06659,-118.22688,7/14/2020
,19,18,1,19.2,18,24,0.042,39,17,0.8,0,24,0.3,3,24,2020,07,20,Los Angeles-North Main Street,34.06659,-118.22688,7/20/2020
,19,18,1,18.7,17,24,0.042,39,17,0.8,0,24,0.3,3,24,2020,07,20,Los Angeles-North Main Street,34.06659,-118.22688,7/20/2020
,17,16,1,13.5,12,24,0.045,42,17,0.2,0,24,0.3,3,24,2020,07,26,Los Angeles-North Main Street,34.06659,-118.22688,7/26/2020
,17,16,1,12.7,11,24,0.045,42,17,0.2,0,24,0.3,3,24,2020,07,26,Los Angeles-North Main Street,34.06659,-118.22688,7/26/2020
,34,31,1,45.8,42,24,0.054,50,17,1.2,1,24,0.4,5,2,2020,08,01,Los Angeles-North Main Street,34.06659,-118.22688,8/1/2020
,34,31,1,42.7,40,24,0.054,50,17,1.2,1,24,0.4,5,2,2020,08,01,Los Angeles-North Main Street,34.06659,-118.22688,8/1/2020
,23,21,1,23.7,22,24,0.048,44,17,0.6,0,24,0.3,3,24,2020,08,07,Los Angeles-North Main Street,34.06659,-118.22688,8/7/2020
,23,21,1,20.7,19,24,0.048,44,17,0.6,0,24,0.3,3,24,2020,08,07,Los Angeles-North Main Street,34.06659,-118.22688,8/7/2020
,32,30,1,43.3,41,24,0.071,101,17,1.4,1,24,0.9,10,24,2020,08,15,Los Angeles-North Main Street,34.06659,-118.22688,8/15/2020
,32,30,1,40.5,38,24,0.071,101,17,1.4,1,24,0.9,10,24,2020,08,15,Los Angeles-North Main Street,34.06659,-118.22688,8/15/2020
,32,30,1,34.2,32,24,0.065,84,17,1.1,1,24,0.7,8,24,2020,08,19,Los Angeles-North Main Street,34.06659,-118.22688,8/19/2020
,32,30,1,31.5,29,24,0.065,84,17,1.1,1,24,0.7,8,24,2020,08,19,Los Angeles-North Main Street,34.06659,-118.22688,8/19/2020
,22,20,1,25.5,24,24,0.037,34,17,0.5,0,24,0.7,8,24,2020,08,25,Los Angeles-North Main Street,34.06659,-118.22688,8/25/2020
,22,20,1,23.1,22,24,0.037,34,17,0.5,0,24,0.7,8,24,2020,08,25,Los Angeles-North Main Street,34.06659,-118.22688,8/25/2020
,15,14,1,15.8,14,24,0.051,47,17,0.2,0,24,0.4,5,24,2020,08,31,Los Angeles-North Main Street,34.06659,-118.22688,8/31/2020
,15,14,1,15.1,14,24,0.051,47,17,0.2,0,24,0.4,5,24,2020,08,31,Los Angeles-North Main Street,34.06659,-118.22688,8/31/2020
,33,31,1,44.6,42,24,0.118,214,17,0.9,0,24,1.3,15,24,2020,09,06,Los Angeles-North Main Street,34.06659,-118.22688,9/6/2020
,33,31,1,39.5,37,24,0.118,214,17,0.9,0,24,1.3,15,24,2020,09,06,Los Angeles-North Main Street,34.06659,-118.22688,9/6/2020
,83,65,1,41.6,39,24,0.045,42,17,1,1,24,1.4,16,24,2020,09,12,Los Angeles-North Main Street,34.06659,-118.22688,9/12/2020
,83,65,1,36.4,34,24,0.045,42,17,1,1,24,1.4,16,24,2020,09,12,Los Angeles-North Main Street,34.06659,-118.22688,9/12/2020
,53,49,1,51.1,48,23,0.076,119,17,1.5,1,24,1.1,13,24,2020,09,18,Los Angeles-North Main Street,34.06659,-118.22688,9/18/2020
,53,49,1,51.7,48,23,0.076,119,17,1.5,1,24,1.1,13,24,2020,09,18,Los Angeles-North Main Street,34.06659,-118.22688,9/18/2020
,37,34,1,47.5,44,24,0.067,90,17,1,1,20,0.8,9,24,2020,09,24,Los Angeles-North Main Street,34.06659,-118.22688,9/24/2020
,37,34,1,42.8,40,24,0.067,90,17,1,1,20,0.8,9,24,2020,09,24,Los Angeles-North Main Street,34.06659,-118.22688,9/24/2020
,43,40,1,47.4,44,24,0.069,97,17,0.6,0,18,0.8,9,24,2020,09,30,Los Angeles-North Main Street,34.06659,-118.22688,9/30/2020
,43,40,1,43.6,41,24,0.069,97,17,0.6,0,18,0.8,9,24,2020,09,30,Los Angeles-North Main Street,34.06659,-118.22688,9/30/2020
,54,50,1,45.3,42,24,0.074,112,17,0.7,0,24,1.2,14,24,2020,10,06,Los Angeles-North Main Street,34.06659,-118.22688,10/6/2020
,54,50,1,41.8,39,24,0.074,112,17,0.7,0,24,1.2,14,24,2020,10,06,Los Angeles-North Main Street,34.06659,-118.22688,10/6/2020
,32,30,1,41.6,39,24,0.064,80,17,0.4,0,24,0.8,9,24,2020,10,12,Los Angeles-North Main Street,34.06659,-118.22688,10/12/2020
,32,30,1,36.8,34,24,0.064,80,17,0.4,0,24,0.8,9,24,2020,10,12,Los Angeles-North Main Street,34.06659,-118.22688,10/12/2020
,37,34,1,22.7,21,24,0.06,67,17,0.6,0,24,0.6,7,24,2020,10,18,Los Angeles-North Main Street,34.06659,-118.22688,10/18/2020
,37,34,1,18.1,17,24,0.06,67,17,0.6,0,24,0.6,7,24,2020,10,18,Los Angeles-North Main Street,34.06659,-118.22688,10/18/2020
,54,50,1,41.2,39,24,0.062,74,17,0.7,0,24,0.9,10,24,2020,10,28,Los Angeles-North Main Street,34.06659,-118.22688,10/28/2020
,54,50,1,40.3,38,24,0.062,74,17,0.7,0,24,0.9,10,24,2020,10,28,Los Angeles-North Main Street,34.06659,-118.22688,10/28/2020
,47,44,1,54.2,51,24,0.051,47,17,0.8,0,24,1.2,14,24,2020,10,30,Los Angeles-North Main Street,34.06659,-118.22688,10/30/2020
,47,44,1,49.5,46,24,0.051,47,17,0.8,0,24,1.2,14,24,2020,10,30,Los Angeles-North Main Street,34.06659,-118.22688,10/30/2020
,43,40,1,54.7,51,20,0.025,23,13,0.7,0,24,1.3,15,17,2020,11,05,Los Angeles-North Main Street,34.06659,-118.22688,11/5/2020
,31,29,1,38.9,36,24,0.036,33,17,0.6,0,24,0.8,9,24,2020,11,11,Los Angeles-North Main Street,34.06659,-118.22688,11/11/2020
,31,29,1,38.9,36,24,0.036,33,17,0.6,0,24,0.8,9,24,2020,11,11,Los Angeles-North Main Street,34.06659,-118.22688,11/11/2020
,31,29,1,36.3,34,24,0.036,33,17,0.6,0,24,0.8,9,24,2020,11,11,Los Angeles-North Main Street,34.06659,-118.22688,11/11/2020
,31,29,1,36.3,34,24,0.036,33,17,0.6,0,24,0.8,9,24,2020,11,11,Los Angeles-North Main Street,34.06659,-118.22688,11/11/2020
,41,38,1,47.9,44,24,0.037,34,17,1.6,1,24,1,11,24,2020,11,17,Los Angeles-North Main Street,34.06659,-118.22688,11/17/2020
,41,38,1,47.9,44,24,0.037,34,17,1.6,1,24,1.1,13,24,2020,11,17,Los Angeles-North Main Street,34.06659,-118.22688,11/17/2020
,41,38,1,43.1,41,24,0.037,34,17,1.6,1,24,1,11,24,2020,11,17,Los Angeles-North Main Street,34.06659,-118.22688,11/17/2020
,41,38,1,43.1,41,24,0.037,34,17,1.6,1,24,1.1,13,24,2020,11,17,Los Angeles-North Main Street,34.06659,-118.22688,11/17/2020
,41,38,1,36.2,34,24,0.032,30,17,0.3,0,24,1.1,13,24,2020,11,23,Los Angeles-North Main Street,34.06659,-118.22688,11/23/2020
,41,38,1,36.2,34,24,0.032,30,17,0.3,0,24,1,11,24,2020,11,23,Los Angeles-North Main Street,34.06659,-118.22688,11/23/2020
,41,38,1,31.7,29,24,0.032,30,17,0.3,0,24,1.1,13,24,2020,11,23,Los Angeles-North Main Street,34.06659,-118.22688,11/23/2020
,41,38,1,31.7,29,24,0.032,30,17,0.3,0,24,1,11,24,2020,11,23,Los Angeles-North Main Street,34.06659,-118.22688,11/23/2020
,26,24,1,37,35,24,0.042,39,17,0.5,0,24,1.1,13,24,2020,11,29,Los Angeles-North Main Street,34.06659,-118.22688,11/29/2020
,26,24,1,37,35,24,0.042,39,17,0.5,0,24,1,11,24,2020,11,29,Los Angeles-North Main Street,34.06659,-118.22688,11/29/2020
,26,24,1,36.4,34,24,0.042,39,17,0.5,0,24,1.1,13,24,2020,11,29,Los Angeles-North Main Street,34.06659,-118.22688,11/29/2020
,26,24,1,36.4,34,24,0.042,39,17,0.5,0,24,1,11,24,2020,11,29,Los Angeles-North Main Street,34.06659,-118.22688,11/29/2020
,42,39,1,54.6,51,24,0.025,23,17,1.6,1,24,1.5,17,24,2020,12,05,Los Angeles-North Main Street,34.06659,-118.22688,12/5/2020
,42,39,1,54.6,51,24,0.025,23,17,1.6,1,24,1.2,14,2,2020,12,05,Los Angeles-North Main Street,34.06659,-118.22688,12/5/2020
,42,39,1,52.2,49,24,0.025,23,17,1.6,1,24,1.5,17,24,2020,12,05,Los Angeles-North Main Street,34.06659,-118.22688,12/5/2020
,42,39,1,52.2,49,24,0.025,23,17,1.6,1,24,1.2,14,2,2020,12,05,Los Angeles-North Main Street,34.06659,-118.22688,12/5/2020
,35,32,1,33.4,31,19,0.037,34,13,0.3,0,24,0.7,8,16,2020,12,11,Los Angeles-North Main Street,34.06659,-118.22688,12/11/2020
,35,32,1,29.5,27,19,0.037,34,13,0.3,0,24,0.7,8,16,2020,12,11,Los Angeles-North Main Street,34.06659,-118.22688,12/11/2020
,32,30,1,43.7,41,24,0.026,24,17,0.8,0,24,1.2,14,24,2020,12,17,Los Angeles-North Main Street,34.06659,-118.22688,12/17/2020
,32,30,1,41.3,39,24,0.026,24,17,0.8,0,24,1.2,14,24,2020,12,17,Los Angeles-North Main Street,34.06659,-118.22688,12/17/2020
,48,44,1,53.3,50,24,0.016,15,17,0.5,0,20,1,11,24,2020,12,23,Los Angeles-North Main Street,34.06659,-118.22688,12/23/2020
,48,44,1,48.5,45,24,0.016,15,17,0.5,0,20,1,11,24,2020,12,23,Los Angeles-North Main Street,34.06659,-118.22688,12/23/2020
,15,14,1,37.9,35,24,0.029,27,17,0.4,0,23,0.7,8,24,2020,12,29,Los Angeles-North Main Street,34.06659,-118.22688,12/29/2020
,15,14,1,37.9,35,24,0.029,27,17,0.4,0,23,0.7,8,24,2020,12,29,Los Angeles-North Main Street,34.06659,-118.22688,12/29/2020
,15,14,1,35.1,33,24,0.029,27,17,0.4,0,23,0.7,8,24,2020,12,29,Los Angeles-North Main Street,34.06659,-118.22688,12/29/2020
,15,14,1,35.1,33,24,0.029,27,17,0.4,0,23,0.7,8,24,2020,12,29,Los Angeles-North Main Street,34.06659,-118.22688,12/29/2020
,26,24,1,34.3,32,24,0.036,33,17,1.3,1,24,1.2,14,24,2020,01,04,LAX Hastings,33.95507,-118.43049,1/4/2020
,14,13,1,31.5,29,24,0.022,20,17,1.8,1,24,0.6,7,24,2020,01,10,LAX Hastings,33.95507,-118.43049,1/10/2020
,27,25,1,41.2,39,24,0.036,33,17,0.9,0,24,1.1,13,24,2020,01,16,LAX Hastings,33.95507,-118.43049,1/16/2020
,19,18,1,31.9,29,24,0.033,31,17,1.3,1,24,0.6,7,24,2020,01,22,LAX Hastings,33.95507,-118.43049,1/22/2020
,15,14,1,47.3,44,24,0.038,35,17,4.1,6,24,0.3,3,24,2020,01,28,LAX Hastings,33.95507,-118.43049,1/28/2020
,18,17,1,10.9,9,24,0.038,35,17,0.4,0,24,0.2,2,24,2020,02,03,LAX Hastings,33.95507,-118.43049,2/3/2020
,14,13,1,18.4,17,24,0.035,32,17,0.8,0,24,0.3,3,24,2020,02,09,LAX Hastings,33.95507,-118.43049,2/9/2020
,28,26,1,38.6,36,24,0.045,42,17,2.2,3,24,0.9,10,24,2020,02,15,LAX Hastings,33.95507,-118.43049,2/15/2020
,24,22,1,42.4,40,24,0.047,44,17,1.8,1,24,0.7,8,24,2020,02,21,LAX Hastings,33.95507,-118.43049,2/21/2020
,21,19,1,38.7,36,24,0.04,37,17,0.6,0,24,0.6,7,24,2020,02,27,LAX Hastings,33.95507,-118.43049,2/27/2020
,26,24,1,23.5,22,24,0.036,33,17,1,1,24,0.3,3,24,2020,03,04,LAX Hastings,33.95507,-118.43049,3/4/2020
,42,39,1,4.8,4,24,0.028,26,24,0.4,0,24,0.1,1,24,2020,07,02,LAX Hastings,33.95507,-118.43049,7/2/2020
,20,19,1,14.2,13,24,0.034,31,17,0.5,0,24,0.2,2,24,2020,07,08,LAX Hastings,33.95507,-118.43049,7/8/2020
,16,15,1,7,7,20,0.034,31,14,0.3,0,20,0.1,1,17,2020,07,14,LAX Hastings,33.95507,-118.43049,7/14/2020
,11,10,1,8.5,8,24,0.031,29,17,0.8,0,24,0.1,1,24,2020,07,20,LAX Hastings,33.95507,-118.43049,7/20/2020
,11,10,1,9.2,8,24,0.03,28,17,0.4,0,24,0.1,1,24,2020,07,26,LAX Hastings,33.95507,-118.43049,7/26/2020
,19,18,1,19.8,18,24,0.031,29,17,1,1,24,0.1,1,24,2020,08,01,LAX Hastings,33.95507,-118.43049,8/1/2020
,14,13,1,12.2,11,24,0.034,31,17,0.6,0,24,0.1,1,24,2020,08,07,LAX Hastings,33.95507,-118.43049,8/7/2020
,20,19,1,22.9,21,24,0.029,27,17,0.6,0,24,0.3,3,24,2020,08,19,LAX Hastings,33.95507,-118.43049,8/19/2020
,25,23,1,14.5,13,24,0.034,31,17,1.2,1,24,0.2,2,24,2020,08,27,LAX Hastings,33.95507,-118.43049,8/27/2020
,6,6,1,3.6,3,24,0.039,36,17,0.1,0,24,0.1,1,24,2020,08,31,LAX Hastings,33.95507,-118.43049,8/31/2020
,43,40,1,31.4,29,24,0.074,112,17,2.5,3,24,0.6,7,24,2020,09,06,LAX Hastings,33.95507,-118.43049,9/6/2020
,55,51,1,34.6,32,24,0.032,30,17,0.8,0,24,1,11,24,2020,09,12,LAX Hastings,33.95507,-118.43049,9/12/2020
,38,35,1,30.7,28,24,0.046,43,17,1.7,1,24,0.5,6,24,2020,09,18,LAX Hastings,33.95507,-118.43049,9/18/2020
,12,11,1,35.4,33,24,0.04,37,17,1.6,1,24,0.4,5,24,2020,09,24,LAX Hastings,33.95507,-118.43049,9/24/2020
,33,31,1,43.6,41,24,0.048,44,17,1,1,24,0.8,9,24,2020,09,30,LAX Hastings,33.95507,-118.43049,9/30/2020
,30,28,1,16.6,15,22,0.054,50,17,0.4,0,22,0.4,5,24,2020,10,06,LAX Hastings,33.95507,-118.43049,10/6/2020
,21,19,1,30.1,28,24,0.043,40,17,0.6,0,24,0.4,5,24,2020,10,12,LAX Hastings,33.95507,-118.43049,10/12/2020
,25,23,1,29.3,27,24,0.044,41,17,0.5,0,24,0.4,5,24,2020,10,18,LAX Hastings,33.95507,-118.43049,10/18/2020
,14,13,1,8.2,8,24,0.032,30,17,0.1,0,24,0.2,2,24,2020,10,24,LAX Hastings,33.95507,-118.43049,10/24/2020
,41,38,1,57.8,54,24,0.041,38,17,1.2,1,24,1.2,14,24,2020,10,30,LAX Hastings,33.95507,-118.43049,10/30/2020
,23,21,1,39.7,37,24,0.035,32,17,1.5,1,24,0.7,8,24,2020,11,11,LAX Hastings,33.95507,-118.43049,11/11/2020
,17,16,1,50.3,47,21,0.039,36,15,0.8,0,21,0.8,9,18,2020,11,17,LAX Hastings,33.95507,-118.43049,11/17/2020
,27,25,1,39,37,24,0.027,25,17,1.2,1,24,0.7,8,24,2020,12,05,LAX Hastings,33.95507,-118.43049,12/5/2020
,26,24,1,30.7,28,21,0.037,34,18,0.4,0,21,0.6,7,18,2020,12,11,LAX Hastings,33.95507,-118.43049,12/11/2020
,27,25,1,50.9,47,22,0.031,29,17,3,4,22,1.1,13,24,2020,12,17,LAX Hastings,33.95507,-118.43049,12/17/2020
,39,36,1,45.1,42,24,0.022,20,17,2.1,3,24,0.7,8,24,2020,12,23,LAX Hastings,33.95507,-118.43049,12/23/2020
,8,7,1,28.9,26,24,0.03,28,17,1.4,1,24,0.4,5,24,2020,12,29,LAX Hastings,33.95507,-118.43049,12/29/2020
