"Table Name",METDATA
"Number of Records",831648
"Last Table Update",2020-06-03
"File Date",2020-06-04

"Note 1","Data having a QA_CODE of less than 3 is preliminary and subject to change."

Data Codes Contained in File:
COLUMN_NAME,CODE,DESCRIPTION,VALIDITY
%_F,&,"Ambient concentration data measured/collected coincident with data flagged A",Valid
%_F,<,"Missing < 25% of hourly sampling period",Valid
%_F,A,"Anomalous value resulting from local anthropogenic activity",Valid
%_F,B,"Field instrument channel down for > 75% of hourly sampling period",Invalid
%_F,C,"Invalid data collected during field calibration of instrument",Invalid
%_F,D,"Field instrument channel down for 25% to 75% of hourly sampling period",Invalid
%_F,E,"Exceptional event designation requested by state agency",Valid
%_F,F,"Field instrument power failure",Invalid
%_F,H,"Invalid reading - related to instrument malfunction",Invalid
%_F,I,"Invalid reading - Suspect data",Invalid
%_F,J,"Invalid reading - related to critical criteria failures",Invalid
%_F,K,"Non-nominal flow value identified during automated screening",Valid
%_F,M,"Field data missing",Invalid
%_F,NULL,"Valid data",Valid
%_F,P,"Potential problem identified during automated screening requiring further investigation",Invalid
%_F,S,"Field instrument out of DQO at time of 2nd calibration",Valid
%_F,T,"Third party audit",Invalid
%_F,W,"Temperature Blower Motor Status Failure",Valid
%_F,Y,"QC Control Points (zero/span)",Valid
%_F,^,"Alarm high -- ozone > 120",Valid
%_F,_,"Field reading less than zero",Valid
OZONE_F,<,"Missing < 25% of hourly sampling period",Valid
OZONE_F,B,"Field instrument channel down for > 75% of hourly sampling period",Invalid
OZONE_F,C,"Invalid data collected during field calibration of instrument",Invalid
OZONE_F,D,"Field instrument channel down for 25% to 75% of hourly sampling period",Invalid
OZONE_F,E,"Exceptional event designation requested by state agency",Valid
OZONE_F,F,"Field instrument power failure",Invalid
OZONE_F,H,"Invalid reading - related to instrument malfunction",Invalid
OZONE_F,I,"Invalid reading - Suspect data",Invalid
OZONE_F,J,"Invalid reading - related to critical criteria failures",Invalid
OZONE_F,K,"Non-nominal flow value identified during automated screening",Valid
OZONE_F,M,"Field data missing",Invalid
OZONE_F,NULL,"Valid data",Valid
OZONE_F,P,"Potential problem identified during automated screening requiring further investigation",Invalid
OZONE_F,S,"Field instrument out of DQO at time of 2nd calibration",Valid
OZONE_F,T,"Third Party Audit",Invalid
OZONE_F,Y,"QC control points (zero/span)",Invalid
OZONE_F,^,"Alarm high -- ozone > 120",Valid
OZONE_F,_,"Field reading less than zero",Valid
QA_CODE,0,"Level 0 validated data",
QA_CODE,1,"Level 1 validated data",
QA_CODE,1X,"Level 1 data that are suspect based on manual screening.  Data should be omitted from any statistical analyses.",
QA_CODE,2,"Level 2 validated data",
QA_CODE,3,"Level 3 validated data",
QA_CODE,GS,"Government shutdown period",
QA_CODE,X,"Record not obtained via daily polling; placeholder used",
