ozone,year,month,day,weight,flag,station-name
0.026,2014,1,1,9,0,SPNG
0.026,2014,1,1,9,0,SPNG
0.026,2014,1,1,9,0,SPNG
0.026,2014,1,1,9,0,SPNG
0.017,2014,1,2,23,0,SPNG
0.017,2014,1,2,23,0,SPNG
0.017,2014,1,2,23,0,SPNG
0.017,2014,1,2,23,0,SPNG
0.035,2014,1,3,9,0,SPNG
0.035,2014,1,3,9,0,SPNG
0.035,2014,1,3,9,0,SPNG
0.035,2014,1,3,9,0,SPNG
0.03,2014,1,4,10,0,SPNG
0.03,2014,1,4,10,0,SPNG
0.03,2014,1,4,10,0,SPNG
0.03,2014,1,4,10,0,SPNG
0.023,2014,1,5,23,0,SPNG
0.023,2014,1,5,23,0,SPNG
0.023,2014,1,5,23,0,SPNG
0.023,2014,1,5,23,0,SPNG
0.034,2014,1,6,20,0,SPNG
0.034,2014,1,6,20,0,SPNG
0.034,2014,1,6,20,0,SPNG
0.034,2014,1,6,20,0,SPNG
0.032,2014,1,7,0,0,SPNG
0.032,2014,1,7,0,0,SPNG
0.032,2014,1,7,0,0,SPNG
0.032,2014,1,7,0,0,SPNG
0.02,2014,1,8,10,0,SPNG
0.02,2014,1,8,10,0,SPNG
0.02,2014,1,8,10,0,SPNG
0.02,2014,1,8,10,0,SPNG
0.029,2014,1,9,10,0,SPNG
0.029,2014,1,9,10,0,SPNG
0.029,2014,1,9,10,0,SPNG
0.029,2014,1,9,10,0,SPNG
0.019,2014,1,10,0,0,SPNG
0.019,2014,1,10,0,0,SPNG
0.019,2014,1,10,0,0,SPNG
0.019,2014,1,10,0,0,SPNG
0.029,2014,1,11,23,0,SPNG
0.029,2014,1,11,23,0,SPNG
0.029,2014,1,11,23,0,SPNG
0.029,2014,1,11,23,0,SPNG
0.033,2014,1,12,8,0,SPNG
0.033,2014,1,12,8,0,SPNG
0.033,2014,1,12,8,0,SPNG
0.033,2014,1,12,8,0,SPNG
0.029,2014,1,13,10,0,SPNG
0.029,2014,1,13,10,0,SPNG
0.029,2014,1,13,10,0,SPNG
0.029,2014,1,13,10,0,SPNG
0.017,2014,1,14,10,0,SPNG
0.017,2014,1,14,10,0,SPNG
0.017,2014,1,14,10,0,SPNG
0.017,2014,1,14,10,0,SPNG
0.025,2014,1,15,21,0,SPNG
0.025,2014,1,15,21,0,SPNG
0.025,2014,1,15,21,0,SPNG
0.025,2014,1,15,21,0,SPNG
0.025,2014,1,16,0,0,SPNG
0.025,2014,1,16,0,0,SPNG
0.025,2014,1,16,0,0,SPNG
0.025,2014,1,16,0,0,SPNG
0.03,2014,1,17,11,0,SPNG
0.03,2014,1,17,11,0,SPNG
0.03,2014,1,17,11,0,SPNG
0.03,2014,1,17,11,0,SPNG
0.029,2014,1,18,8,0,SPNG
0.029,2014,1,18,8,0,SPNG
0.029,2014,1,18,8,0,SPNG
0.029,2014,1,18,8,0,SPNG
0.034,2014,1,19,10,0,SPNG
0.034,2014,1,19,10,0,SPNG
0.034,2014,1,19,10,0,SPNG
0.034,2014,1,19,10,0,SPNG
0.03,2014,1,20,9,0,SPNG
0.03,2014,1,20,9,0,SPNG
0.03,2014,1,20,9,0,SPNG
0.03,2014,1,20,9,0,SPNG
0.026,2014,1,21,22,0,SPNG
0.026,2014,1,21,22,0,SPNG
0.026,2014,1,21,22,0,SPNG
0.026,2014,1,21,22,0,SPNG
0.031,2014,1,22,9,0,SPNG
0.031,2014,1,22,9,0,SPNG
0.031,2014,1,22,9,0,SPNG
0.031,2014,1,22,9,0,SPNG
0.031,2014,1,23,10,0,SPNG
0.031,2014,1,23,10,0,SPNG
0.031,2014,1,23,10,0,SPNG
0.031,2014,1,23,10,0,SPNG
0.027,2014,1,24,0,0,SPNG
0.027,2014,1,24,0,0,SPNG
0.027,2014,1,24,0,0,SPNG
0.027,2014,1,24,0,0,SPNG
0.032,2014,1,25,9,0,SPNG
0.032,2014,1,25,9,0,SPNG
0.032,2014,1,25,9,0,SPNG
0.032,2014,1,25,9,0,SPNG
0.035,2014,1,26,10,0,SPNG
0.035,2014,1,26,10,0,SPNG
0.035,2014,1,26,10,0,SPNG
0.035,2014,1,26,10,0,SPNG
0.037,2014,1,27,21,0,SPNG
0.037,2014,1,27,21,0,SPNG
0.037,2014,1,27,21,0,SPNG
0.037,2014,1,27,21,0,SPNG
0.035,2014,1,28,0,0,SPNG
0.035,2014,1,28,0,0,SPNG
0.035,2014,1,28,0,0,SPNG
0.035,2014,1,28,0,0,SPNG
0.034,2014,1,29,10,0,SPNG
0.034,2014,1,29,10,0,SPNG
0.034,2014,1,29,10,0,SPNG
0.034,2014,1,29,10,0,SPNG
0.036,2014,1,30,10,0,SPNG
0.036,2014,1,30,10,0,SPNG
0.036,2014,1,30,10,0,SPNG
0.036,2014,1,30,10,0,SPNG
0.027,2014,1,31,10,0,SPNG
0.027,2014,1,31,10,0,SPNG
0.027,2014,1,31,10,0,SPNG
0.027,2014,1,31,10,0,SPNG
0.035,2014,2,1,10,0,SPNG
0.035,2014,2,1,10,0,SPNG
0.035,2014,2,1,10,0,SPNG
0.035,2014,2,1,10,0,SPNG
0.033,2014,2,2,9,0,SPNG
0.033,2014,2,2,9,0,SPNG
0.033,2014,2,2,9,0,SPNG
0.033,2014,2,2,9,0,SPNG
0.026,2014,2,3,21,0,SPNG
0.026,2014,2,3,21,0,SPNG
0.026,2014,2,3,21,0,SPNG
0.026,2014,2,3,21,0,SPNG
0.026,2014,2,4,0,0,SPNG
0.026,2014,2,4,0,0,SPNG
0.026,2014,2,4,0,0,SPNG
0.026,2014,2,4,0,0,SPNG
0.025,2014,2,5,22,0,SPNG
0.025,2014,2,5,22,0,SPNG
0.025,2014,2,5,22,0,SPNG
0.025,2014,2,5,22,0,SPNG
0.035,2014,2,6,9,0,SPNG
0.035,2014,2,6,9,0,SPNG
0.035,2014,2,6,9,0,SPNG
0.035,2014,2,6,9,0,SPNG
0.031,2014,2,7,10,0,SPNG
0.031,2014,2,7,10,0,SPNG
0.031,2014,2,7,10,0,SPNG
0.031,2014,2,7,10,0,SPNG
0.033,2014,2,8,10,0,SPNG
0.033,2014,2,8,10,0,SPNG
0.033,2014,2,8,10,0,SPNG
0.033,2014,2,8,10,0,SPNG
0.03,2014,2,9,10,0,SPNG
0.03,2014,2,9,10,0,SPNG
0.03,2014,2,9,10,0,SPNG
0.03,2014,2,9,10,0,SPNG
0.028,2014,2,10,7,0,SPNG
0.028,2014,2,10,7,0,SPNG
0.028,2014,2,10,7,0,SPNG
0.028,2014,2,10,7,0,SPNG
0.032,2014,2,11,9,0,SPNG
0.032,2014,2,11,9,0,SPNG
0.032,2014,2,11,9,0,SPNG
0.032,2014,2,11,9,0,SPNG
0.033,2014,2,12,8,0,SPNG
0.033,2014,2,12,8,0,SPNG
0.033,2014,2,12,8,0,SPNG
0.033,2014,2,12,8,0,SPNG
0.03,2014,2,13,0,0,SPNG
0.03,2014,2,13,0,0,SPNG
0.03,2014,2,13,0,0,SPNG
0.03,2014,2,13,0,0,SPNG
0.04,2014,2,14,9,0,SPNG
0.04,2014,2,14,9,0,SPNG
0.04,2014,2,14,9,0,SPNG
0.04,2014,2,14,9,0,SPNG
0.041,2014,2,15,11,0,SPNG
0.041,2014,2,15,11,0,SPNG
0.041,2014,2,15,11,0,SPNG
0.041,2014,2,15,11,0,SPNG
0.04,2014,2,16,10,0,SPNG
0.04,2014,2,16,10,0,SPNG
0.04,2014,2,16,10,0,SPNG
0.04,2014,2,16,10,0,SPNG
0.039,2014,2,17,10,0,SPNG
0.039,2014,2,17,10,0,SPNG
0.039,2014,2,17,10,0,SPNG
0.039,2014,2,17,10,0,SPNG
0.04,2014,2,18,10,0,SPNG
0.04,2014,2,18,10,0,SPNG
0.04,2014,2,18,10,0,SPNG
0.04,2014,2,18,10,0,SPNG
0.03,2014,2,19,2,0,SPNG
0.03,2014,2,19,2,0,SPNG
0.03,2014,2,19,2,0,SPNG
0.03,2014,2,19,2,0,SPNG
0.041,2014,2,20,9,0,SPNG
0.041,2014,2,20,9,0,SPNG
0.041,2014,2,20,9,0,SPNG
0.041,2014,2,20,9,0,SPNG
0.03,2014,2,21,0,0,SPNG
0.03,2014,2,21,0,0,SPNG
0.03,2014,2,21,0,0,SPNG
0.03,2014,2,21,0,0,SPNG
0.041,2014,2,22,10,0,SPNG
0.041,2014,2,22,10,0,SPNG
0.041,2014,2,22,10,0,SPNG
0.041,2014,2,22,10,0,SPNG
0.044,2014,2,23,10,0,SPNG
0.044,2014,2,23,10,0,SPNG
0.044,2014,2,23,10,0,SPNG
0.044,2014,2,23,10,0,SPNG
0.042,2014,2,24,10,0,SPNG
0.042,2014,2,24,10,0,SPNG
0.042,2014,2,24,10,0,SPNG
0.042,2014,2,24,10,0,SPNG
0.034,2014,2,25,10,0,SPNG
0.034,2014,2,25,10,0,SPNG
0.034,2014,2,25,10,0,SPNG
0.034,2014,2,25,10,0,SPNG
0.033,2014,2,26,11,0,SPNG
0.033,2014,2,26,11,0,SPNG
0.033,2014,2,26,11,0,SPNG
0.033,2014,2,26,11,0,SPNG
0.039,2014,2,27,11,0,SPNG
0.039,2014,2,27,11,0,SPNG
0.039,2014,2,27,11,0,SPNG
0.039,2014,2,27,11,0,SPNG
0.04,2014,2,28,12,0,SPNG
0.04,2014,2,28,12,0,SPNG
0.04,2014,2,28,12,0,SPNG
0.04,2014,2,28,12,0,SPNG
0.041,2014,3,1,10,0,SPNG
0.041,2014,3,1,10,0,SPNG
0.041,2014,3,1,10,0,SPNG
0.041,2014,3,1,10,0,SPNG
0.049,2014,3,2,10,0,SPNG
0.049,2014,3,2,10,0,SPNG
0.042,2014,3,3,16,0,SPNG
0.042,2014,3,3,16,0,SPNG
0.042,2014,3,3,16,0,SPNG
0.042,2014,3,3,16,0,SPNG
0.038,2014,3,4,10,0,SPNG
0.038,2014,3,4,10,0,SPNG
0.038,2014,3,4,10,0,SPNG
0.038,2014,3,4,10,0,SPNG
0.037,2014,3,5,9,0,SPNG
0.037,2014,3,5,9,0,SPNG
0.037,2014,3,5,9,0,SPNG
0.037,2014,3,5,9,0,SPNG
0.038,2014,3,6,18,0,SPNG
0.038,2014,3,6,18,0,SPNG
0.038,2014,3,6,18,0,SPNG
0.038,2014,3,6,18,0,SPNG
0.035,2014,3,7,0,0,SPNG
0.035,2014,3,7,0,0,SPNG
0.035,2014,3,7,0,0,SPNG
0.035,2014,3,7,0,0,SPNG
0.044,2014,3,8,11,0,SPNG
0.044,2014,3,8,11,0,SPNG
0.044,2014,3,8,11,0,SPNG
0.044,2014,3,8,11,0,SPNG
0.052,2014,3,9,10,0,SPNG
0.052,2014,3,9,10,0,SPNG
0.052,2014,3,9,10,0,SPNG
0.052,2014,3,9,10,0,SPNG
0.046,2014,3,10,10,0,SPNG
0.046,2014,3,10,10,0,SPNG
0.046,2014,3,10,10,0,SPNG
0.046,2014,3,10,10,0,SPNG
0.058,2014,3,11,10,0,SPNG
0.058,2014,3,11,10,0,SPNG
0.058,2014,3,11,10,0,SPNG
0.058,2014,3,11,10,0,SPNG
0.037,2014,3,12,7,0,SPNG
0.037,2014,3,12,7,0,SPNG
0.037,2014,3,12,7,0,SPNG
0.037,2014,3,12,7,0,SPNG
0.043,2014,3,13,9,0,SPNG
0.043,2014,3,13,9,0,SPNG
0.043,2014,3,13,9,0,SPNG
0.043,2014,3,13,9,0,SPNG
0.045,2014,3,14,14,0,SPNG
0.045,2014,3,14,14,0,SPNG
0.045,2014,3,14,14,0,SPNG
0.045,2014,3,14,14,0,SPNG
0.056,2014,3,15,10,0,SPNG
0.056,2014,3,15,10,0,SPNG
0.056,2014,3,15,10,0,SPNG
0.056,2014,3,15,10,0,SPNG
0.039,2014,3,16,19,0,SPNG
0.039,2014,3,16,19,0,SPNG
0.039,2014,3,16,19,0,SPNG
0.039,2014,3,16,19,0,SPNG
0.036,2014,3,17,0,0,SPNG
0.036,2014,3,17,0,0,SPNG
0.036,2014,3,17,0,0,SPNG
0.036,2014,3,17,0,0,SPNG
0.032,2014,3,18,19,0,SPNG
0.032,2014,3,18,19,0,SPNG
0.032,2014,3,18,19,0,SPNG
0.032,2014,3,18,19,0,SPNG
0.03,2014,3,19,0,0,SPNG
0.03,2014,3,19,0,0,SPNG
0.03,2014,3,19,0,0,SPNG
0.03,2014,3,19,0,0,SPNG
0.045,2014,3,20,10,0,SPNG
0.045,2014,3,20,10,0,SPNG
0.045,2014,3,20,10,0,SPNG
0.045,2014,3,20,10,0,SPNG
0.049,2014,3,21,11,0,SPNG
0.049,2014,3,21,11,0,SPNG
0.049,2014,3,21,11,0,SPNG
0.049,2014,3,21,11,0,SPNG
0.058,2014,3,22,10,0,SPNG
0.058,2014,3,22,10,0,SPNG
0.058,2014,3,22,10,0,SPNG
0.058,2014,3,22,10,0,SPNG
0.039,2014,3,23,6,0,SPNG
0.039,2014,3,23,6,0,SPNG
0.039,2014,3,23,6,0,SPNG
0.039,2014,3,23,6,0,SPNG
0.038,2014,3,24,10,0,SPNG
0.038,2014,3,24,10,0,SPNG
0.038,2014,3,24,10,0,SPNG
0.038,2014,3,24,10,0,SPNG
0.036,2014,3,25,9,0,SPNG
0.036,2014,3,25,9,0,SPNG
0.036,2014,3,25,9,0,SPNG
0.036,2014,3,25,9,0,SPNG
0.044,2014,3,26,10,0,SPNG
0.044,2014,3,26,10,0,SPNG
0.044,2014,3,26,10,0,SPNG
0.044,2014,3,26,10,0,SPNG
0.048,2014,3,27,11,0,SPNG
0.048,2014,3,27,11,0,SPNG
0.048,2014,3,27,11,0,SPNG
0.048,2014,3,27,11,0,SPNG
0.04,2014,3,28,9,0,SPNG
0.04,2014,3,28,9,0,SPNG
0.04,2014,3,28,9,0,SPNG
0.04,2014,3,28,9,0,SPNG
0.033,2014,3,29,9,0,SPNG
0.033,2014,3,29,9,0,SPNG
0.033,2014,3,29,9,0,SPNG
0.033,2014,3,29,9,0,SPNG
0.043,2014,3,30,13,0,SPNG
0.043,2014,3,30,13,0,SPNG
0.043,2014,3,30,13,0,SPNG
0.043,2014,3,30,13,0,SPNG
0.051,2014,3,31,10,0,SPNG
0.051,2014,3,31,10,0,SPNG
0.051,2014,3,31,10,0,SPNG
0.051,2014,3,31,10,0,SPNG
0.056,2014,4,1,11,0,SPNG
0.056,2014,4,1,11,0,SPNG
0.056,2014,4,1,11,0,SPNG
0.056,2014,4,1,11,0,SPNG
0.061,2014,4,2,10,0,SPNG
0.061,2014,4,2,10,0,SPNG
0.061,2014,4,2,10,0,SPNG
0.061,2014,4,2,10,0,SPNG
0.052,2014,4,3,10,0,SPNG
0.052,2014,4,3,10,0,SPNG
0.052,2014,4,3,10,0,SPNG
0.052,2014,4,3,10,0,SPNG
0.043,2014,4,4,9,0,SPNG
0.043,2014,4,4,9,0,SPNG
0.043,2014,4,4,9,0,SPNG
0.043,2014,4,4,9,0,SPNG
0.053,2014,4,5,11,0,SPNG
0.053,2014,4,5,11,0,SPNG
0.053,2014,4,5,11,0,SPNG
0.053,2014,4,5,11,0,SPNG
0.047,2014,4,6,10,0,SPNG
0.047,2014,4,6,10,0,SPNG
0.047,2014,4,6,10,0,SPNG
0.047,2014,4,6,10,0,SPNG
0.037,2014,4,7,0,0,SPNG
0.037,2014,4,7,0,0,SPNG
0.037,2014,4,7,0,0,SPNG
0.037,2014,4,7,0,0,SPNG
0.042,2014,4,8,11,0,SPNG
0.042,2014,4,8,11,0,SPNG
0.042,2014,4,8,11,0,SPNG
0.042,2014,4,8,11,0,SPNG
0.058,2014,4,9,10,0,SPNG
0.058,2014,4,9,10,0,SPNG
0.058,2014,4,9,10,0,SPNG
0.058,2014,4,9,10,0,SPNG
0.058,2014,4,10,11,0,SPNG
0.058,2014,4,10,11,0,SPNG
0.058,2014,4,10,11,0,SPNG
0.058,2014,4,10,11,0,SPNG
0.059,2014,4,11,10,0,SPNG
0.059,2014,4,11,10,0,SPNG
0.059,2014,4,11,10,0,SPNG
0.059,2014,4,11,10,0,SPNG
0.064,2014,4,12,10,0,SPNG
0.064,2014,4,12,10,0,SPNG
0.064,2014,4,12,10,0,SPNG
0.064,2014,4,12,10,0,SPNG
0.051,2014,4,13,10,0,SPNG
0.051,2014,4,13,10,0,SPNG
0.051,2014,4,13,10,0,SPNG
0.051,2014,4,13,10,0,SPNG
0.04,2014,4,14,9,0,SPNG
0.04,2014,4,14,9,0,SPNG
0.04,2014,4,14,9,0,SPNG
0.04,2014,4,14,9,0,SPNG
0.034,2014,4,15,21,0,SPNG
0.034,2014,4,15,21,0,SPNG
0.034,2014,4,15,21,0,SPNG
0.034,2014,4,15,21,0,SPNG
0.046,2014,4,16,11,0,SPNG
0.046,2014,4,16,11,0,SPNG
0.046,2014,4,16,11,0,SPNG
0.046,2014,4,16,11,0,SPNG
0.051,2014,4,17,11,0,SPNG
0.051,2014,4,17,11,0,SPNG
0.051,2014,4,17,11,0,SPNG
0.051,2014,4,17,11,0,SPNG
0.044,2014,4,18,9,0,SPNG
0.044,2014,4,18,9,0,SPNG
0.044,2014,4,18,9,0,SPNG
0.044,2014,4,18,9,0,SPNG
0.047,2014,4,19,22,0,SPNG
0.047,2014,4,19,22,0,SPNG
0.047,2014,4,19,22,0,SPNG
0.047,2014,4,19,22,0,SPNG
0.051,2014,4,20,8,0,SPNG
0.051,2014,4,20,8,0,SPNG
0.051,2014,4,20,8,0,SPNG
0.051,2014,4,20,8,0,SPNG
0.054,2014,4,21,10,0,SPNG
0.054,2014,4,21,10,0,SPNG
0.054,2014,4,21,10,0,SPNG
0.054,2014,4,21,10,0,SPNG
0.062,2014,4,22,10,0,SPNG
0.062,2014,4,22,10,0,SPNG
0.062,2014,4,22,10,0,SPNG
0.062,2014,4,22,10,0,SPNG
0.054,2014,4,23,10,0,SPNG
0.054,2014,4,23,10,0,SPNG
0.054,2014,4,23,10,0,SPNG
0.054,2014,4,23,10,0,SPNG
0.052,2014,4,24,10,0,SPNG
0.052,2014,4,24,10,0,SPNG
0.052,2014,4,24,10,0,SPNG
0.052,2014,4,24,10,0,SPNG
0.048,2014,4,25,9,0,SPNG
0.048,2014,4,25,9,0,SPNG
0.048,2014,4,25,9,0,SPNG
0.048,2014,4,25,9,0,SPNG
0.052,2014,4,26,10,0,SPNG
0.052,2014,4,26,10,0,SPNG
0.052,2014,4,26,10,0,SPNG
0.052,2014,4,26,10,0,SPNG
0.058,2014,4,27,10,0,SPNG
0.058,2014,4,27,10,0,SPNG
0.058,2014,4,27,10,0,SPNG
0.058,2014,4,27,10,0,SPNG
0.042,2014,4,28,0,0,SPNG
0.042,2014,4,28,0,0,SPNG
0.042,2014,4,28,0,0,SPNG
0.042,2014,4,28,0,0,SPNG
0.022,2014,4,29,0,0,SPNG
0.022,2014,4,29,0,0,SPNG
0.022,2014,4,29,0,0,SPNG
0.022,2014,4,29,0,0,SPNG
0.025,2014,4,30,12,0,SPNG
0.025,2014,4,30,12,0,SPNG
0.025,2014,4,30,12,0,SPNG
0.025,2014,4,30,12,0,SPNG
0.042,2014,5,1,10,0,SPNG
0.042,2014,5,1,10,0,SPNG
0.042,2014,5,1,10,0,SPNG
0.042,2014,5,1,10,0,SPNG
0.047,2014,5,2,9,0,SPNG
0.047,2014,5,2,9,0,SPNG
0.047,2014,5,2,9,0,SPNG
0.047,2014,5,2,9,0,SPNG
0.055,2014,5,3,11,0,SPNG
0.055,2014,5,3,11,0,SPNG
0.055,2014,5,3,11,0,SPNG
0.055,2014,5,3,11,0,SPNG
0.059,2014,5,4,10,0,SPNG
0.059,2014,5,4,10,0,SPNG
0.059,2014,5,4,10,0,SPNG
0.059,2014,5,4,10,0,SPNG
0.047,2014,5,5,10,0,SPNG
0.047,2014,5,5,10,0,SPNG
0.047,2014,5,5,10,0,SPNG
0.047,2014,5,5,10,0,SPNG
0.053,2014,5,6,12,0,SPNG
0.053,2014,5,6,12,0,SPNG
0.053,2014,5,6,12,0,SPNG
0.053,2014,5,6,12,0,SPNG
0.048,2014,5,7,11,0,SPNG
0.048,2014,5,7,11,0,SPNG
0.048,2014,5,7,11,0,SPNG
0.048,2014,5,7,11,0,SPNG
0.061,2014,5,8,10,0,SPNG
0.061,2014,5,8,10,0,SPNG
0.061,2014,5,8,10,0,SPNG
0.061,2014,5,8,10,0,SPNG
0.053,2014,5,9,9,0,SPNG
0.053,2014,5,9,9,0,SPNG
0.053,2014,5,9,9,0,SPNG
0.053,2014,5,9,9,0,SPNG
0.053,2014,5,10,11,0,SPNG
0.053,2014,5,10,11,0,SPNG
0.053,2014,5,10,11,0,SPNG
0.053,2014,5,10,11,0,SPNG
0.051,2014,5,11,11,0,SPNG
0.051,2014,5,11,11,0,SPNG
0.051,2014,5,11,11,0,SPNG
0.051,2014,5,11,11,0,SPNG
0.056,2014,5,12,10,0,SPNG
0.056,2014,5,12,10,0,SPNG
0.056,2014,5,12,10,0,SPNG
0.056,2014,5,12,10,0,SPNG
0.053,2014,5,13,10,0,SPNG
0.053,2014,5,13,10,0,SPNG
0.053,2014,5,13,10,0,SPNG
0.053,2014,5,13,10,0,SPNG
0.042,2014,5,14,9,0,SPNG
0.042,2014,5,14,9,0,SPNG
0.042,2014,5,14,9,0,SPNG
0.042,2014,5,14,9,0,SPNG
0.025,2014,5,15,0,0,SPNG
0.025,2014,5,15,0,0,SPNG
0.025,2014,5,15,0,0,SPNG
0.025,2014,5,15,0,0,SPNG
0.049,2014,5,16,11,0,SPNG
0.049,2014,5,16,11,0,SPNG
0.049,2014,5,16,11,0,SPNG
0.049,2014,5,16,11,0,SPNG
0.053,2014,5,17,11,0,SPNG
0.053,2014,5,17,11,0,SPNG
0.053,2014,5,17,11,0,SPNG
0.053,2014,5,17,11,0,SPNG
0.044,2014,5,18,10,0,SPNG
0.044,2014,5,18,10,0,SPNG
0.044,2014,5,18,10,0,SPNG
0.044,2014,5,18,10,0,SPNG
0.054,2014,5,19,10,0,SPNG
0.054,2014,5,19,10,0,SPNG
0.054,2014,5,19,10,0,SPNG
0.054,2014,5,19,10,0,SPNG
0.053,2014,5,20,9,0,SPNG
0.053,2014,5,20,9,0,SPNG
0.053,2014,5,20,9,0,SPNG
0.053,2014,5,20,9,0,SPNG
0.059,2014,5,21,11,0,SPNG
0.059,2014,5,21,11,0,SPNG
0.059,2014,5,21,11,0,SPNG
0.059,2014,5,21,11,0,SPNG
0.063,2014,5,22,11,0,SPNG
0.063,2014,5,22,11,0,SPNG
0.063,2014,5,22,11,0,SPNG
0.063,2014,5,22,11,0,SPNG
0.06,2014,5,23,10,0,SPNG
0.06,2014,5,23,10,0,SPNG
0.06,2014,5,23,10,0,SPNG
0.06,2014,5,23,10,0,SPNG
0.05,2014,5,24,11,0,SPNG
0.05,2014,5,24,11,0,SPNG
0.05,2014,5,24,11,0,SPNG
0.05,2014,5,24,11,0,SPNG
0.051,2014,5,25,9,0,SPNG
0.051,2014,5,25,9,0,SPNG
0.051,2014,5,25,9,0,SPNG
0.051,2014,5,25,9,0,SPNG
0.054,2014,5,26,9,0,SPNG
0.054,2014,5,26,9,0,SPNG
0.054,2014,5,26,9,0,SPNG
0.054,2014,5,26,9,0,SPNG
0.047,2014,5,27,9,0,SPNG
0.047,2014,5,27,9,0,SPNG
0.047,2014,5,27,9,0,SPNG
0.047,2014,5,27,9,0,SPNG
0.055,2014,5,28,10,0,SPNG
0.055,2014,5,28,10,0,SPNG
0.055,2014,5,28,10,0,SPNG
0.055,2014,5,28,10,0,SPNG
0.037,2014,5,29,0,0,SPNG
0.037,2014,5,29,0,0,SPNG
0.037,2014,5,29,0,0,SPNG
0.037,2014,5,29,0,0,SPNG
0.025,2014,5,30,10,0,SPNG
0.025,2014,5,30,10,0,SPNG
0.025,2014,5,30,10,0,SPNG
0.025,2014,5,30,10,0,SPNG
0.043,2014,5,31,10,0,SPNG
0.043,2014,5,31,10,0,SPNG
0.043,2014,5,31,10,0,SPNG
0.043,2014,5,31,10,0,SPNG
0.045,2014,6,1,10,0,SPNG
0.045,2014,6,1,10,0,SPNG
0.045,2014,6,1,10,0,SPNG
0.045,2014,6,1,10,0,SPNG
0.062,2014,6,2,11,0,SPNG
0.062,2014,6,2,11,0,SPNG
0.062,2014,6,2,11,0,SPNG
0.062,2014,6,2,11,0,SPNG
0.058,2014,6,3,9,0,SPNG
0.058,2014,6,3,9,0,SPNG
0.058,2014,6,3,9,0,SPNG
0.058,2014,6,3,9,0,SPNG
0.055,2014,6,4,10,0,SPNG
0.055,2014,6,4,10,0,SPNG
0.055,2014,6,4,10,0,SPNG
0.055,2014,6,4,10,0,SPNG
0.05,2014,6,5,10,0,SPNG
0.05,2014,6,5,10,0,SPNG
0.05,2014,6,5,10,0,SPNG
0.05,2014,6,5,10,0,SPNG
0.053,2014,6,6,10,0,SPNG
0.053,2014,6,6,10,0,SPNG
0.053,2014,6,6,10,0,SPNG
0.053,2014,6,6,10,0,SPNG
0.053,2014,6,7,10,0,SPNG
0.053,2014,6,7,10,0,SPNG
0.053,2014,6,7,10,0,SPNG
0.053,2014,6,7,10,0,SPNG
0.054,2014,6,8,8,0,SPNG
0.054,2014,6,8,8,0,SPNG
0.054,2014,6,8,8,0,SPNG
0.054,2014,6,8,8,0,SPNG
0.048,2014,6,9,11,0,SPNG
0.048,2014,6,9,11,0,SPNG
0.048,2014,6,9,11,0,SPNG
0.048,2014,6,9,11,0,SPNG
0.053,2014,6,10,10,0,SPNG
0.053,2014,6,10,10,0,SPNG
0.053,2014,6,10,10,0,SPNG
0.053,2014,6,10,10,0,SPNG
0.045,2014,6,11,8,0,SPNG
0.045,2014,6,11,8,0,SPNG
0.045,2014,6,11,8,0,SPNG
0.045,2014,6,11,8,0,SPNG
0.036,2014,6,12,8,0,SPNG
0.036,2014,6,12,8,0,SPNG
0.036,2014,6,12,8,0,SPNG
0.036,2014,6,12,8,0,SPNG
0.047,2014,6,13,10,0,SPNG
0.047,2014,6,13,10,0,SPNG
0.047,2014,6,13,10,0,SPNG
0.047,2014,6,13,10,0,SPNG
0.05,2014,6,14,10,0,SPNG
0.05,2014,6,14,10,0,SPNG
0.05,2014,6,14,10,0,SPNG
0.05,2014,6,14,10,0,SPNG
0.052,2014,6,15,11,0,SPNG
0.052,2014,6,15,11,0,SPNG
0.052,2014,6,15,11,0,SPNG
0.052,2014,6,15,11,0,SPNG
0.06,2014,6,16,10,0,SPNG
0.06,2014,6,16,10,0,SPNG
0.06,2014,6,16,10,0,SPNG
0.06,2014,6,16,10,0,SPNG
0.053,2014,6,17,10,0,SPNG
0.053,2014,6,17,10,0,SPNG
0.053,2014,6,17,10,0,SPNG
0.053,2014,6,17,10,0,SPNG
0.059,2014,6,18,10,0,SPNG
0.059,2014,6,18,10,0,SPNG
0.059,2014,6,18,10,0,SPNG
0.059,2014,6,18,10,0,SPNG
0.053,2014,6,19,10,0,SPNG
0.053,2014,6,19,10,0,SPNG
0.053,2014,6,19,10,0,SPNG
0.053,2014,6,19,10,0,SPNG
0.047,2014,6,20,9,0,SPNG
0.047,2014,6,20,9,0,SPNG
0.047,2014,6,20,9,0,SPNG
0.047,2014,6,20,9,0,SPNG
0.045,2014,6,21,10,0,SPNG
0.045,2014,6,21,10,0,SPNG
0.045,2014,6,21,10,0,SPNG
0.045,2014,6,21,10,0,SPNG
0.035,2014,6,22,12,0,SPNG
0.035,2014,6,22,12,0,SPNG
0.035,2014,6,22,12,0,SPNG
0.035,2014,6,22,12,0,SPNG
0.046,2014,6,23,11,0,SPNG
0.046,2014,6,23,11,0,SPNG
0.046,2014,6,23,11,0,SPNG
0.046,2014,6,23,11,0,SPNG
0.042,2014,6,24,10,0,SPNG
0.042,2014,6,24,10,0,SPNG
0.042,2014,6,24,10,0,SPNG
0.042,2014,6,24,10,0,SPNG
0.039,2014,6,25,9,0,SPNG
0.039,2014,6,25,9,0,SPNG
0.039,2014,6,25,9,0,SPNG
0.039,2014,6,25,9,0,SPNG
0.057,2014,6,26,10,0,SPNG
0.057,2014,6,26,10,0,SPNG
0.057,2014,6,26,10,0,SPNG
0.057,2014,6,26,10,0,SPNG
0.039,2014,6,27,10,0,SPNG
0.039,2014,6,27,10,0,SPNG
0.039,2014,6,27,10,0,SPNG
0.039,2014,6,27,10,0,SPNG
0.042,2014,6,28,8,0,SPNG
0.042,2014,6,28,8,0,SPNG
0.042,2014,6,28,8,0,SPNG
0.042,2014,6,28,8,0,SPNG
0.045,2014,6,29,11,0,SPNG
0.045,2014,6,29,11,0,SPNG
0.045,2014,6,29,11,0,SPNG
0.045,2014,6,29,11,0,SPNG
0.05,2014,6,30,10,0,SPNG
0.05,2014,6,30,10,0,SPNG
0.05,2014,6,30,10,0,SPNG
0.05,2014,6,30,10,0,SPNG
0.05,2014,7,1,11,0,SPNG
0.05,2014,7,1,11,0,SPNG
0.05,2014,7,1,11,0,SPNG
0.05,2014,7,1,11,0,SPNG
0.043,2014,7,2,9,0,SPNG
0.043,2014,7,2,9,0,SPNG
0.043,2014,7,2,9,0,SPNG
0.043,2014,7,2,9,0,SPNG
0.029,2014,7,3,10,0,SPNG
0.029,2014,7,3,10,0,SPNG
0.029,2014,7,3,10,0,SPNG
0.029,2014,7,3,10,0,SPNG
0.048,2014,7,4,11,0,SPNG
0.048,2014,7,4,11,0,SPNG
0.048,2014,7,4,11,0,SPNG
0.048,2014,7,4,11,0,SPNG
0.042,2014,7,5,10,0,SPNG
0.042,2014,7,5,10,0,SPNG
0.042,2014,7,5,10,0,SPNG
0.042,2014,7,5,10,0,SPNG
0.047,2014,7,6,10,0,SPNG
0.047,2014,7,6,10,0,SPNG
0.047,2014,7,6,10,0,SPNG
0.047,2014,7,6,10,0,SPNG
0.049,2014,7,7,10,0,SPNG
0.049,2014,7,7,10,0,SPNG
0.049,2014,7,7,10,0,SPNG
0.049,2014,7,7,10,0,SPNG
0.056,2014,7,8,10,0,SPNG
0.056,2014,7,8,10,0,SPNG
0.056,2014,7,8,10,0,SPNG
0.056,2014,7,8,10,0,SPNG
0.05,2014,7,9,8,0,SPNG
0.05,2014,7,9,8,0,SPNG
0.05,2014,7,9,8,0,SPNG
0.05,2014,7,9,8,0,SPNG
0.044,2014,7,10,10,0,SPNG
0.044,2014,7,10,10,0,SPNG
0.044,2014,7,10,10,0,SPNG
0.044,2014,7,10,10,0,SPNG
0.043,2014,7,11,10,0,SPNG
0.043,2014,7,11,10,0,SPNG
0.043,2014,7,11,10,0,SPNG
0.043,2014,7,11,10,0,SPNG
0.046,2014,7,12,10,0,SPNG
0.046,2014,7,12,10,0,SPNG
0.046,2014,7,12,10,0,SPNG
0.046,2014,7,12,10,0,SPNG
0.046,2014,7,13,10,0,SPNG
0.046,2014,7,13,10,0,SPNG
0.046,2014,7,13,10,0,SPNG
0.046,2014,7,13,10,0,SPNG
0.048,2014,7,14,10,0,SPNG
0.048,2014,7,14,10,0,SPNG
0.048,2014,7,14,10,0,SPNG
0.048,2014,7,14,10,0,SPNG
0.043,2014,7,15,9,0,SPNG
0.043,2014,7,15,9,0,SPNG
0.043,2014,7,15,9,0,SPNG
0.043,2014,7,15,9,0,SPNG
0.04,2014,7,16,11,0,SPNG
0.04,2014,7,16,11,0,SPNG
0.04,2014,7,16,11,0,SPNG
0.04,2014,7,16,11,0,SPNG
0.054,2014,7,17,10,0,SPNG
0.054,2014,7,17,10,0,SPNG
0.054,2014,7,17,10,0,SPNG
0.054,2014,7,17,10,0,SPNG
0.054,2014,7,18,10,0,SPNG
0.054,2014,7,18,10,0,SPNG
0.054,2014,7,18,10,0,SPNG
0.054,2014,7,18,10,0,SPNG
0.042,2014,7,19,11,0,SPNG
0.042,2014,7,19,11,0,SPNG
0.042,2014,7,19,11,0,SPNG
0.042,2014,7,19,11,0,SPNG
0.039,2014,7,20,10,0,SPNG
0.039,2014,7,20,10,0,SPNG
0.039,2014,7,20,10,0,SPNG
0.039,2014,7,20,10,0,SPNG
0.021,2014,7,21,8,0,SPNG
0.021,2014,7,21,8,0,SPNG
0.021,2014,7,21,8,0,SPNG
0.021,2014,7,21,8,0,SPNG
0.026,2014,7,22,10,0,SPNG
0.026,2014,7,22,10,0,SPNG
0.026,2014,7,22,10,0,SPNG
0.026,2014,7,22,10,0,SPNG
0.037,2014,7,23,9,0,SPNG
0.037,2014,7,23,9,0,SPNG
0.037,2014,7,23,9,0,SPNG
0.037,2014,7,23,9,0,SPNG
0.048,2014,7,24,11,0,SPNG
0.048,2014,7,24,11,0,SPNG
0.048,2014,7,24,11,0,SPNG
0.048,2014,7,24,11,0,SPNG
0.042,2014,7,25,10,0,SPNG
0.042,2014,7,25,10,0,SPNG
0.042,2014,7,25,10,0,SPNG
0.042,2014,7,25,10,0,SPNG
0.048,2014,7,26,11,0,SPNG
0.048,2014,7,26,11,0,SPNG
0.048,2014,7,26,11,0,SPNG
0.048,2014,7,26,11,0,SPNG
0.04,2014,7,27,22,0,SPNG
0.04,2014,7,27,22,0,SPNG
0.04,2014,7,27,22,0,SPNG
0.04,2014,7,27,22,0,SPNG
0.047,2014,7,28,8,0,SPNG
0.047,2014,7,28,8,0,SPNG
0.047,2014,7,28,8,0,SPNG
0.047,2014,7,28,8,0,SPNG
0.044,2014,7,29,10,0,SPNG
0.044,2014,7,29,10,0,SPNG
0.044,2014,7,29,10,0,SPNG
0.044,2014,7,29,10,0,SPNG
0.043,2014,7,30,10,0,SPNG
0.043,2014,7,30,10,0,SPNG
0.043,2014,7,30,10,0,SPNG
0.043,2014,7,30,10,0,SPNG
0.043,2014,7,31,10,0,SPNG
0.043,2014,7,31,10,0,SPNG
0.043,2014,7,31,10,0,SPNG
0.043,2014,7,31,10,0,SPNG
0.041,2014,8,1,10,0,SPNG
0.041,2014,8,1,10,0,SPNG
0.041,2014,8,1,10,0,SPNG
0.041,2014,8,1,10,0,SPNG
0.03,2014,8,2,0,0,SPNG
0.03,2014,8,2,0,0,SPNG
0.03,2014,8,2,0,0,SPNG
0.03,2014,8,2,0,0,SPNG
0.027,2014,8,3,10,0,SPNG
0.027,2014,8,3,10,0,SPNG
0.027,2014,8,3,10,0,SPNG
0.027,2014,8,3,10,0,SPNG
0.033,2014,8,4,11,0,SPNG
0.033,2014,8,4,11,0,SPNG
0.033,2014,8,4,11,0,SPNG
0.033,2014,8,4,11,0,SPNG
0.044,2014,8,5,10,0,SPNG
0.044,2014,8,5,10,0,SPNG
0.044,2014,8,5,10,0,SPNG
0.044,2014,8,5,10,0,SPNG
0.07,2014,8,6,10,0,SPNG
0.07,2014,8,6,10,0,SPNG
0.07,2014,8,6,10,0,SPNG
0.07,2014,8,6,10,0,SPNG
0.053,2014,8,7,9,0,SPNG
0.053,2014,8,7,9,0,SPNG
0.053,2014,8,7,9,0,SPNG
0.053,2014,8,7,9,0,SPNG
0.048,2014,8,8,9,0,SPNG
0.048,2014,8,8,9,0,SPNG
0.048,2014,8,8,9,0,SPNG
0.048,2014,8,8,9,0,SPNG
0.043,2014,8,9,23,0,SPNG
0.043,2014,8,9,23,0,SPNG
0.043,2014,8,9,23,0,SPNG
0.043,2014,8,9,23,0,SPNG
0.044,2014,8,10,0,0,SPNG
0.044,2014,8,10,0,0,SPNG
0.044,2014,8,10,0,0,SPNG
0.044,2014,8,10,0,0,SPNG
0.035,2014,8,11,9,0,SPNG
0.035,2014,8,11,9,0,SPNG
0.035,2014,8,11,9,0,SPNG
0.035,2014,8,11,9,0,SPNG
0.052,2014,8,14,10,0,SPNG
0.052,2014,8,14,10,0,SPNG
0.052,2014,8,14,10,0,SPNG
0.052,2014,8,14,10,0,SPNG
0.057,2014,8,15,10,0,SPNG
0.057,2014,8,15,10,0,SPNG
0.057,2014,8,15,10,0,SPNG
0.057,2014,8,15,10,0,SPNG
0.053,2014,8,16,10,0,SPNG
0.053,2014,8,16,10,0,SPNG
0.053,2014,8,16,10,0,SPNG
0.053,2014,8,16,10,0,SPNG
0.045,2014,8,17,10,0,SPNG
0.045,2014,8,17,10,0,SPNG
0.045,2014,8,17,10,0,SPNG
0.045,2014,8,17,10,0,SPNG
0.046,2014,8,18,12,0,SPNG
0.046,2014,8,18,12,0,SPNG
0.046,2014,8,18,12,0,SPNG
0.046,2014,8,18,12,0,SPNG
0.037,2014,8,19,10,0,SPNG
0.037,2014,8,19,10,0,SPNG
0.037,2014,8,19,10,0,SPNG
0.037,2014,8,19,10,0,SPNG
0.044,2014,8,20,10,0,SPNG
0.044,2014,8,20,10,0,SPNG
0.044,2014,8,20,10,0,SPNG
0.044,2014,8,20,10,0,SPNG
0.055,2014,8,21,10,0,SPNG
0.055,2014,8,21,10,0,SPNG
0.055,2014,8,21,10,0,SPNG
0.055,2014,8,21,10,0,SPNG
0.041,2014,8,22,9,0,SPNG
0.041,2014,8,22,9,0,SPNG
0.041,2014,8,22,9,0,SPNG
0.041,2014,8,22,9,0,SPNG
0.034,2014,8,23,9,0,SPNG
0.034,2014,8,23,9,0,SPNG
0.034,2014,8,23,9,0,SPNG
0.034,2014,8,23,9,0,SPNG
0.028,2014,8,24,9,0,SPNG
0.028,2014,8,24,9,0,SPNG
0.028,2014,8,24,9,0,SPNG
0.028,2014,8,24,9,0,SPNG
0.028,2014,8,25,9,0,SPNG
0.028,2014,8,25,9,0,SPNG
0.028,2014,8,25,9,0,SPNG
0.028,2014,8,25,9,0,SPNG
0.036,2014,8,26,11,0,SPNG
0.036,2014,8,26,11,0,SPNG
0.036,2014,8,26,11,0,SPNG
0.036,2014,8,26,11,0,SPNG
0.042,2014,8,27,10,0,SPNG
0.042,2014,8,27,10,0,SPNG
0.042,2014,8,27,10,0,SPNG
0.042,2014,8,27,10,0,SPNG
0.064,2014,8,28,10,0,SPNG
0.064,2014,8,28,10,0,SPNG
0.064,2014,8,28,10,0,SPNG
0.064,2014,8,28,10,0,SPNG
0.046,2014,8,29,8,0,SPNG
0.046,2014,8,29,8,0,SPNG
0.046,2014,8,29,8,0,SPNG
0.046,2014,8,29,8,0,SPNG
0.038,2014,8,30,10,0,SPNG
0.038,2014,8,30,10,0,SPNG
0.038,2014,8,30,10,0,SPNG
0.038,2014,8,30,10,0,SPNG
0.032,2014,8,31,10,0,SPNG
0.032,2014,8,31,10,0,SPNG
0.032,2014,8,31,10,0,SPNG
0.032,2014,8,31,10,0,SPNG
0.032,2014,9,1,9,0,SPNG
0.032,2014,9,1,9,0,SPNG
0.032,2014,9,1,9,0,SPNG
0.032,2014,9,1,9,0,SPNG
0.043,2014,9,2,9,0,SPNG
0.043,2014,9,2,9,0,SPNG
0.043,2014,9,2,9,0,SPNG
0.043,2014,9,2,9,0,SPNG
0.053,2014,9,3,10,0,SPNG
0.053,2014,9,3,10,0,SPNG
0.053,2014,9,3,10,0,SPNG
0.053,2014,9,3,10,0,SPNG
0.036,2014,9,4,9,0,SPNG
0.036,2014,9,4,9,0,SPNG
0.036,2014,9,4,9,0,SPNG
0.036,2014,9,4,9,0,SPNG
0.028,2014,9,5,10,0,SPNG
0.028,2014,9,5,10,0,SPNG
0.028,2014,9,5,10,0,SPNG
0.028,2014,9,5,10,0,SPNG
0.03,2014,9,6,8,0,SPNG
0.03,2014,9,6,8,0,SPNG
0.03,2014,9,6,8,0,SPNG
0.03,2014,9,6,8,0,SPNG
0.027,2014,9,7,9,0,SPNG
0.027,2014,9,7,9,0,SPNG
0.027,2014,9,7,9,0,SPNG
0.027,2014,9,7,9,0,SPNG
0.027,2014,9,8,16,0,SPNG
0.027,2014,9,8,16,0,SPNG
0.027,2014,9,8,16,0,SPNG
0.027,2014,9,8,16,0,SPNG
0.022,2014,9,9,0,0,SPNG
0.022,2014,9,9,0,0,SPNG
0.022,2014,9,9,0,0,SPNG
0.022,2014,9,9,0,0,SPNG
0.032,2014,9,10,9,0,SPNG
0.032,2014,9,10,9,0,SPNG
0.032,2014,9,10,9,0,SPNG
0.032,2014,9,10,9,0,SPNG
0.038,2014,9,11,9,0,SPNG
0.038,2014,9,11,9,0,SPNG
0.038,2014,9,11,9,0,SPNG
0.038,2014,9,11,9,0,SPNG
0.031,2014,9,12,11,0,SPNG
0.031,2014,9,12,11,0,SPNG
0.031,2014,9,12,11,0,SPNG
0.031,2014,9,12,11,0,SPNG
0.026,2014,9,13,20,0,SPNG
0.026,2014,9,13,20,0,SPNG
0.026,2014,9,13,20,0,SPNG
0.026,2014,9,13,20,0,SPNG
0.028,2014,9,14,8,0,SPNG
0.028,2014,9,14,8,0,SPNG
0.028,2014,9,14,8,0,SPNG
0.028,2014,9,14,8,0,SPNG
0.028,2014,9,15,9,0,SPNG
0.028,2014,9,15,9,0,SPNG
0.028,2014,9,15,9,0,SPNG
0.028,2014,9,15,9,0,SPNG
0.04,2014,9,16,9,0,SPNG
0.04,2014,9,16,9,0,SPNG
0.04,2014,9,16,9,0,SPNG
0.04,2014,9,16,9,0,SPNG
0.048,2014,9,17,9,0,SPNG
0.048,2014,9,17,9,0,SPNG
0.048,2014,9,17,9,0,SPNG
0.048,2014,9,17,9,0,SPNG
0.047,2014,9,18,9,0,SPNG
0.047,2014,9,18,9,0,SPNG
0.047,2014,9,18,9,0,SPNG
0.047,2014,9,18,9,0,SPNG
0.048,2014,9,19,9,0,SPNG
0.048,2014,9,19,9,0,SPNG
0.048,2014,9,19,9,0,SPNG
0.048,2014,9,19,9,0,SPNG
0.044,2014,9,20,9,0,SPNG
0.044,2014,9,20,9,0,SPNG
0.044,2014,9,20,9,0,SPNG
0.044,2014,9,20,9,0,SPNG
0.048,2014,9,21,10,0,SPNG
0.048,2014,9,21,10,0,SPNG
0.048,2014,9,21,10,0,SPNG
0.048,2014,9,21,10,0,SPNG
0.035,2014,9,22,9,0,SPNG
0.035,2014,9,22,9,0,SPNG
0.035,2014,9,22,9,0,SPNG
0.035,2014,9,22,9,0,SPNG
0.022,2014,9,23,0,0,SPNG
0.022,2014,9,23,0,0,SPNG
0.022,2014,9,23,0,0,SPNG
0.022,2014,9,23,0,0,SPNG
0.02,2014,9,24,0,0,SPNG
0.02,2014,9,24,0,0,SPNG
0.02,2014,9,24,0,0,SPNG
0.02,2014,9,24,0,0,SPNG
0.019,2014,9,25,12,0,SPNG
0.019,2014,9,25,12,0,SPNG
0.019,2014,9,25,12,0,SPNG
0.019,2014,9,25,12,0,SPNG
0.029,2014,9,26,10,0,SPNG
0.029,2014,9,26,10,0,SPNG
0.029,2014,9,26,10,0,SPNG
0.029,2014,9,26,10,0,SPNG
0.04,2014,9,27,10,0,SPNG
0.04,2014,9,27,10,0,SPNG
0.04,2014,9,27,10,0,SPNG
0.04,2014,9,27,10,0,SPNG
0.038,2014,9,28,9,0,SPNG
0.038,2014,9,28,9,0,SPNG
0.038,2014,9,28,9,0,SPNG
0.038,2014,9,28,9,0,SPNG
0.025,2014,9,29,9,0,SPNG
0.025,2014,9,29,9,0,SPNG
0.025,2014,9,29,9,0,SPNG
0.025,2014,9,29,9,0,SPNG
0.023,2014,9,30,10,0,SPNG
0.023,2014,9,30,10,0,SPNG
0.023,2014,9,30,10,0,SPNG
0.023,2014,9,30,10,0,SPNG
0.042,2014,10,1,10,0,SPNG
0.042,2014,10,1,10,0,SPNG
0.042,2014,10,1,10,0,SPNG
0.042,2014,10,1,10,0,SPNG
0.049,2014,10,2,10,0,SPNG
0.049,2014,10,2,10,0,SPNG
0.049,2014,10,2,10,0,SPNG
0.049,2014,10,2,10,0,SPNG
0.043,2014,10,3,9,0,SPNG
0.043,2014,10,3,9,0,SPNG
0.043,2014,10,3,9,0,SPNG
0.043,2014,10,3,9,0,SPNG
0.035,2014,10,4,9,0,SPNG
0.035,2014,10,4,9,0,SPNG
0.035,2014,10,4,9,0,SPNG
0.035,2014,10,4,9,0,SPNG
0.032,2014,10,5,9,0,SPNG
0.032,2014,10,5,9,0,SPNG
0.032,2014,10,5,9,0,SPNG
0.032,2014,10,5,9,0,SPNG
0.041,2014,10,6,10,0,SPNG
0.041,2014,10,6,10,0,SPNG
0.041,2014,10,6,10,0,SPNG
0.041,2014,10,6,10,0,SPNG
0.045,2014,10,7,10,0,SPNG
0.045,2014,10,7,10,0,SPNG
0.045,2014,10,7,10,0,SPNG
0.045,2014,10,7,10,0,SPNG
0.041,2014,10,8,9,0,SPNG
0.041,2014,10,8,9,0,SPNG
0.041,2014,10,8,9,0,SPNG
0.041,2014,10,8,9,0,SPNG
0.051,2014,10,9,10,0,SPNG
0.051,2014,10,9,10,0,SPNG
0.051,2014,10,9,10,0,SPNG
0.051,2014,10,9,10,0,SPNG
0.032,2014,10,17,9,0,SPNG
0.032,2014,10,17,9,0,SPNG
0.032,2014,10,17,9,0,SPNG
0.032,2014,10,17,9,0,SPNG
0.042,2014,10,18,9,0,SPNG
0.042,2014,10,18,9,0,SPNG
0.042,2014,10,18,9,0,SPNG
0.042,2014,10,18,9,0,SPNG
0.03,2014,10,19,9,0,SPNG
0.03,2014,10,19,9,0,SPNG
0.03,2014,10,19,9,0,SPNG
0.03,2014,10,19,9,0,SPNG
0.036,2014,10,20,9,0,SPNG
0.036,2014,10,20,9,0,SPNG
0.036,2014,10,20,9,0,SPNG
0.036,2014,10,20,9,0,SPNG
0.04,2014,10,21,9,0,SPNG
0.04,2014,10,21,9,0,SPNG
0.04,2014,10,21,9,0,SPNG
0.04,2014,10,21,9,0,SPNG
0.027,2014,10,22,11,0,SPNG
0.027,2014,10,22,11,0,SPNG
0.027,2014,10,22,11,0,SPNG
0.027,2014,10,22,11,0,SPNG
0.037,2014,10,23,10,0,SPNG
0.037,2014,10,23,10,0,SPNG
0.037,2014,10,23,10,0,SPNG
0.037,2014,10,23,10,0,SPNG
0.034,2014,10,24,9,0,SPNG
0.034,2014,10,24,9,0,SPNG
0.034,2014,10,24,9,0,SPNG
0.034,2014,10,24,9,0,SPNG
0.04,2014,10,25,9,0,SPNG
0.04,2014,10,25,9,0,SPNG
0.04,2014,10,25,9,0,SPNG
0.04,2014,10,25,9,0,SPNG
0.047,2014,10,26,9,0,SPNG
0.047,2014,10,26,9,0,SPNG
0.047,2014,10,26,9,0,SPNG
0.047,2014,10,26,9,0,SPNG
0.035,2014,10,27,9,0,SPNG
0.035,2014,10,27,9,0,SPNG
0.035,2014,10,27,9,0,SPNG
0.035,2014,10,27,9,0,SPNG
0.045,2014,10,28,10,0,SPNG
0.045,2014,10,28,10,0,SPNG
0.045,2014,10,28,10,0,SPNG
0.045,2014,10,28,10,0,SPNG
0.039,2014,10,29,9,0,SPNG
0.039,2014,10,29,9,0,SPNG
0.039,2014,10,29,9,0,SPNG
0.039,2014,10,29,9,0,SPNG
0.038,2014,10,30,10,0,SPNG
0.038,2014,10,30,10,0,SPNG
0.038,2014,10,30,10,0,SPNG
0.038,2014,10,30,10,0,SPNG
0.031,2014,10,31,10,0,SPNG
0.031,2014,10,31,10,0,SPNG
0.031,2014,10,31,10,0,SPNG
0.031,2014,10,31,10,0,SPNG
0.024,2014,11,1,23,0,SPNG
0.024,2014,11,1,23,0,SPNG
0.024,2014,11,1,23,0,SPNG
0.024,2014,11,1,23,0,SPNG
0.035,2014,11,2,9,0,SPNG
0.035,2014,11,2,9,0,SPNG
0.035,2014,11,2,9,0,SPNG
0.035,2014,11,2,9,0,SPNG
0.035,2014,11,3,9,0,SPNG
0.035,2014,11,3,9,0,SPNG
0.03,2014,11,8,9,0,SPNG
0.03,2014,11,8,9,0,SPNG
0.03,2014,11,8,9,0,SPNG
0.03,2014,11,8,9,0,SPNG
0.027,2014,11,9,9,0,SPNG
0.027,2014,11,9,9,0,SPNG
0.027,2014,11,9,9,0,SPNG
0.027,2014,11,9,9,0,SPNG
0.034,2014,11,10,9,0,SPNG
0.034,2014,11,10,9,0,SPNG
0.02,2014,11,13,0,0,SPNG
0.02,2014,11,13,0,0,SPNG
0.02,2014,11,13,0,0,SPNG
0.02,2014,11,13,0,0,SPNG
0.022,2014,11,14,10,0,SPNG
0.022,2014,11,14,10,0,SPNG
0.022,2014,11,14,10,0,SPNG
0.022,2014,11,14,10,0,SPNG
0.034,2014,11,15,8,0,SPNG
0.034,2014,11,15,8,0,SPNG
0.032,2014,11,19,9,0,SPNG
0.032,2014,11,19,9,0,SPNG
0.032,2014,11,19,9,0,SPNG
0.032,2014,11,19,9,0,SPNG
0.038,2014,11,20,9,0,SPNG
0.038,2014,11,20,9,0,SPNG
0.038,2014,11,20,9,0,SPNG
0.038,2014,11,20,9,0,SPNG
0.036,2014,11,21,9,0,SPNG
0.036,2014,11,21,9,0,SPNG
0.036,2014,11,21,9,0,SPNG
0.036,2014,11,21,9,0,SPNG
0.034,2014,11,22,9,0,SPNG
0.034,2014,11,22,9,0,SPNG
0.034,2014,11,22,9,0,SPNG
0.034,2014,11,22,9,0,SPNG
0.029,2014,11,23,20,0,SPNG
0.029,2014,11,23,20,0,SPNG
0.029,2014,11,23,20,0,SPNG
0.029,2014,11,23,20,0,SPNG
0.025,2014,11,24,8,0,SPNG
0.025,2014,11,24,8,0,SPNG
0.025,2014,11,24,8,0,SPNG
0.025,2014,11,24,8,0,SPNG
0.021,2014,11,25,0,0,SPNG
0.021,2014,11,25,0,0,SPNG
0.021,2014,11,25,0,0,SPNG
0.021,2014,11,25,0,0,SPNG
0.026,2014,11,26,6,0,SPNG
0.026,2014,11,26,6,0,SPNG
0.026,2014,11,26,6,0,SPNG
0.026,2014,11,26,6,0,SPNG
0.027,2014,11,27,12,0,SPNG
0.027,2014,11,27,12,0,SPNG
0.027,2014,11,27,12,0,SPNG
0.027,2014,11,27,12,0,SPNG
0.026,2014,11,28,9,0,SPNG
0.026,2014,11,28,9,0,SPNG
0.026,2014,11,28,9,0,SPNG
0.026,2014,11,28,9,0,SPNG
0.03,2014,11,29,9,0,SPNG
0.03,2014,11,29,9,0,SPNG
0.03,2014,11,29,9,0,SPNG
0.03,2014,11,29,9,0,SPNG
0.032,2014,11,30,9,0,SPNG
0.032,2014,11,30,9,0,SPNG
0.032,2014,11,30,9,0,SPNG
0.032,2014,11,30,9,0,SPNG
0.03,2014,12,1,9,0,SPNG
0.03,2014,12,1,9,0,SPNG
0.03,2014,12,1,9,0,SPNG
0.03,2014,12,1,9,0,SPNG
0.023,2014,12,2,9,0,SPNG
0.023,2014,12,2,9,0,SPNG
0.023,2014,12,2,9,0,SPNG
0.023,2014,12,2,9,0,SPNG
0.011,2014,12,3,10,0,SPNG
0.011,2014,12,3,10,0,SPNG
0.011,2014,12,3,10,0,SPNG
0.011,2014,12,3,10,0,SPNG
0.026,2014,12,4,10,0,SPNG
0.026,2014,12,4,10,0,SPNG
0.026,2014,12,4,10,0,SPNG
0.026,2014,12,4,10,0,SPNG
0.02,2014,12,5,8,0,SPNG
0.02,2014,12,5,8,0,SPNG
0.02,2014,12,5,8,0,SPNG
0.02,2014,12,5,8,0,SPNG
0.015,2014,12,6,23,0,SPNG
0.015,2014,12,6,23,0,SPNG
0.015,2014,12,6,23,0,SPNG
0.015,2014,12,6,23,0,SPNG
0.033,2014,12,7,10,0,SPNG
0.033,2014,12,7,10,0,SPNG
0.033,2014,12,7,10,0,SPNG
0.033,2014,12,7,10,0,SPNG
0.028,2014,12,8,8,0,SPNG
0.028,2014,12,8,8,0,SPNG
0.028,2014,12,8,8,0,SPNG
0.028,2014,12,8,8,0,SPNG
0.022,2014,12,9,13,0,SPNG
0.022,2014,12,9,13,0,SPNG
0.022,2014,12,9,13,0,SPNG
0.022,2014,12,9,13,0,SPNG
0.023,2014,12,10,13,0,SPNG
0.023,2014,12,10,13,0,SPNG
0.023,2014,12,10,13,0,SPNG
0.023,2014,12,10,13,0,SPNG
0.026,2014,12,11,9,0,SPNG
0.026,2014,12,11,9,0,SPNG
0.026,2014,12,11,9,0,SPNG
0.026,2014,12,11,9,0,SPNG
0.032,2014,12,12,9,0,SPNG
0.032,2014,12,12,9,0,SPNG
0.032,2014,12,12,9,0,SPNG
0.032,2014,12,12,9,0,SPNG
0.033,2014,12,13,9,0,SPNG
0.033,2014,12,13,9,0,SPNG
0.033,2014,12,13,9,0,SPNG
0.033,2014,12,13,9,0,SPNG
0.03,2014,12,14,9,0,SPNG
0.03,2014,12,14,9,0,SPNG
0.03,2014,12,14,9,0,SPNG
0.03,2014,12,14,9,0,SPNG
0.029,2014,12,15,9,0,SPNG
0.029,2014,12,15,9,0,SPNG
0.029,2014,12,15,9,0,SPNG
0.029,2014,12,15,9,0,SPNG
0.017,2014,12,16,22,0,SPNG
0.017,2014,12,16,22,0,SPNG
0.017,2014,12,16,22,0,SPNG
0.017,2014,12,16,22,0,SPNG
0.027,2014,12,17,9,0,SPNG
0.027,2014,12,17,9,0,SPNG
0.027,2014,12,17,9,0,SPNG
0.027,2014,12,17,9,0,SPNG
0.024,2014,12,18,9,0,SPNG
0.024,2014,12,18,9,0,SPNG
0.024,2014,12,18,9,0,SPNG
0.024,2014,12,18,9,0,SPNG
0.027,2014,12,19,9,0,SPNG
0.027,2014,12,19,9,0,SPNG
0.027,2014,12,19,9,0,SPNG
0.027,2014,12,19,9,0,SPNG
0.01,2014,12,20,7,0,SPNG
0.01,2014,12,20,7,0,SPNG
0.01,2014,12,20,7,0,SPNG
0.01,2014,12,20,7,0,SPNG
0.021,2014,12,21,12,0,SPNG
0.021,2014,12,21,12,0,SPNG
0.021,2014,12,21,12,0,SPNG
0.021,2014,12,21,12,0,SPNG
0.018,2014,12,22,0,0,SPNG
0.018,2014,12,22,0,0,SPNG
0.018,2014,12,22,0,0,SPNG
0.018,2014,12,22,0,0,SPNG
0.009,2014,12,23,0,0,SPNG
0.009,2014,12,23,0,0,SPNG
0.009,2014,12,23,0,0,SPNG
0.009,2014,12,23,0,0,SPNG
0.022,2014,12,24,23,0,SPNG
0.022,2014,12,24,23,0,SPNG
0.022,2014,12,24,23,0,SPNG
0.022,2014,12,24,23,0,SPNG
0.03,2014,12,25,8,0,SPNG
0.03,2014,12,25,8,0,SPNG
0.03,2014,12,25,8,0,SPNG
0.03,2014,12,25,8,0,SPNG
0.022,2014,12,26,9,0,SPNG
0.022,2014,12,26,9,0,SPNG
0.022,2014,12,26,9,0,SPNG
0.022,2014,12,26,9,0,SPNG
0.028,2014,12,27,10,0,SPNG
0.028,2014,12,27,10,0,SPNG
0.028,2014,12,27,10,0,SPNG
0.028,2014,12,27,10,0,SPNG
0.024,2014,12,28,7,0,SPNG
0.024,2014,12,28,7,0,SPNG
0.024,2014,12,28,7,0,SPNG
0.024,2014,12,28,7,0,SPNG
0.017,2014,12,29,23,0,SPNG
0.017,2014,12,29,23,0,SPNG
0.017,2014,12,29,23,0,SPNG
0.017,2014,12,29,23,0,SPNG
0.018,2014,12,30,0,0,SPNG
0.018,2014,12,30,0,0,SPNG
0.018,2014,12,30,0,0,SPNG
0.018,2014,12,30,0,0,SPNG
0.029,2014,12,31,10,0,SPNG
0.029,2014,12,31,10,0,SPNG
0.029,2014,12,31,10,0,SPNG
0.029,2014,12,31,10,0,SPNG
0.029,2015,1,1,10,0,SPNG
0.029,2015,1,1,10,0,SPNG
0.029,2015,1,1,10,0,SPNG
0.029,2015,1,1,10,0,SPNG
0.019,2015,1,2,10,0,SPNG
0.019,2015,1,2,10,0,SPNG
0.019,2015,1,2,10,0,SPNG
0.019,2015,1,2,10,0,SPNG
0.021,2015,1,3,9,0,SPNG
0.021,2015,1,3,9,0,SPNG
0.021,2015,1,3,9,0,SPNG
0.021,2015,1,3,9,0,SPNG
0.028,2015,1,4,20,0,SPNG
0.028,2015,1,4,20,0,SPNG
0.028,2015,1,4,20,0,SPNG
0.028,2015,1,4,20,0,SPNG
0.031,2015,1,5,9,0,SPNG
0.031,2015,1,5,9,0,SPNG
0.031,2015,1,5,9,0,SPNG
0.031,2015,1,5,9,0,SPNG
0.029,2015,1,6,10,0,SPNG
0.029,2015,1,6,10,0,SPNG
0.029,2015,1,6,10,0,SPNG
0.029,2015,1,6,10,0,SPNG
0.033,2015,1,7,14,0,SPNG
0.033,2015,1,7,14,0,SPNG
0.033,2015,1,7,14,0,SPNG
0.033,2015,1,7,14,0,SPNG
0.03,2015,1,8,0,0,SPNG
0.03,2015,1,8,0,0,SPNG
0.03,2015,1,8,0,0,SPNG
0.03,2015,1,8,0,0,SPNG
0.032,2015,1,9,9,0,SPNG
0.032,2015,1,9,9,0,SPNG
0.032,2015,1,9,9,0,SPNG
0.032,2015,1,9,9,0,SPNG
0.034,2015,1,10,9,0,SPNG
0.034,2015,1,10,9,0,SPNG
0.034,2015,1,10,9,0,SPNG
0.034,2015,1,10,9,0,SPNG
0.033,2015,1,11,10,0,SPNG
0.033,2015,1,11,10,0,SPNG
0.033,2015,1,11,10,0,SPNG
0.033,2015,1,11,10,0,SPNG
0.022,2015,1,12,0,0,SPNG
0.022,2015,1,12,0,0,SPNG
0.022,2015,1,12,0,0,SPNG
0.022,2015,1,12,0,0,SPNG
0.024,2015,1,13,22,0,SPNG
0.024,2015,1,13,22,0,SPNG
0.024,2015,1,13,22,0,SPNG
0.024,2015,1,13,22,0,SPNG
0.023,2015,1,14,0,0,SPNG
0.023,2015,1,14,0,0,SPNG
0.023,2015,1,14,0,0,SPNG
0.023,2015,1,14,0,0,SPNG
0.034,2015,1,16,8,0,SPNG
0.034,2015,1,16,8,0,SPNG
0.034,2015,1,16,8,0,SPNG
0.034,2015,1,16,8,0,SPNG
0.029,2015,1,17,10,0,SPNG
0.029,2015,1,17,10,0,SPNG
0.029,2015,1,17,10,0,SPNG
0.029,2015,1,17,10,0,SPNG
0.037,2015,1,18,12,0,SPNG
0.037,2015,1,18,12,0,SPNG
0.037,2015,1,18,12,0,SPNG
0.037,2015,1,18,12,0,SPNG
0.036,2015,1,19,10,0,SPNG
0.036,2015,1,19,10,0,SPNG
0.036,2015,1,19,10,0,SPNG
0.036,2015,1,19,10,0,SPNG
0.033,2015,1,20,10,0,SPNG
0.033,2015,1,20,10,0,SPNG
0.033,2015,1,20,10,0,SPNG
0.033,2015,1,20,10,0,SPNG
0.028,2015,1,21,9,0,SPNG
0.028,2015,1,21,9,0,SPNG
0.028,2015,1,21,9,0,SPNG
0.028,2015,1,21,9,0,SPNG
0.031,2015,1,22,11,0,SPNG
0.031,2015,1,22,11,0,SPNG
0.031,2015,1,22,11,0,SPNG
0.031,2015,1,22,11,0,SPNG
0.017,2015,1,23,0,0,SPNG
0.017,2015,1,23,0,0,SPNG
0.017,2015,1,23,0,0,SPNG
0.017,2015,1,23,0,0,SPNG
0.025,2015,1,24,22,0,SPNG
0.025,2015,1,24,22,0,SPNG
0.025,2015,1,24,22,0,SPNG
0.025,2015,1,24,22,0,SPNG
0.033,2015,1,25,10,0,SPNG
0.033,2015,1,25,10,0,SPNG
0.033,2015,1,25,10,0,SPNG
0.033,2015,1,25,10,0,SPNG
0.031,2015,1,26,10,0,SPNG
0.031,2015,1,26,10,0,SPNG
0.031,2015,1,26,10,0,SPNG
0.031,2015,1,26,10,0,SPNG
0.032,2015,1,27,10,0,SPNG
0.032,2015,1,27,10,0,SPNG
0.032,2015,1,27,10,0,SPNG
0.032,2015,1,27,10,0,SPNG
0.028,2015,1,29,9,0,SPNG
0.028,2015,1,29,9,0,SPNG
0.028,2015,1,29,9,0,SPNG
0.028,2015,1,29,9,0,SPNG
0.033,2015,1,30,14,0,SPNG
0.033,2015,1,30,14,0,SPNG
0.033,2015,1,30,14,0,SPNG
0.033,2015,1,30,14,0,SPNG
0.039,2015,1,31,9,0,SPNG
0.039,2015,1,31,9,0,SPNG
0.039,2015,1,31,9,0,SPNG
0.039,2015,1,31,9,0,SPNG
0.038,2015,2,1,19,0,SPNG
0.038,2015,2,1,19,0,SPNG
0.038,2015,2,1,19,0,SPNG
0.038,2015,2,1,19,0,SPNG
0.032,2015,2,2,19,0,SPNG
0.032,2015,2,2,19,0,SPNG
0.032,2015,2,2,19,0,SPNG
0.032,2015,2,2,19,0,SPNG
0.033,2015,2,3,8,0,SPNG
0.033,2015,2,3,8,0,SPNG
0.033,2015,2,3,8,0,SPNG
0.033,2015,2,3,8,0,SPNG
0.032,2015,2,4,10,0,SPNG
0.032,2015,2,4,10,0,SPNG
0.032,2015,2,4,10,0,SPNG
0.032,2015,2,4,10,0,SPNG
0.035,2015,2,5,13,0,SPNG
0.035,2015,2,5,13,0,SPNG
0.035,2015,2,5,13,0,SPNG
0.035,2015,2,5,13,0,SPNG
0.029,2015,2,6,9,0,SPNG
0.029,2015,2,6,9,0,SPNG
0.029,2015,2,6,9,0,SPNG
0.029,2015,2,6,9,0,SPNG
0.042,2015,2,7,12,0,SPNG
0.042,2015,2,7,12,0,SPNG
0.042,2015,2,7,12,0,SPNG
0.042,2015,2,7,12,0,SPNG
0.046,2015,2,8,10,0,SPNG
0.046,2015,2,8,10,0,SPNG
0.046,2015,2,8,10,0,SPNG
0.046,2015,2,8,10,0,SPNG
0.032,2015,2,9,10,0,SPNG
0.032,2015,2,9,10,0,SPNG
0.032,2015,2,9,10,0,SPNG
0.032,2015,2,9,10,0,SPNG
0.03,2015,2,10,20,0,SPNG
0.03,2015,2,10,20,0,SPNG
0.03,2015,2,10,20,0,SPNG
0.03,2015,2,10,20,0,SPNG
0.037,2015,2,11,9,0,SPNG
0.037,2015,2,11,9,0,SPNG
0.037,2015,2,11,9,0,SPNG
0.037,2015,2,11,9,0,SPNG
0.032,2015,2,12,10,0,SPNG
0.032,2015,2,12,10,0,SPNG
0.032,2015,2,12,10,0,SPNG
0.032,2015,2,12,10,0,SPNG
0.038,2015,2,13,8,0,SPNG
0.038,2015,2,13,8,0,SPNG
0.038,2015,2,13,8,0,SPNG
0.038,2015,2,13,8,0,SPNG
0.04,2015,2,14,13,0,SPNG
0.04,2015,2,14,13,0,SPNG
0.04,2015,2,14,13,0,SPNG
0.04,2015,2,14,13,0,SPNG
0.04,2015,2,15,12,0,SPNG
0.04,2015,2,15,12,0,SPNG
0.04,2015,2,15,12,0,SPNG
0.04,2015,2,15,12,0,SPNG
0.035,2015,2,16,3,0,SPNG
0.035,2015,2,16,3,0,SPNG
0.035,2015,2,16,3,0,SPNG
0.035,2015,2,16,3,0,SPNG
0.036,2015,2,17,9,0,SPNG
0.036,2015,2,17,9,0,SPNG
0.036,2015,2,17,9,0,SPNG
0.036,2015,2,17,9,0,SPNG
0.038,2015,2,18,21,0,SPNG
0.038,2015,2,18,21,0,SPNG
0.038,2015,2,18,21,0,SPNG
0.038,2015,2,18,21,0,SPNG
0.037,2015,2,19,0,0,SPNG
0.037,2015,2,19,0,0,SPNG
0.037,2015,2,19,0,0,SPNG
0.037,2015,2,19,0,0,SPNG
0.036,2015,2,20,9,0,SPNG
0.036,2015,2,20,9,0,SPNG
0.036,2015,2,20,9,0,SPNG
0.036,2015,2,20,9,0,SPNG
0.026,2015,2,21,7,0,SPNG
0.026,2015,2,21,7,0,SPNG
0.026,2015,2,21,7,0,SPNG
0.026,2015,2,21,7,0,SPNG
0.036,2015,2,22,10,0,SPNG
0.036,2015,2,22,10,0,SPNG
0.036,2015,2,22,10,0,SPNG
0.036,2015,2,22,10,0,SPNG
0.037,2015,2,23,22,0,SPNG
0.037,2015,2,23,22,0,SPNG
0.037,2015,2,23,22,0,SPNG
0.037,2015,2,23,22,0,SPNG
0.038,2015,2,24,0,0,SPNG
0.038,2015,2,24,0,0,SPNG
0.038,2015,2,24,0,0,SPNG
0.038,2015,2,24,0,0,SPNG
0.04,2015,2,25,10,0,SPNG
0.04,2015,2,25,10,0,SPNG
0.04,2015,2,25,10,0,SPNG
0.04,2015,2,25,10,0,SPNG
0.05,2015,2,27,11,0,SPNG
0.05,2015,2,27,11,0,SPNG
0.05,2015,2,27,11,0,SPNG
0.05,2015,2,27,11,0,SPNG
0.04,2015,2,28,10,0,SPNG
0.04,2015,2,28,10,0,SPNG
0.04,2015,2,28,10,0,SPNG
0.04,2015,2,28,10,0,SPNG
0.037,2015,3,1,1,0,SPNG
0.037,2015,3,1,1,0,SPNG
0.037,2015,3,1,1,0,SPNG
0.037,2015,3,1,1,0,SPNG
0.043,2015,3,2,13,0,SPNG
0.043,2015,3,2,13,0,SPNG
0.043,2015,3,2,13,0,SPNG
0.043,2015,3,2,13,0,SPNG
0.038,2015,3,3,2,0,SPNG
0.038,2015,3,3,2,0,SPNG
0.038,2015,3,3,2,0,SPNG
0.038,2015,3,3,2,0,SPNG
0.025,2015,3,4,11,0,SPNG
0.025,2015,3,4,11,0,SPNG
0.025,2015,3,4,11,0,SPNG
0.025,2015,3,4,11,0,SPNG
0.039,2015,3,5,18,0,SPNG
0.039,2015,3,5,18,0,SPNG
0.039,2015,3,5,18,0,SPNG
0.039,2015,3,5,18,0,SPNG
0.04,2015,3,6,10,0,SPNG
0.04,2015,3,6,10,0,SPNG
0.04,2015,3,6,10,0,SPNG
0.04,2015,3,6,10,0,SPNG
0.043,2015,3,7,10,0,SPNG
0.043,2015,3,7,10,0,SPNG
0.043,2015,3,7,10,0,SPNG
0.043,2015,3,7,10,0,SPNG
0.05,2015,3,8,10,0,SPNG
0.05,2015,3,8,10,0,SPNG
0.05,2015,3,8,10,0,SPNG
0.05,2015,3,8,10,0,SPNG
0.041,2015,3,9,10,0,SPNG
0.041,2015,3,9,10,0,SPNG
0.041,2015,3,9,10,0,SPNG
0.041,2015,3,9,10,0,SPNG
0.039,2015,3,10,10,0,SPNG
0.039,2015,3,10,10,0,SPNG
0.039,2015,3,10,10,0,SPNG
0.039,2015,3,10,10,0,SPNG
0.03,2015,3,11,10,0,SPNG
0.03,2015,3,11,10,0,SPNG
0.03,2015,3,11,10,0,SPNG
0.03,2015,3,11,10,0,SPNG
0.049,2015,3,12,10,0,SPNG
0.049,2015,3,12,10,0,SPNG
0.049,2015,3,12,10,0,SPNG
0.049,2015,3,12,10,0,SPNG
0.039,2015,3,13,9,0,SPNG
0.039,2015,3,13,9,0,SPNG
0.039,2015,3,13,9,0,SPNG
0.039,2015,3,13,9,0,SPNG
0.024,2015,3,14,13,0,SPNG
0.024,2015,3,14,13,0,SPNG
0.024,2015,3,14,13,0,SPNG
0.024,2015,3,14,13,0,SPNG
0.045,2015,3,15,11,0,SPNG
0.045,2015,3,15,11,0,SPNG
0.045,2015,3,15,11,0,SPNG
0.045,2015,3,15,11,0,SPNG
0.045,2015,3,16,10,0,SPNG
0.045,2015,3,16,10,0,SPNG
0.045,2015,3,16,10,0,SPNG
0.045,2015,3,16,10,0,SPNG
0.052,2015,3,17,10,0,SPNG
0.052,2015,3,17,10,0,SPNG
0.052,2015,3,17,10,0,SPNG
0.052,2015,3,17,10,0,SPNG
0.044,2015,3,18,8,0,SPNG
0.044,2015,3,18,8,0,SPNG
0.044,2015,3,18,8,0,SPNG
0.044,2015,3,18,8,0,SPNG
0.04,2015,3,19,20,0,SPNG
0.04,2015,3,19,20,0,SPNG
0.04,2015,3,19,20,0,SPNG
0.04,2015,3,19,20,0,SPNG
0.038,2015,3,20,0,0,SPNG
0.038,2015,3,20,0,0,SPNG
0.038,2015,3,20,0,0,SPNG
0.038,2015,3,20,0,0,SPNG
0.037,2015,3,21,10,0,SPNG
0.037,2015,3,21,10,0,SPNG
0.037,2015,3,21,10,0,SPNG
0.037,2015,3,21,10,0,SPNG
0.036,2015,3,22,10,0,SPNG
0.036,2015,3,22,10,0,SPNG
0.036,2015,3,22,10,0,SPNG
0.036,2015,3,22,10,0,SPNG
0.041,2015,3,23,9,0,SPNG
0.041,2015,3,23,9,0,SPNG
0.041,2015,3,23,9,0,SPNG
0.041,2015,3,23,9,0,SPNG
0.046,2015,3,24,13,0,SPNG
0.046,2015,3,24,13,0,SPNG
0.046,2015,3,24,13,0,SPNG
0.046,2015,3,24,13,0,SPNG
0.043,2015,3,25,10,0,SPNG
0.043,2015,3,25,10,0,SPNG
0.043,2015,3,25,10,0,SPNG
0.043,2015,3,25,10,0,SPNG
0.037,2015,3,26,11,0,SPNG
0.037,2015,3,26,11,0,SPNG
0.037,2015,3,26,11,0,SPNG
0.037,2015,3,26,11,0,SPNG
0.034,2015,3,27,3,0,SPNG
0.034,2015,3,27,3,0,SPNG
0.034,2015,3,27,3,0,SPNG
0.034,2015,3,27,3,0,SPNG
0.046,2015,3,28,11,0,SPNG
0.046,2015,3,28,11,0,SPNG
0.046,2015,3,28,11,0,SPNG
0.046,2015,3,28,11,0,SPNG
0.048,2015,3,29,9,0,SPNG
0.048,2015,3,29,9,0,SPNG
0.048,2015,3,29,9,0,SPNG
0.048,2015,3,29,9,0,SPNG
0.045,2015,3,30,13,0,SPNG
0.045,2015,3,30,13,0,SPNG
0.045,2015,3,30,13,0,SPNG
0.045,2015,3,30,13,0,SPNG
0.053,2015,3,31,11,0,SPNG
0.053,2015,3,31,11,0,SPNG
0.053,2015,3,31,11,0,SPNG
0.053,2015,3,31,11,0,SPNG
0.046,2015,4,1,10,0,SPNG
0.046,2015,4,1,10,0,SPNG
0.046,2015,4,1,10,0,SPNG
0.046,2015,4,1,10,0,SPNG
0.051,2015,4,2,10,0,SPNG
0.051,2015,4,2,10,0,SPNG
0.051,2015,4,2,10,0,SPNG
0.051,2015,4,2,10,0,SPNG
0.044,2015,4,3,10,0,SPNG
0.044,2015,4,3,10,0,SPNG
0.044,2015,4,3,10,0,SPNG
0.044,2015,4,3,10,0,SPNG
0.045,2015,4,4,10,0,SPNG
0.045,2015,4,4,10,0,SPNG
0.045,2015,4,4,10,0,SPNG
0.045,2015,4,4,10,0,SPNG
0.048,2015,4,5,10,0,SPNG
0.048,2015,4,5,10,0,SPNG
0.048,2015,4,5,10,0,SPNG
0.048,2015,4,5,10,0,SPNG
0.046,2015,4,6,9,0,SPNG
0.046,2015,4,6,9,0,SPNG
0.046,2015,4,6,9,0,SPNG
0.046,2015,4,6,9,0,SPNG
0.035,2015,4,7,9,0,SPNG
0.035,2015,4,7,9,0,SPNG
0.035,2015,4,7,9,0,SPNG
0.035,2015,4,7,9,0,SPNG
0.042,2015,4,8,10,0,SPNG
0.042,2015,4,8,10,0,SPNG
0.042,2015,4,8,10,0,SPNG
0.042,2015,4,8,10,0,SPNG
0.03,2015,4,9,13,0,SPNG
0.03,2015,4,9,13,0,SPNG
0.03,2015,4,9,13,0,SPNG
0.03,2015,4,9,13,0,SPNG
0.037,2015,4,10,11,0,SPNG
0.037,2015,4,10,11,0,SPNG
0.037,2015,4,10,11,0,SPNG
0.037,2015,4,10,11,0,SPNG
0.053,2015,4,11,10,0,SPNG
0.053,2015,4,11,10,0,SPNG
0.053,2015,4,11,10,0,SPNG
0.053,2015,4,11,10,0,SPNG
0.052,2015,4,12,9,0,SPNG
0.052,2015,4,12,9,0,SPNG
0.052,2015,4,12,9,0,SPNG
0.052,2015,4,12,9,0,SPNG
0.051,2015,4,13,9,0,SPNG
0.051,2015,4,13,9,0,SPNG
0.051,2015,4,13,9,0,SPNG
0.051,2015,4,13,9,0,SPNG
0.035,2015,4,14,23,0,SPNG
0.035,2015,4,14,23,0,SPNG
0.035,2015,4,14,23,0,SPNG
0.035,2015,4,14,23,0,SPNG
0.034,2015,4,15,0,0,SPNG
0.034,2015,4,15,0,0,SPNG
0.034,2015,4,15,0,0,SPNG
0.034,2015,4,15,0,0,SPNG
0.036,2015,4,16,9,0,SPNG
0.036,2015,4,16,9,0,SPNG
0.036,2015,4,16,9,0,SPNG
0.036,2015,4,16,9,0,SPNG
0.041,2015,4,17,10,0,SPNG
0.041,2015,4,17,10,0,SPNG
0.041,2015,4,17,10,0,SPNG
0.041,2015,4,17,10,0,SPNG
0.041,2015,4,18,9,0,SPNG
0.041,2015,4,18,9,0,SPNG
0.041,2015,4,18,9,0,SPNG
0.041,2015,4,18,9,0,SPNG
0.033,2015,4,19,10,0,SPNG
0.033,2015,4,19,10,0,SPNG
0.033,2015,4,19,10,0,SPNG
0.033,2015,4,19,10,0,SPNG
0.036,2015,4,20,8,0,SPNG
0.036,2015,4,20,8,0,SPNG
0.036,2015,4,20,8,0,SPNG
0.036,2015,4,20,8,0,SPNG
0.047,2015,4,21,10,0,SPNG
0.047,2015,4,21,10,0,SPNG
0.047,2015,4,21,10,0,SPNG
0.047,2015,4,21,10,0,SPNG
0.054,2015,4,22,10,0,SPNG
0.054,2015,4,22,10,0,SPNG
0.054,2015,4,22,10,0,SPNG
0.054,2015,4,22,10,0,SPNG
0.056,2015,4,23,11,0,SPNG
0.056,2015,4,23,11,0,SPNG
0.056,2015,4,23,11,0,SPNG
0.056,2015,4,23,11,0,SPNG
0.057,2015,4,24,10,0,SPNG
0.057,2015,4,24,10,0,SPNG
0.057,2015,4,24,10,0,SPNG
0.057,2015,4,24,10,0,SPNG
0.031,2015,4,25,23,0,SPNG
0.031,2015,4,25,23,0,SPNG
0.031,2015,4,25,23,0,SPNG
0.031,2015,4,25,23,0,SPNG
0.035,2015,4,26,1,0,SPNG
0.035,2015,4,26,1,0,SPNG
0.035,2015,4,26,1,0,SPNG
0.035,2015,4,26,1,0,SPNG
0.051,2015,4,27,10,0,SPNG
0.051,2015,4,27,10,0,SPNG
0.051,2015,4,27,10,0,SPNG
0.051,2015,4,27,10,0,SPNG
0.043,2015,4,28,10,0,SPNG
0.043,2015,4,28,10,0,SPNG
0.043,2015,4,28,10,0,SPNG
0.043,2015,4,28,10,0,SPNG
0.047,2015,4,29,9,0,SPNG
0.047,2015,4,29,9,0,SPNG
0.047,2015,4,29,9,0,SPNG
0.047,2015,4,29,9,0,SPNG
0.047,2015,4,30,11,0,SPNG
0.047,2015,4,30,11,0,SPNG
0.047,2015,4,30,11,0,SPNG
0.047,2015,4,30,11,0,SPNG
0.036,2015,5,1,9,0,SPNG
0.036,2015,5,1,9,0,SPNG
0.036,2015,5,1,9,0,SPNG
0.036,2015,5,1,9,0,SPNG
0.044,2015,5,2,10,0,SPNG
0.044,2015,5,2,10,0,SPNG
0.044,2015,5,2,10,0,SPNG
0.044,2015,5,2,10,0,SPNG
0.054,2015,5,3,10,0,SPNG
0.054,2015,5,3,10,0,SPNG
0.054,2015,5,3,10,0,SPNG
0.054,2015,5,3,10,0,SPNG
0.056,2015,5,4,10,0,SPNG
0.056,2015,5,4,10,0,SPNG
0.056,2015,5,4,10,0,SPNG
0.056,2015,5,4,10,0,SPNG
0.045,2015,5,5,7,0,SPNG
0.045,2015,5,5,7,0,SPNG
0.045,2015,5,5,7,0,SPNG
0.045,2015,5,5,7,0,SPNG
0.056,2015,5,6,11,0,SPNG
0.056,2015,5,6,11,0,SPNG
0.056,2015,5,6,11,0,SPNG
0.056,2015,5,6,11,0,SPNG
0.052,2015,5,7,12,0,SPNG
0.052,2015,5,7,12,0,SPNG
0.052,2015,5,7,12,0,SPNG
0.052,2015,5,7,12,0,SPNG
0.044,2015,5,8,10,0,SPNG
0.044,2015,5,8,10,0,SPNG
0.044,2015,5,8,10,0,SPNG
0.044,2015,5,8,10,0,SPNG
0.038,2015,5,9,8,0,SPNG
0.038,2015,5,9,8,0,SPNG
0.038,2015,5,9,8,0,SPNG
0.038,2015,5,9,8,0,SPNG
0.035,2015,5,10,9,0,SPNG
0.035,2015,5,10,9,0,SPNG
0.035,2015,5,10,9,0,SPNG
0.035,2015,5,10,9,0,SPNG
0.042,2015,5,11,10,0,SPNG
0.042,2015,5,11,10,0,SPNG
0.042,2015,5,11,10,0,SPNG
0.042,2015,5,11,10,0,SPNG
0.049,2015,5,12,11,0,SPNG
0.049,2015,5,12,11,0,SPNG
0.049,2015,5,12,11,0,SPNG
0.049,2015,5,12,11,0,SPNG
0.06,2015,5,13,10,0,SPNG
0.06,2015,5,13,10,0,SPNG
0.06,2015,5,13,10,0,SPNG
0.06,2015,5,13,10,0,SPNG
0.041,2015,5,14,11,0,SPNG
0.041,2015,5,14,11,0,SPNG
0.041,2015,5,14,11,0,SPNG
0.041,2015,5,14,11,0,SPNG
0.046,2015,5,15,11,0,SPNG
0.046,2015,5,15,11,0,SPNG
0.046,2015,5,15,11,0,SPNG
0.046,2015,5,15,11,0,SPNG
0.053,2015,5,16,10,0,SPNG
0.053,2015,5,16,10,0,SPNG
0.053,2015,5,16,10,0,SPNG
0.053,2015,5,16,10,0,SPNG
0.05,2015,5,17,9,0,SPNG
0.05,2015,5,17,9,0,SPNG
0.05,2015,5,17,9,0,SPNG
0.05,2015,5,17,9,0,SPNG
0.049,2015,5,18,10,0,SPNG
0.049,2015,5,18,10,0,SPNG
0.049,2015,5,18,10,0,SPNG
0.049,2015,5,18,10,0,SPNG
0.042,2015,5,19,9,0,SPNG
0.042,2015,5,19,9,0,SPNG
0.042,2015,5,19,9,0,SPNG
0.042,2015,5,19,9,0,SPNG
0.065,2015,5,20,11,0,SPNG
0.065,2015,5,20,11,0,SPNG
0.065,2015,5,20,11,0,SPNG
0.065,2015,5,20,11,0,SPNG
0.045,2015,5,21,0,0,SPNG
0.045,2015,5,21,0,0,SPNG
0.045,2015,5,21,0,0,SPNG
0.045,2015,5,21,0,0,SPNG
0.053,2015,5,22,11,0,SPNG
0.053,2015,5,22,11,0,SPNG
0.053,2015,5,22,11,0,SPNG
0.053,2015,5,22,11,0,SPNG
0.057,2015,5,23,10,0,SPNG
0.057,2015,5,23,10,0,SPNG
0.057,2015,5,23,10,0,SPNG
0.057,2015,5,23,10,0,SPNG
0.058,2015,5,24,9,0,SPNG
0.058,2015,5,24,9,0,SPNG
0.058,2015,5,24,9,0,SPNG
0.058,2015,5,24,9,0,SPNG
0.057,2015,5,25,8,0,SPNG
0.057,2015,5,25,8,0,SPNG
0.057,2015,5,25,8,0,SPNG
0.057,2015,5,25,8,0,SPNG
0.04,2015,5,26,8,0,SPNG
0.04,2015,5,26,8,0,SPNG
0.04,2015,5,26,8,0,SPNG
0.04,2015,5,26,8,0,SPNG
0.04,2015,5,27,11,0,SPNG
0.04,2015,5,27,11,0,SPNG
0.04,2015,5,27,11,0,SPNG
0.04,2015,5,27,11,0,SPNG
0.044,2015,5,28,10,0,SPNG
0.044,2015,5,28,10,0,SPNG
0.044,2015,5,28,10,0,SPNG
0.044,2015,5,28,10,0,SPNG
0.048,2015,5,29,10,0,SPNG
0.048,2015,5,29,10,0,SPNG
0.048,2015,5,29,10,0,SPNG
0.048,2015,5,29,10,0,SPNG
0.041,2015,6,2,11,0,SPNG
0.041,2015,6,2,11,0,SPNG
0.041,2015,6,2,11,0,SPNG
0.041,2015,6,2,11,0,SPNG
0.014,2015,6,3,9,0,SPNG
0.014,2015,6,3,9,0,SPNG
0.014,2015,6,3,9,0,SPNG
0.014,2015,6,3,9,0,SPNG
0.015,2015,6,4,11,0,SPNG
0.015,2015,6,4,11,0,SPNG
0.015,2015,6,4,11,0,SPNG
0.015,2015,6,4,11,0,SPNG
0.025,2015,6,5,11,0,SPNG
0.025,2015,6,5,11,0,SPNG
0.025,2015,6,5,11,0,SPNG
0.025,2015,6,5,11,0,SPNG
0.056,2015,6,6,11,0,SPNG
0.056,2015,6,6,11,0,SPNG
0.056,2015,6,6,11,0,SPNG
0.056,2015,6,6,11,0,SPNG
0.05,2015,6,7,11,0,SPNG
0.05,2015,6,7,11,0,SPNG
0.05,2015,6,7,11,0,SPNG
0.05,2015,6,7,11,0,SPNG
0.05,2015,6,8,11,0,SPNG
0.05,2015,6,8,11,0,SPNG
0.05,2015,6,8,11,0,SPNG
0.05,2015,6,8,11,0,SPNG
0.049,2015,6,9,11,0,SPNG
0.049,2015,6,9,11,0,SPNG
0.049,2015,6,9,11,0,SPNG
0.049,2015,6,9,11,0,SPNG
0.055,2015,6,10,9,0,SPNG
0.055,2015,6,10,9,0,SPNG
0.055,2015,6,10,9,0,SPNG
0.055,2015,6,10,9,0,SPNG
0.046,2015,6,11,9,0,SPNG
0.046,2015,6,11,9,0,SPNG
0.046,2015,6,11,9,0,SPNG
0.046,2015,6,11,9,0,SPNG
0.043,2015,6,12,9,0,SPNG
0.043,2015,6,12,9,0,SPNG
0.043,2015,6,12,9,0,SPNG
0.043,2015,6,12,9,0,SPNG
0.045,2015,6,13,8,0,SPNG
0.045,2015,6,13,8,0,SPNG
0.045,2015,6,13,8,0,SPNG
0.045,2015,6,13,8,0,SPNG
0.036,2015,6,14,9,0,SPNG
0.036,2015,6,14,9,0,SPNG
0.036,2015,6,14,9,0,SPNG
0.036,2015,6,14,9,0,SPNG
0.039,2015,6,15,12,0,SPNG
0.039,2015,6,15,12,0,SPNG
0.039,2015,6,15,12,0,SPNG
0.039,2015,6,15,12,0,SPNG
0.049,2015,6,16,12,0,SPNG
0.049,2015,6,16,12,0,SPNG
0.049,2015,6,16,12,0,SPNG
0.049,2015,6,16,12,0,SPNG
0.049,2015,6,17,9,0,SPNG
0.049,2015,6,17,9,0,SPNG
0.049,2015,6,17,9,0,SPNG
0.049,2015,6,17,9,0,SPNG
0.061,2015,6,18,10,0,SPNG
0.061,2015,6,18,10,0,SPNG
0.061,2015,6,18,10,0,SPNG
0.061,2015,6,18,10,0,SPNG
0.053,2015,6,19,9,0,SPNG
0.053,2015,6,19,9,0,SPNG
0.053,2015,6,19,9,0,SPNG
0.053,2015,6,19,9,0,SPNG
0.039,2015,6,20,8,0,SPNG
0.039,2015,6,20,8,0,SPNG
0.039,2015,6,20,8,0,SPNG
0.039,2015,6,20,8,0,SPNG
0.061,2015,6,23,9,0,SPNG
0.061,2015,6,23,9,0,SPNG
0.061,2015,6,23,9,0,SPNG
0.061,2015,6,23,9,0,SPNG
0.058,2015,6,24,12,0,SPNG
0.058,2015,6,24,12,0,SPNG
0.058,2015,6,24,12,0,SPNG
0.058,2015,6,24,12,0,SPNG
0.056,2015,6,25,11,0,SPNG
0.056,2015,6,25,11,0,SPNG
0.056,2015,6,25,11,0,SPNG
0.056,2015,6,25,11,0,SPNG
0.053,2015,6,26,8,0,SPNG
0.053,2015,6,26,8,0,SPNG
0.053,2015,6,26,8,0,SPNG
0.053,2015,6,26,8,0,SPNG
0.036,2015,6,27,9,0,SPNG
0.036,2015,6,27,9,0,SPNG
0.036,2015,6,27,9,0,SPNG
0.036,2015,6,27,9,0,SPNG
0.051,2015,6,28,10,0,SPNG
0.051,2015,6,28,10,0,SPNG
0.051,2015,6,28,10,0,SPNG
0.051,2015,6,28,10,0,SPNG
0.057,2015,6,29,10,0,SPNG
0.057,2015,6,29,10,0,SPNG
0.057,2015,6,29,10,0,SPNG
0.057,2015,6,29,10,0,SPNG
0.059,2015,6,30,9,0,SPNG
0.059,2015,6,30,9,0,SPNG
0.059,2015,6,30,9,0,SPNG
0.059,2015,6,30,9,0,SPNG
0.055,2015,7,1,11,0,SPNG
0.055,2015,7,1,11,0,SPNG
0.055,2015,7,1,11,0,SPNG
0.055,2015,7,1,11,0,SPNG
0.05,2015,7,2,10,0,SPNG
0.05,2015,7,2,10,0,SPNG
0.05,2015,7,2,10,0,SPNG
0.05,2015,7,2,10,0,SPNG
0.03,2015,7,3,9,0,SPNG
0.03,2015,7,3,9,0,SPNG
0.03,2015,7,3,9,0,SPNG
0.03,2015,7,3,9,0,SPNG
0.032,2015,7,4,11,0,SPNG
0.032,2015,7,4,11,0,SPNG
0.032,2015,7,4,11,0,SPNG
0.032,2015,7,4,11,0,SPNG
0.034,2015,7,5,8,0,SPNG
0.034,2015,7,5,8,0,SPNG
0.034,2015,7,5,8,0,SPNG
0.034,2015,7,5,8,0,SPNG
0.045,2015,7,6,11,0,SPNG
0.045,2015,7,6,11,0,SPNG
0.045,2015,7,6,11,0,SPNG
0.045,2015,7,6,11,0,SPNG
0.05,2015,7,7,9,0,SPNG
0.05,2015,7,7,9,0,SPNG
0.05,2015,7,7,9,0,SPNG
0.05,2015,7,7,9,0,SPNG
0.037,2015,7,8,9,0,SPNG
0.037,2015,7,8,9,0,SPNG
0.037,2015,7,8,9,0,SPNG
0.037,2015,7,8,9,0,SPNG
0.046,2015,7,9,11,0,SPNG
0.046,2015,7,9,11,0,SPNG
0.046,2015,7,9,11,0,SPNG
0.046,2015,7,9,11,0,SPNG
0.049,2015,7,10,11,0,SPNG
0.049,2015,7,10,11,0,SPNG
0.049,2015,7,10,11,0,SPNG
0.049,2015,7,10,11,0,SPNG
0.042,2015,7,11,8,0,SPNG
0.042,2015,7,11,8,0,SPNG
0.042,2015,7,11,8,0,SPNG
0.042,2015,7,11,8,0,SPNG
0.05,2015,7,12,11,0,SPNG
0.05,2015,7,12,11,0,SPNG
0.05,2015,7,12,11,0,SPNG
0.05,2015,7,12,11,0,SPNG
0.044,2015,7,13,10,0,SPNG
0.044,2015,7,13,10,0,SPNG
0.044,2015,7,13,10,0,SPNG
0.044,2015,7,13,10,0,SPNG
0.052,2015,7,14,13,0,SPNG
0.052,2015,7,14,13,0,SPNG
0.052,2015,7,14,13,0,SPNG
0.052,2015,7,14,13,0,SPNG
0.048,2015,7,15,8,0,SPNG
0.048,2015,7,15,8,0,SPNG
0.048,2015,7,15,8,0,SPNG
0.048,2015,7,15,8,0,SPNG
0.046,2015,7,16,9,0,SPNG
0.046,2015,7,16,9,0,SPNG
0.046,2015,7,16,9,0,SPNG
0.046,2015,7,16,9,0,SPNG
0.049,2015,7,17,10,0,SPNG
0.049,2015,7,17,10,0,SPNG
0.049,2015,7,17,10,0,SPNG
0.049,2015,7,17,10,0,SPNG
0.045,2015,7,18,8,0,SPNG
0.045,2015,7,18,8,0,SPNG
0.045,2015,7,18,8,0,SPNG
0.045,2015,7,18,8,0,SPNG
0.045,2015,7,19,9,0,SPNG
0.045,2015,7,19,9,0,SPNG
0.045,2015,7,19,9,0,SPNG
0.045,2015,7,19,9,0,SPNG
0.057,2015,7,20,11,0,SPNG
0.057,2015,7,20,11,0,SPNG
0.057,2015,7,20,11,0,SPNG
0.057,2015,7,20,11,0,SPNG
0.05,2015,7,21,10,0,SPNG
0.05,2015,7,21,10,0,SPNG
0.05,2015,7,21,10,0,SPNG
0.05,2015,7,21,10,0,SPNG
0.052,2015,7,22,11,0,SPNG
0.052,2015,7,22,11,0,SPNG
0.052,2015,7,22,11,0,SPNG
0.052,2015,7,22,11,0,SPNG
0.038,2015,7,23,8,0,SPNG
0.038,2015,7,23,8,0,SPNG
0.038,2015,7,23,8,0,SPNG
0.038,2015,7,23,8,0,SPNG
0.055,2015,7,24,10,0,SPNG
0.055,2015,7,24,10,0,SPNG
0.055,2015,7,24,10,0,SPNG
0.055,2015,7,24,10,0,SPNG
0.058,2015,7,25,10,0,SPNG
0.058,2015,7,25,10,0,SPNG
0.058,2015,7,25,10,0,SPNG
0.058,2015,7,25,10,0,SPNG
0.058,2015,7,26,9,0,SPNG
0.058,2015,7,26,9,0,SPNG
0.058,2015,7,26,9,0,SPNG
0.058,2015,7,26,9,0,SPNG
0.044,2015,7,27,10,0,SPNG
0.044,2015,7,27,10,0,SPNG
0.044,2015,7,27,10,0,SPNG
0.044,2015,7,27,10,0,SPNG
0.045,2015,7,28,9,0,SPNG
0.045,2015,7,28,9,0,SPNG
0.045,2015,7,28,9,0,SPNG
0.045,2015,7,28,9,0,SPNG
0.045,2015,7,29,11,0,SPNG
0.045,2015,7,29,11,0,SPNG
0.045,2015,7,29,11,0,SPNG
0.045,2015,7,29,11,0,SPNG
0.056,2015,7,30,10,0,SPNG
0.056,2015,7,30,10,0,SPNG
0.056,2015,7,30,10,0,SPNG
0.056,2015,7,30,10,0,SPNG
0.059,2015,7,31,11,0,SPNG
0.059,2015,7,31,11,0,SPNG
0.059,2015,7,31,11,0,SPNG
0.059,2015,7,31,11,0,SPNG
0.06,2015,8,1,10,0,SPNG
0.06,2015,8,1,10,0,SPNG
0.06,2015,8,1,10,0,SPNG
0.06,2015,8,1,10,0,SPNG
0.054,2015,8,2,10,0,SPNG
0.054,2015,8,2,10,0,SPNG
0.054,2015,8,2,10,0,SPNG
0.054,2015,8,2,10,0,SPNG
0.057,2015,8,3,10,0,SPNG
0.057,2015,8,3,10,0,SPNG
0.057,2015,8,3,10,0,SPNG
0.057,2015,8,3,10,0,SPNG
0.044,2015,8,4,11,0,SPNG
0.044,2015,8,4,11,0,SPNG
0.044,2015,8,4,11,0,SPNG
0.044,2015,8,4,11,0,SPNG
0.065,2015,8,5,10,0,SPNG
0.065,2015,8,5,10,0,SPNG
0.065,2015,8,5,10,0,SPNG
0.065,2015,8,5,10,0,SPNG
0.057,2015,8,6,9,0,SPNG
0.057,2015,8,6,9,0,SPNG
0.057,2015,8,6,9,0,SPNG
0.057,2015,8,6,9,0,SPNG
0.029,2015,8,7,19,0,SPNG
0.029,2015,8,7,19,0,SPNG
0.029,2015,8,7,19,0,SPNG
0.029,2015,8,7,19,0,SPNG
0.046,2015,8,8,12,0,SPNG
0.046,2015,8,8,12,0,SPNG
0.046,2015,8,8,12,0,SPNG
0.046,2015,8,8,12,0,SPNG
0.056,2015,8,9,11,0,SPNG
0.056,2015,8,9,11,0,SPNG
0.056,2015,8,9,11,0,SPNG
0.056,2015,8,9,11,0,SPNG
0.039,2015,8,10,11,0,SPNG
0.039,2015,8,10,11,0,SPNG
0.039,2015,8,10,11,0,SPNG
0.039,2015,8,10,11,0,SPNG
0.036,2015,8,11,12,0,SPNG
0.036,2015,8,11,12,0,SPNG
0.036,2015,8,11,12,0,SPNG
0.036,2015,8,11,12,0,SPNG
0.047,2015,8,12,11,0,SPNG
0.047,2015,8,12,11,0,SPNG
0.047,2015,8,12,11,0,SPNG
0.047,2015,8,12,11,0,SPNG
0.056,2015,8,13,9,0,SPNG
0.056,2015,8,13,9,0,SPNG
0.056,2015,8,13,9,0,SPNG
0.056,2015,8,13,9,0,SPNG
0.052,2015,8,14,9,0,SPNG
0.052,2015,8,14,9,0,SPNG
0.052,2015,8,14,9,0,SPNG
0.052,2015,8,14,9,0,SPNG
0.055,2015,8,15,9,0,SPNG
0.055,2015,8,15,9,0,SPNG
0.055,2015,8,15,9,0,SPNG
0.055,2015,8,15,9,0,SPNG
0.056,2015,8,16,10,0,SPNG
0.056,2015,8,16,10,0,SPNG
0.056,2015,8,16,10,0,SPNG
0.056,2015,8,16,10,0,SPNG
0.071,2015,8,17,10,0,SPNG
0.071,2015,8,17,10,0,SPNG
0.071,2015,8,17,10,0,SPNG
0.071,2015,8,17,10,0,SPNG
0.037,2015,8,18,8,0,SPNG
0.037,2015,8,18,8,0,SPNG
0.037,2015,8,18,8,0,SPNG
0.037,2015,8,18,8,0,SPNG
0.034,2015,8,19,13,0,SPNG
0.034,2015,8,19,13,0,SPNG
0.034,2015,8,19,13,0,SPNG
0.034,2015,8,19,13,0,SPNG
0.037,2015,8,20,11,0,SPNG
0.037,2015,8,20,11,0,SPNG
0.037,2015,8,20,11,0,SPNG
0.037,2015,8,20,11,0,SPNG
0.048,2015,8,21,11,0,SPNG
0.048,2015,8,21,11,0,SPNG
0.048,2015,8,21,11,0,SPNG
0.048,2015,8,21,11,0,SPNG
0.056,2015,8,22,9,0,SPNG
0.056,2015,8,22,9,0,SPNG
0.056,2015,8,22,9,0,SPNG
0.056,2015,8,22,9,0,SPNG
0.062,2015,8,23,11,0,SPNG
0.062,2015,8,23,11,0,SPNG
0.062,2015,8,23,11,0,SPNG
0.062,2015,8,23,11,0,SPNG
0.046,2015,8,24,8,0,SPNG
0.046,2015,8,24,8,0,SPNG
0.046,2015,8,24,8,0,SPNG
0.046,2015,8,24,8,0,SPNG
0.053,2015,8,25,10,0,SPNG
0.053,2015,8,25,10,0,SPNG
0.053,2015,8,25,10,0,SPNG
0.053,2015,8,25,10,0,SPNG
0.054,2015,8,26,12,0,SPNG
0.054,2015,8,26,12,0,SPNG
0.054,2015,8,26,12,0,SPNG
0.054,2015,8,26,12,0,SPNG
0.054,2015,8,27,10,0,SPNG
0.054,2015,8,27,10,0,SPNG
0.054,2015,8,27,10,0,SPNG
0.054,2015,8,27,10,0,SPNG
0.054,2015,8,28,9,0,SPNG
0.054,2015,8,28,9,0,SPNG
0.054,2015,8,28,9,0,SPNG
0.054,2015,8,28,9,0,SPNG
0.053,2015,8,29,10,0,SPNG
0.053,2015,8,29,10,0,SPNG
0.053,2015,8,29,10,0,SPNG
0.053,2015,8,29,10,0,SPNG
0.059,2015,8,30,9,0,SPNG
0.059,2015,8,30,9,0,SPNG
0.059,2015,8,30,9,0,SPNG
0.059,2015,8,30,9,0,SPNG
0.028,2015,8,31,0,0,SPNG
0.028,2015,8,31,0,0,SPNG
0.028,2015,8,31,0,0,SPNG
0.028,2015,8,31,0,0,SPNG
0.051,2015,9,1,10,0,SPNG
0.051,2015,9,1,10,0,SPNG
0.051,2015,9,1,10,0,SPNG
0.051,2015,9,1,10,0,SPNG
0.068,2015,9,2,9,0,SPNG
0.068,2015,9,2,9,0,SPNG
0.068,2015,9,2,9,0,SPNG
0.068,2015,9,2,9,0,SPNG
0.06,2015,9,3,10,0,SPNG
0.06,2015,9,3,10,0,SPNG
0.06,2015,9,3,10,0,SPNG
0.06,2015,9,3,10,0,SPNG
0.057,2015,9,4,9,0,SPNG
0.057,2015,9,4,9,0,SPNG
0.057,2015,9,4,9,0,SPNG
0.057,2015,9,4,9,0,SPNG
0.038,2015,9,5,7,0,SPNG
0.038,2015,9,5,7,0,SPNG
0.038,2015,9,5,7,0,SPNG
0.038,2015,9,5,7,0,SPNG
0.026,2015,9,6,10,0,SPNG
0.026,2015,9,6,10,0,SPNG
0.026,2015,9,6,10,0,SPNG
0.026,2015,9,6,10,0,SPNG
0.032,2015,9,7,9,0,SPNG
0.032,2015,9,7,9,0,SPNG
0.032,2015,9,7,9,0,SPNG
0.032,2015,9,7,9,0,SPNG
0.028,2015,9,8,9,0,SPNG
0.028,2015,9,8,9,0,SPNG
0.028,2015,9,8,9,0,SPNG
0.028,2015,9,8,9,0,SPNG
0.034,2015,9,9,10,0,SPNG
0.034,2015,9,9,10,0,SPNG
0.034,2015,9,9,10,0,SPNG
0.034,2015,9,9,10,0,SPNG
0.039,2015,9,10,10,0,SPNG
0.039,2015,9,10,10,0,SPNG
0.039,2015,9,10,10,0,SPNG
0.039,2015,9,10,10,0,SPNG
0.039,2015,9,11,9,0,SPNG
0.039,2015,9,11,9,0,SPNG
0.039,2015,9,11,9,0,SPNG
0.039,2015,9,11,9,0,SPNG
0.029,2015,9,12,13,0,SPNG
0.029,2015,9,12,13,0,SPNG
0.029,2015,9,12,13,0,SPNG
0.029,2015,9,12,13,0,SPNG
0.038,2015,9,13,10,0,SPNG
0.038,2015,9,13,10,0,SPNG
0.038,2015,9,13,10,0,SPNG
0.038,2015,9,13,10,0,SPNG
0.049,2015,9,14,10,0,SPNG
0.049,2015,9,14,10,0,SPNG
0.049,2015,9,14,10,0,SPNG
0.049,2015,9,14,10,0,SPNG
0.057,2015,9,15,10,0,SPNG
0.057,2015,9,15,10,0,SPNG
0.057,2015,9,15,10,0,SPNG
0.057,2015,9,15,10,0,SPNG
0.055,2015,9,16,9,0,SPNG
0.055,2015,9,16,9,0,SPNG
0.055,2015,9,16,9,0,SPNG
0.055,2015,9,16,9,0,SPNG
0.05,2015,9,17,9,0,SPNG
0.05,2015,9,17,9,0,SPNG
0.05,2015,9,17,9,0,SPNG
0.05,2015,9,17,9,0,SPNG
0.046,2015,9,18,10,0,SPNG
0.046,2015,9,18,10,0,SPNG
0.046,2015,9,18,10,0,SPNG
0.046,2015,9,18,10,0,SPNG
0.036,2015,9,19,10,0,SPNG
0.036,2015,9,19,10,0,SPNG
0.036,2015,9,19,10,0,SPNG
0.036,2015,9,19,10,0,SPNG
0.042,2015,9,20,8,0,SPNG
0.042,2015,9,20,8,0,SPNG
0.042,2015,9,20,8,0,SPNG
0.042,2015,9,20,8,0,SPNG
0.038,2015,9,21,8,0,SPNG
0.038,2015,9,21,8,0,SPNG
0.038,2015,9,21,8,0,SPNG
0.038,2015,9,21,8,0,SPNG
0.035,2015,9,22,12,0,SPNG
0.035,2015,9,22,12,0,SPNG
0.035,2015,9,22,12,0,SPNG
0.035,2015,9,22,12,0,SPNG
0.037,2015,9,23,10,0,SPNG
0.037,2015,9,23,10,0,SPNG
0.037,2015,9,23,10,0,SPNG
0.037,2015,9,23,10,0,SPNG
0.04,2015,9,24,11,0,SPNG
0.04,2015,9,24,11,0,SPNG
0.04,2015,9,24,11,0,SPNG
0.04,2015,9,24,11,0,SPNG
0.033,2015,9,25,14,0,SPNG
0.033,2015,9,25,14,0,SPNG
0.033,2015,9,25,14,0,SPNG
0.033,2015,9,25,14,0,SPNG
0.034,2015,9,26,5,0,SPNG
0.034,2015,9,26,5,0,SPNG
0.034,2015,9,26,5,0,SPNG
0.034,2015,9,26,5,0,SPNG
0.028,2015,9,27,9,0,SPNG
0.028,2015,9,27,9,0,SPNG
0.028,2015,9,27,9,0,SPNG
0.028,2015,9,27,9,0,SPNG
0.026,2015,9,28,7,0,SPNG
0.026,2015,9,28,7,0,SPNG
0.026,2015,9,28,7,0,SPNG
0.026,2015,9,28,7,0,SPNG
0.019,2015,9,29,0,0,SPNG
0.019,2015,9,29,0,0,SPNG
0.019,2015,9,29,0,0,SPNG
0.019,2015,9,29,0,0,SPNG
0.028,2015,9,30,11,0,SPNG
0.028,2015,9,30,11,0,SPNG
0.028,2015,9,30,11,0,SPNG
0.028,2015,9,30,11,0,SPNG
0.019,2015,10,1,0,0,SPNG
0.019,2015,10,1,0,0,SPNG
0.019,2015,10,1,0,0,SPNG
0.019,2015,10,1,0,0,SPNG
0.016,2015,10,2,2,0,SPNG
0.016,2015,10,2,2,0,SPNG
0.016,2015,10,2,2,0,SPNG
0.016,2015,10,2,2,0,SPNG
0.02,2015,10,3,22,0,SPNG
0.02,2015,10,3,22,0,SPNG
0.02,2015,10,3,22,0,SPNG
0.02,2015,10,3,22,0,SPNG
0.022,2015,10,4,22,0,SPNG
0.022,2015,10,4,22,0,SPNG
0.022,2015,10,4,22,0,SPNG
0.022,2015,10,4,22,0,SPNG
0.025,2015,10,5,19,0,SPNG
0.025,2015,10,5,19,0,SPNG
0.025,2015,10,5,19,0,SPNG
0.025,2015,10,5,19,0,SPNG
0.039,2015,10,6,10,0,SPNG
0.039,2015,10,6,10,0,SPNG
0.039,2015,10,6,10,0,SPNG
0.039,2015,10,6,10,0,SPNG
0.041,2015,10,7,10,0,SPNG
0.041,2015,10,7,10,0,SPNG
0.041,2015,10,7,10,0,SPNG
0.041,2015,10,7,10,0,SPNG
0.044,2015,10,8,9,0,SPNG
0.044,2015,10,8,9,0,SPNG
0.044,2015,10,8,9,0,SPNG
0.044,2015,10,8,9,0,SPNG
0.042,2015,10,9,9,0,SPNG
0.042,2015,10,9,9,0,SPNG
0.042,2015,10,9,9,0,SPNG
0.042,2015,10,9,9,0,SPNG
0.024,2015,10,10,3,0,SPNG
0.024,2015,10,10,3,0,SPNG
0.024,2015,10,10,3,0,SPNG
0.024,2015,10,10,3,0,SPNG
0.034,2015,10,11,9,0,SPNG
0.034,2015,10,11,9,0,SPNG
0.034,2015,10,11,9,0,SPNG
0.034,2015,10,11,9,0,SPNG
0.041,2015,10,12,10,0,SPNG
0.041,2015,10,12,10,0,SPNG
0.041,2015,10,12,10,0,SPNG
0.041,2015,10,12,10,0,SPNG
0.037,2015,10,13,10,0,SPNG
0.037,2015,10,13,10,0,SPNG
0.037,2015,10,13,10,0,SPNG
0.037,2015,10,13,10,0,SPNG
0.041,2015,10,14,10,0,SPNG
0.041,2015,10,14,10,0,SPNG
0.041,2015,10,14,10,0,SPNG
0.041,2015,10,14,10,0,SPNG
0.041,2015,10,15,9,0,SPNG
0.041,2015,10,15,9,0,SPNG
0.041,2015,10,15,9,0,SPNG
0.041,2015,10,15,9,0,SPNG
0.02,2015,10,16,9,0,SPNG
0.02,2015,10,16,9,0,SPNG
0.02,2015,10,16,9,0,SPNG
0.02,2015,10,16,9,0,SPNG
0.043,2015,10,17,10,0,SPNG
0.043,2015,10,17,10,0,SPNG
0.043,2015,10,17,10,0,SPNG
0.043,2015,10,17,10,0,SPNG
0.037,2015,10,18,9,0,SPNG
0.037,2015,10,18,9,0,SPNG
0.037,2015,10,18,9,0,SPNG
0.037,2015,10,18,9,0,SPNG
0.037,2015,10,19,9,0,SPNG
0.037,2015,10,19,9,0,SPNG
0.037,2015,10,19,9,0,SPNG
0.037,2015,10,19,9,0,SPNG
0.042,2015,10,20,9,0,SPNG
0.042,2015,10,20,9,0,SPNG
0.042,2015,10,20,9,0,SPNG
0.042,2015,10,20,9,0,SPNG
0.04,2015,10,21,9,0,SPNG
0.04,2015,10,21,9,0,SPNG
0.04,2015,10,21,9,0,SPNG
0.04,2015,10,21,9,0,SPNG
0.046,2015,10,22,9,0,SPNG
0.046,2015,10,22,9,0,SPNG
0.046,2015,10,22,9,0,SPNG
0.046,2015,10,22,9,0,SPNG
0.051,2015,10,23,10,0,SPNG
0.051,2015,10,23,10,0,SPNG
0.051,2015,10,23,10,0,SPNG
0.051,2015,10,23,10,0,SPNG
0.042,2015,10,24,9,0,SPNG
0.042,2015,10,24,9,0,SPNG
0.042,2015,10,24,9,0,SPNG
0.042,2015,10,24,9,0,SPNG
0.038,2015,10,25,10,0,SPNG
0.038,2015,10,25,10,0,SPNG
0.038,2015,10,25,10,0,SPNG
0.038,2015,10,25,10,0,SPNG
0.025,2015,10,26,9,0,SPNG
0.025,2015,10,26,9,0,SPNG
0.025,2015,10,26,9,0,SPNG
0.025,2015,10,26,9,0,SPNG
0.026,2015,10,27,20,0,SPNG
0.026,2015,10,27,20,0,SPNG
0.026,2015,10,27,20,0,SPNG
0.026,2015,10,27,20,0,SPNG
0.024,2015,10,28,0,0,SPNG
0.024,2015,10,28,0,0,SPNG
0.024,2015,10,28,0,0,SPNG
0.024,2015,10,28,0,0,SPNG
0.029,2015,10,29,11,0,SPNG
0.029,2015,10,29,11,0,SPNG
0.029,2015,10,29,11,0,SPNG
0.029,2015,10,29,11,0,SPNG
0.038,2015,10,30,9,0,SPNG
0.038,2015,10,30,9,0,SPNG
0.038,2015,10,30,9,0,SPNG
0.038,2015,10,30,9,0,SPNG
0.029,2015,10,31,9,0,SPNG
0.029,2015,10,31,9,0,SPNG
0.029,2015,10,31,9,0,SPNG
0.029,2015,10,31,9,0,SPNG
0.016,2015,11,1,0,0,SPNG
0.016,2015,11,1,0,0,SPNG
0.016,2015,11,1,0,0,SPNG
0.016,2015,11,1,0,0,SPNG
0.02,2015,11,2,9,0,SPNG
0.02,2015,11,2,9,0,SPNG
0.02,2015,11,2,9,0,SPNG
0.02,2015,11,2,9,0,SPNG
0.023,2015,11,3,12,0,SPNG
0.023,2015,11,3,12,0,SPNG
0.023,2015,11,3,12,0,SPNG
0.023,2015,11,3,12,0,SPNG
0.03,2015,11,4,5,0,SPNG
0.03,2015,11,4,5,0,SPNG
0.03,2015,11,4,5,0,SPNG
0.03,2015,11,4,5,0,SPNG
0.017,2015,11,5,9,0,SPNG
0.017,2015,11,5,9,0,SPNG
0.017,2015,11,5,9,0,SPNG
0.017,2015,11,5,9,0,SPNG
0.015,2015,11,6,9,0,SPNG
0.015,2015,11,6,9,0,SPNG
0.015,2015,11,6,9,0,SPNG
0.015,2015,11,6,9,0,SPNG
0.025,2015,11,7,18,0,SPNG
0.025,2015,11,7,18,0,SPNG
0.025,2015,11,7,18,0,SPNG
0.025,2015,11,7,18,0,SPNG
0.032,2015,11,8,8,0,SPNG
0.032,2015,11,8,8,0,SPNG
0.032,2015,11,8,8,0,SPNG
0.032,2015,11,8,8,0,SPNG
0.027,2015,11,9,0,0,SPNG
0.027,2015,11,9,0,0,SPNG
0.027,2015,11,9,0,0,SPNG
0.027,2015,11,9,0,0,SPNG
0.029,2015,11,10,21,0,SPNG
0.029,2015,11,10,21,0,SPNG
0.029,2015,11,10,21,0,SPNG
0.029,2015,11,10,21,0,SPNG
0.037,2015,11,11,9,0,SPNG
0.037,2015,11,11,9,0,SPNG
0.037,2015,11,11,9,0,SPNG
0.037,2015,11,11,9,0,SPNG
0.034,2015,11,12,22,0,SPNG
0.034,2015,11,12,22,0,SPNG
0.034,2015,11,12,22,0,SPNG
0.034,2015,11,12,22,0,SPNG
0.038,2015,11,13,9,0,SPNG
0.038,2015,11,13,9,0,SPNG
0.038,2015,11,13,9,0,SPNG
0.038,2015,11,13,9,0,SPNG
0.037,2015,11,14,9,0,SPNG
0.037,2015,11,14,9,0,SPNG
0.037,2015,11,14,9,0,SPNG
0.037,2015,11,14,9,0,SPNG
0.031,2015,11,15,9,0,SPNG
0.031,2015,11,15,9,0,SPNG
0.031,2015,11,15,9,0,SPNG
0.031,2015,11,15,9,0,SPNG
0.026,2015,11,16,9,0,SPNG
0.026,2015,11,16,9,0,SPNG
0.026,2015,11,16,9,0,SPNG
0.026,2015,11,16,9,0,SPNG
0.041,2015,11,17,10,0,SPNG
0.041,2015,11,17,10,0,SPNG
0.041,2015,11,17,10,0,SPNG
0.041,2015,11,17,10,0,SPNG
0.036,2015,11,18,10,0,SPNG
0.036,2015,11,18,10,0,SPNG
0.036,2015,11,18,10,0,SPNG
0.036,2015,11,18,10,0,SPNG
0.027,2015,11,19,7,0,SPNG
0.027,2015,11,19,7,0,SPNG
0.027,2015,11,19,7,0,SPNG
0.027,2015,11,19,7,0,SPNG
0.036,2015,11,20,9,0,SPNG
0.036,2015,11,20,9,0,SPNG
0.036,2015,11,20,9,0,SPNG
0.036,2015,11,20,9,0,SPNG
0.034,2015,11,21,9,0,SPNG
0.034,2015,11,21,9,0,SPNG
0.034,2015,11,21,9,0,SPNG
0.034,2015,11,21,9,0,SPNG
0.028,2015,11,22,21,0,SPNG
0.028,2015,11,22,21,0,SPNG
0.028,2015,11,22,21,0,SPNG
0.028,2015,11,22,21,0,SPNG
0.036,2015,11,23,9,0,SPNG
0.036,2015,11,23,9,0,SPNG
0.036,2015,11,23,9,0,SPNG
0.036,2015,11,23,9,0,SPNG
0.035,2015,11,24,9,0,SPNG
0.035,2015,11,24,9,0,SPNG
0.035,2015,11,24,9,0,SPNG
0.035,2015,11,24,9,0,SPNG
0.039,2015,11,25,10,0,SPNG
0.039,2015,11,25,10,0,SPNG
0.039,2015,11,25,10,0,SPNG
0.039,2015,11,25,10,0,SPNG
0.038,2015,11,26,10,0,SPNG
0.038,2015,11,26,10,0,SPNG
0.038,2015,11,26,10,0,SPNG
0.038,2015,11,26,10,0,SPNG
0.034,2015,11,27,9,0,SPNG
0.034,2015,11,27,9,0,SPNG
0.034,2015,11,27,9,0,SPNG
0.034,2015,11,27,9,0,SPNG
0.031,2015,11,28,9,0,SPNG
0.031,2015,11,28,9,0,SPNG
0.031,2015,11,28,9,0,SPNG
0.031,2015,11,28,9,0,SPNG
0.035,2015,11,29,10,0,SPNG
0.035,2015,11,29,10,0,SPNG
0.035,2015,11,29,10,0,SPNG
0.035,2015,11,29,10,0,SPNG
0.011,2015,11,30,7,0,SPNG
0.011,2015,11,30,7,0,SPNG
0.011,2015,11,30,7,0,SPNG
0.011,2015,11,30,7,0,SPNG
0.006,2015,12,1,0,0,SPNG
0.006,2015,12,1,0,0,SPNG
0.006,2015,12,1,0,0,SPNG
0.006,2015,12,1,0,0,SPNG
0.024,2015,12,2,18,0,SPNG
0.024,2015,12,2,18,0,SPNG
0.024,2015,12,2,18,0,SPNG
0.024,2015,12,2,18,0,SPNG
0.026,2015,12,3,5,0,SPNG
0.026,2015,12,3,5,0,SPNG
0.026,2015,12,3,5,0,SPNG
0.026,2015,12,3,5,0,SPNG
0.03,2015,12,4,9,0,SPNG
0.03,2015,12,4,9,0,SPNG
0.03,2015,12,4,9,0,SPNG
0.03,2015,12,4,9,0,SPNG
0.028,2015,12,5,10,0,SPNG
0.028,2015,12,5,10,0,SPNG
0.028,2015,12,5,10,0,SPNG
0.028,2015,12,5,10,0,SPNG
0.031,2015,12,6,9,0,SPNG
0.031,2015,12,6,9,0,SPNG
0.031,2015,12,6,9,0,SPNG
0.031,2015,12,6,9,0,SPNG
0.008,2015,12,7,9,0,SPNG
0.008,2015,12,7,9,0,SPNG
0.008,2015,12,7,9,0,SPNG
0.008,2015,12,7,9,0,SPNG
0.016,2015,12,8,9,0,SPNG
0.016,2015,12,8,9,0,SPNG
0.016,2015,12,8,9,0,SPNG
0.016,2015,12,8,9,0,SPNG
0.03,2015,12,9,10,0,SPNG
0.03,2015,12,9,10,0,SPNG
0.03,2015,12,9,10,0,SPNG
0.03,2015,12,9,10,0,SPNG
0.034,2015,12,10,10,0,SPNG
0.034,2015,12,10,10,0,SPNG
0.034,2015,12,10,10,0,SPNG
0.034,2015,12,10,10,0,SPNG
0.034,2015,12,11,9,0,SPNG
0.034,2015,12,11,9,0,SPNG
0.034,2015,12,11,9,0,SPNG
0.034,2015,12,11,9,0,SPNG
0.026,2015,12,12,9,0,SPNG
0.026,2015,12,12,9,0,SPNG
0.026,2015,12,12,9,0,SPNG
0.026,2015,12,12,9,0,SPNG
0.027,2015,12,13,10,0,SPNG
0.027,2015,12,13,10,0,SPNG
0.027,2015,12,13,10,0,SPNG
0.027,2015,12,13,10,0,SPNG
0.027,2015,12,14,21,0,SPNG
0.027,2015,12,14,21,0,SPNG
0.027,2015,12,14,21,0,SPNG
0.027,2015,12,14,21,0,SPNG
0.031,2015,12,15,9,0,SPNG
0.031,2015,12,15,9,0,SPNG
0.031,2015,12,15,9,0,SPNG
0.031,2015,12,15,9,0,SPNG
0.017,2015,12,16,9,0,SPNG
0.017,2015,12,16,9,0,SPNG
0.017,2015,12,16,9,0,SPNG
0.017,2015,12,16,9,0,SPNG
0.007,2015,12,17,0,0,SPNG
0.007,2015,12,17,0,0,SPNG
0.007,2015,12,17,0,0,SPNG
0.007,2015,12,17,0,0,SPNG
0.029,2015,12,18,20,0,SPNG
0.029,2015,12,18,20,0,SPNG
0.029,2015,12,18,20,0,SPNG
0.029,2015,12,18,20,0,SPNG
0.033,2015,12,19,9,0,SPNG
0.033,2015,12,19,9,0,SPNG
0.033,2015,12,19,9,0,SPNG
0.033,2015,12,19,9,0,SPNG
0.032,2015,12,20,9,0,SPNG
0.032,2015,12,20,9,0,SPNG
0.032,2015,12,20,9,0,SPNG
0.032,2015,12,20,9,0,SPNG
0.006,2015,12,21,8,0,SPNG
0.006,2015,12,21,8,0,SPNG
0.006,2015,12,21,8,0,SPNG
0.006,2015,12,21,8,0,SPNG
0.019,2015,12,22,10,0,SPNG
0.019,2015,12,22,10,0,SPNG
0.019,2015,12,22,10,0,SPNG
0.019,2015,12,22,10,0,SPNG
0.024,2015,12,23,21,0,SPNG
0.024,2015,12,23,21,0,SPNG
0.024,2015,12,23,21,0,SPNG
0.024,2015,12,23,21,0,SPNG
0.022,2015,12,24,0,0,SPNG
0.022,2015,12,24,0,0,SPNG
0.022,2015,12,24,0,0,SPNG
0.022,2015,12,24,0,0,SPNG
0.018,2015,12,25,9,0,SPNG
0.018,2015,12,25,9,0,SPNG
0.018,2015,12,25,9,0,SPNG
0.018,2015,12,25,9,0,SPNG
0.013,2015,12,26,10,0,SPNG
0.013,2015,12,26,10,0,SPNG
0.013,2015,12,26,10,0,SPNG
0.013,2015,12,26,10,0,SPNG
0.026,2015,12,27,9,0,SPNG
0.026,2015,12,27,9,0,SPNG
0.026,2015,12,27,9,0,SPNG
0.026,2015,12,27,9,0,SPNG
0.021,2015,12,28,18,0,SPNG
0.021,2015,12,28,18,0,SPNG
0.021,2015,12,28,18,0,SPNG
0.021,2015,12,28,18,0,SPNG
0.022,2015,12,29,10,0,SPNG
0.022,2015,12,29,10,0,SPNG
0.022,2015,12,29,10,0,SPNG
0.022,2015,12,29,10,0,SPNG
0.024,2015,12,30,20,0,SPNG
0.024,2015,12,30,20,0,SPNG
0.024,2015,12,30,20,0,SPNG
0.024,2015,12,30,20,0,SPNG
0.02,2015,12,31,0,0,SPNG
0.02,2015,12,31,0,0,SPNG
0.02,2015,12,31,0,0,SPNG
0.02,2015,12,31,0,0,SPNG
0.027,2016,1,1,9,0,SPNG
0.027,2016,1,1,9,0,SPNG
0.027,2016,1,1,9,0,SPNG
0.027,2016,1,1,9,0,SPNG
0.033,2016,1,2,8,0,SPNG
0.033,2016,1,2,8,0,SPNG
0.033,2016,1,2,8,0,SPNG
0.033,2016,1,2,8,0,SPNG
0.028,2016,1,3,9,0,SPNG
0.028,2016,1,3,9,0,SPNG
0.028,2016,1,3,9,0,SPNG
0.028,2016,1,3,9,0,SPNG
0.03,2016,1,4,19,0,SPNG
0.03,2016,1,4,19,0,SPNG
0.03,2016,1,4,19,0,SPNG
0.03,2016,1,4,19,0,SPNG
0.033,2016,1,5,9,0,SPNG
0.033,2016,1,5,9,0,SPNG
0.033,2016,1,5,9,0,SPNG
0.033,2016,1,5,9,0,SPNG
0.031,2016,1,6,10,0,SPNG
0.031,2016,1,6,10,0,SPNG
0.031,2016,1,6,10,0,SPNG
0.031,2016,1,6,10,0,SPNG
0.023,2016,1,7,0,0,SPNG
0.023,2016,1,7,0,0,SPNG
0.023,2016,1,7,0,0,SPNG
0.023,2016,1,7,0,0,SPNG
0.013,2016,1,8,12,0,SPNG
0.013,2016,1,8,12,0,SPNG
0.013,2016,1,8,12,0,SPNG
0.013,2016,1,8,12,0,SPNG
0.03,2016,1,9,21,0,SPNG
0.03,2016,1,9,21,0,SPNG
0.03,2016,1,9,21,0,SPNG
0.03,2016,1,9,21,0,SPNG
0.032,2016,1,10,8,0,SPNG
0.032,2016,1,10,8,0,SPNG
0.032,2016,1,10,8,0,SPNG
0.032,2016,1,10,8,0,SPNG
0.032,2016,1,11,9,0,SPNG
0.032,2016,1,11,9,0,SPNG
0.032,2016,1,11,9,0,SPNG
0.032,2016,1,11,9,0,SPNG
0.035,2016,1,12,12,0,SPNG
0.035,2016,1,12,12,0,SPNG
0.035,2016,1,12,12,0,SPNG
0.035,2016,1,12,12,0,SPNG
0.037,2016,1,13,8,0,SPNG
0.037,2016,1,13,8,0,SPNG
0.037,2016,1,13,8,0,SPNG
0.037,2016,1,13,8,0,SPNG
0.034,2016,1,14,9,0,SPNG
0.034,2016,1,14,9,0,SPNG
0.034,2016,1,14,9,0,SPNG
0.034,2016,1,14,9,0,SPNG
0.031,2016,1,15,19,0,SPNG
0.031,2016,1,15,19,0,SPNG
0.031,2016,1,15,19,0,SPNG
0.031,2016,1,15,19,0,SPNG
0.031,2016,1,16,9,0,SPNG
0.031,2016,1,16,9,0,SPNG
0.031,2016,1,16,9,0,SPNG
0.031,2016,1,16,9,0,SPNG
0.024,2016,1,17,0,0,SPNG
0.024,2016,1,17,0,0,SPNG
0.024,2016,1,17,0,0,SPNG
0.024,2016,1,17,0,0,SPNG
0.034,2016,1,18,9,0,SPNG
0.034,2016,1,18,9,0,SPNG
0.034,2016,1,18,9,0,SPNG
0.034,2016,1,18,9,0,SPNG
0.033,2016,1,19,9,0,SPNG
0.033,2016,1,19,9,0,SPNG
0.033,2016,1,19,9,0,SPNG
0.033,2016,1,19,9,0,SPNG
0.026,2016,1,20,19,0,SPNG
0.026,2016,1,20,19,0,SPNG
0.026,2016,1,20,19,0,SPNG
0.026,2016,1,20,19,0,SPNG
0.034,2016,1,21,9,0,SPNG
0.034,2016,1,21,9,0,SPNG
0.034,2016,1,21,9,0,SPNG
0.034,2016,1,21,9,0,SPNG
0.031,2016,1,22,16,0,SPNG
0.031,2016,1,22,16,0,SPNG
0.031,2016,1,22,16,0,SPNG
0.031,2016,1,22,16,0,SPNG
0.038,2016,1,23,10,0,SPNG
0.038,2016,1,23,10,0,SPNG
0.038,2016,1,23,10,0,SPNG
0.038,2016,1,23,10,0,SPNG
0.038,2016,1,24,9,0,SPNG
0.038,2016,1,24,9,0,SPNG
0.038,2016,1,24,9,0,SPNG
0.038,2016,1,24,9,0,SPNG
0.027,2016,1,25,10,0,SPNG
0.027,2016,1,25,10,0,SPNG
0.027,2016,1,25,10,0,SPNG
0.027,2016,1,25,10,0,SPNG
0.033,2016,1,26,10,0,SPNG
0.033,2016,1,26,10,0,SPNG
0.033,2016,1,26,10,0,SPNG
0.033,2016,1,26,10,0,SPNG
0.027,2016,1,27,9,0,SPNG
0.027,2016,1,27,9,0,SPNG
0.027,2016,1,27,9,0,SPNG
0.027,2016,1,27,9,0,SPNG
0.023,2016,1,28,9,0,SPNG
0.023,2016,1,28,9,0,SPNG
0.023,2016,1,28,9,0,SPNG
0.023,2016,1,28,9,0,SPNG
0.037,2016,1,29,11,0,SPNG
0.037,2016,1,29,11,0,SPNG
0.037,2016,1,29,11,0,SPNG
0.037,2016,1,29,11,0,SPNG
0.037,2016,1,30,10,0,SPNG
0.037,2016,1,30,10,0,SPNG
0.037,2016,1,30,10,0,SPNG
0.037,2016,1,30,10,0,SPNG
0.047,2016,1,31,10,0,SPNG
0.047,2016,1,31,10,0,SPNG
0.047,2016,1,31,10,0,SPNG
0.047,2016,1,31,10,0,SPNG
0.04,2016,2,1,9,0,SPNG
0.04,2016,2,1,9,0,SPNG
0.04,2016,2,1,9,0,SPNG
0.04,2016,2,1,9,0,SPNG
0.036,2016,2,2,14,0,SPNG
0.036,2016,2,2,14,0,SPNG
0.036,2016,2,2,14,0,SPNG
0.036,2016,2,2,14,0,SPNG
0.033,2016,2,3,10,0,SPNG
0.033,2016,2,3,10,0,SPNG
0.033,2016,2,3,10,0,SPNG
0.033,2016,2,3,10,0,SPNG
0.026,2016,2,4,21,0,SPNG
0.026,2016,2,4,21,0,SPNG
0.026,2016,2,4,21,0,SPNG
0.026,2016,2,4,21,0,SPNG
0.035,2016,2,5,10,0,SPNG
0.035,2016,2,5,10,0,SPNG
0.035,2016,2,5,10,0,SPNG
0.035,2016,2,5,10,0,SPNG
0.037,2016,2,6,10,0,SPNG
0.037,2016,2,6,10,0,SPNG
0.037,2016,2,6,10,0,SPNG
0.037,2016,2,6,10,0,SPNG
0.038,2016,2,7,13,0,SPNG
0.038,2016,2,7,13,0,SPNG
0.038,2016,2,7,13,0,SPNG
0.038,2016,2,7,13,0,SPNG
0.041,2016,2,8,11,0,SPNG
0.041,2016,2,8,11,0,SPNG
0.041,2016,2,8,11,0,SPNG
0.041,2016,2,8,11,0,SPNG
0.026,2016,2,9,20,0,SPNG
0.026,2016,2,9,20,0,SPNG
0.026,2016,2,9,20,0,SPNG
0.026,2016,2,9,20,0,SPNG
0.034,2016,2,10,20,0,SPNG
0.034,2016,2,10,20,0,SPNG
0.034,2016,2,10,20,0,SPNG
0.034,2016,2,10,20,0,SPNG
0.04,2016,2,11,10,0,SPNG
0.04,2016,2,11,10,0,SPNG
0.04,2016,2,11,10,0,SPNG
0.04,2016,2,11,10,0,SPNG
0.031,2016,2,12,8,0,SPNG
0.031,2016,2,12,8,0,SPNG
0.031,2016,2,12,8,0,SPNG
0.031,2016,2,12,8,0,SPNG
0.042,2016,2,13,11,0,SPNG
0.042,2016,2,13,11,0,SPNG
0.042,2016,2,13,11,0,SPNG
0.042,2016,2,13,11,0,SPNG
0.04,2016,2,14,9,0,SPNG
0.04,2016,2,14,9,0,SPNG
0.04,2016,2,14,9,0,SPNG
0.04,2016,2,14,9,0,SPNG
0.035,2016,2,15,0,0,SPNG
0.035,2016,2,15,0,0,SPNG
0.035,2016,2,15,0,0,SPNG
0.035,2016,2,15,0,0,SPNG
0.037,2016,2,16,10,0,SPNG
0.037,2016,2,16,10,0,SPNG
0.037,2016,2,16,10,0,SPNG
0.037,2016,2,16,10,0,SPNG
0.039,2016,2,17,10,0,SPNG
0.039,2016,2,17,10,0,SPNG
0.039,2016,2,17,10,0,SPNG
0.039,2016,2,17,10,0,SPNG
0.038,2016,2,18,10,0,SPNG
0.038,2016,2,18,10,0,SPNG
0.038,2016,2,18,10,0,SPNG
0.038,2016,2,18,10,0,SPNG
0.04,2016,2,19,10,0,SPNG
0.04,2016,2,19,10,0,SPNG
0.04,2016,2,19,10,0,SPNG
0.04,2016,2,19,10,0,SPNG
0.042,2016,2,20,10,0,SPNG
0.042,2016,2,20,10,0,SPNG
0.042,2016,2,20,10,0,SPNG
0.042,2016,2,20,10,0,SPNG
0.033,2016,2,21,10,0,SPNG
0.033,2016,2,21,10,0,SPNG
0.033,2016,2,21,10,0,SPNG
0.033,2016,2,21,10,0,SPNG
0.032,2016,2,22,17,0,SPNG
0.032,2016,2,22,17,0,SPNG
0.032,2016,2,22,17,0,SPNG
0.032,2016,2,22,17,0,SPNG
0.028,2016,2,23,0,0,SPNG
0.028,2016,2,23,0,0,SPNG
0.028,2016,2,23,0,0,SPNG
0.028,2016,2,23,0,0,SPNG
0.036,2016,2,24,15,0,SPNG
0.036,2016,2,24,15,0,SPNG
0.036,2016,2,24,15,0,SPNG
0.036,2016,2,24,15,0,SPNG
0.04,2016,2,25,12,0,SPNG
0.04,2016,2,25,12,0,SPNG
0.04,2016,2,25,12,0,SPNG
0.04,2016,2,25,12,0,SPNG
0.038,2016,2,26,9,0,SPNG
0.038,2016,2,26,9,0,SPNG
0.038,2016,2,26,9,0,SPNG
0.038,2016,2,26,9,0,SPNG
0.04,2016,2,27,10,0,SPNG
0.04,2016,2,27,10,0,SPNG
0.04,2016,2,27,10,0,SPNG
0.04,2016,2,27,10,0,SPNG
0.048,2016,2,28,11,0,SPNG
0.048,2016,2,28,11,0,SPNG
0.048,2016,2,28,11,0,SPNG
0.048,2016,2,28,11,0,SPNG
0.053,2016,2,29,10,0,SPNG
0.053,2016,2,29,10,0,SPNG
0.053,2016,2,29,10,0,SPNG
0.053,2016,2,29,10,0,SPNG
0.053,2016,3,1,11,0,SPNG
0.053,2016,3,1,11,0,SPNG
0.053,2016,3,1,11,0,SPNG
0.053,2016,3,1,11,0,SPNG
0.042,2016,3,2,0,0,SPNG
0.042,2016,3,2,0,0,SPNG
0.042,2016,3,2,0,0,SPNG
0.042,2016,3,2,0,0,SPNG
0.038,2016,3,3,11,0,SPNG
0.038,2016,3,3,11,0,SPNG
0.038,2016,3,3,11,0,SPNG
0.038,2016,3,3,11,0,SPNG
0.034,2016,3,4,10,0,SPNG
0.034,2016,3,4,10,0,SPNG
0.034,2016,3,4,10,0,SPNG
0.034,2016,3,4,10,0,SPNG
0.038,2016,3,5,11,0,SPNG
0.038,2016,3,5,11,0,SPNG
0.038,2016,3,5,11,0,SPNG
0.038,2016,3,5,11,0,SPNG
0.037,2016,3,6,10,0,SPNG
0.037,2016,3,6,10,0,SPNG
0.037,2016,3,6,10,0,SPNG
0.037,2016,3,6,10,0,SPNG
0.042,2016,3,7,10,0,SPNG
0.042,2016,3,7,10,0,SPNG
0.042,2016,3,7,10,0,SPNG
0.042,2016,3,7,10,0,SPNG
0.052,2016,3,8,10,0,SPNG
0.052,2016,3,8,10,0,SPNG
0.052,2016,3,8,10,0,SPNG
0.052,2016,3,8,10,0,SPNG
0.043,2016,3,9,9,0,SPNG
0.043,2016,3,9,9,0,SPNG
0.043,2016,3,9,9,0,SPNG
0.043,2016,3,9,9,0,SPNG
0.045,2016,3,10,10,0,SPNG
0.045,2016,3,10,10,0,SPNG
0.045,2016,3,10,10,0,SPNG
0.045,2016,3,10,10,0,SPNG
0.044,2016,3,11,11,0,SPNG
0.044,2016,3,11,11,0,SPNG
0.044,2016,3,11,11,0,SPNG
0.044,2016,3,11,11,0,SPNG
0.046,2016,3,12,9,0,SPNG
0.046,2016,3,12,9,0,SPNG
0.046,2016,3,12,9,0,SPNG
0.046,2016,3,12,9,0,SPNG
0.037,2016,3,13,9,0,SPNG
0.037,2016,3,13,9,0,SPNG
0.037,2016,3,13,9,0,SPNG
0.037,2016,3,13,9,0,SPNG
0.035,2016,3,14,10,0,SPNG
0.035,2016,3,14,10,0,SPNG
0.035,2016,3,14,10,0,SPNG
0.035,2016,3,14,10,0,SPNG
0.045,2016,3,15,10,0,SPNG
0.045,2016,3,15,10,0,SPNG
0.045,2016,3,15,10,0,SPNG
0.045,2016,3,15,10,0,SPNG
0.056,2016,3,16,10,0,SPNG
0.056,2016,3,16,10,0,SPNG
0.056,2016,3,16,10,0,SPNG
0.056,2016,3,16,10,0,SPNG
0.053,2016,3,17,10,0,SPNG
0.053,2016,3,17,10,0,SPNG
0.053,2016,3,17,10,0,SPNG
0.053,2016,3,17,10,0,SPNG
0.055,2016,3,18,10,0,SPNG
0.055,2016,3,18,10,0,SPNG
0.055,2016,3,18,10,0,SPNG
0.055,2016,3,18,10,0,SPNG
0.035,2016,3,19,13,0,SPNG
0.035,2016,3,19,13,0,SPNG
0.035,2016,3,19,13,0,SPNG
0.035,2016,3,19,13,0,SPNG
0.027,2016,3,20,0,0,SPNG
0.027,2016,3,20,0,0,SPNG
0.027,2016,3,20,0,0,SPNG
0.027,2016,3,20,0,0,SPNG
0.048,2016,3,21,10,0,SPNG
0.048,2016,3,21,10,0,SPNG
0.048,2016,3,21,10,0,SPNG
0.048,2016,3,21,10,0,SPNG
0.049,2016,3,22,10,0,SPNG
0.049,2016,3,22,10,0,SPNG
0.049,2016,3,22,10,0,SPNG
0.049,2016,3,22,10,0,SPNG
0.053,2016,3,23,11,0,SPNG
0.053,2016,3,23,11,0,SPNG
0.053,2016,3,23,11,0,SPNG
0.053,2016,3,23,11,0,SPNG
0.053,2016,3,24,10,0,SPNG
0.053,2016,3,24,10,0,SPNG
0.053,2016,3,24,10,0,SPNG
0.053,2016,3,24,10,0,SPNG
0.043,2016,3,25,10,0,SPNG
0.043,2016,3,25,10,0,SPNG
0.043,2016,3,25,10,0,SPNG
0.043,2016,3,25,10,0,SPNG
0.036,2016,3,26,10,0,SPNG
0.036,2016,3,26,10,0,SPNG
0.036,2016,3,26,10,0,SPNG
0.036,2016,3,26,10,0,SPNG
0.025,2016,3,27,0,0,SPNG
0.025,2016,3,27,0,0,SPNG
0.025,2016,3,27,0,0,SPNG
0.025,2016,3,27,0,0,SPNG
0.049,2016,3,28,12,0,SPNG
0.049,2016,3,28,12,0,SPNG
0.049,2016,3,28,12,0,SPNG
0.049,2016,3,28,12,0,SPNG
0.047,2016,3,29,10,0,SPNG
0.047,2016,3,29,10,0,SPNG
0.047,2016,3,29,10,0,SPNG
0.047,2016,3,29,10,0,SPNG
0.053,2016,3,30,10,0,SPNG
0.053,2016,3,30,10,0,SPNG
0.053,2016,3,30,10,0,SPNG
0.053,2016,3,30,10,0,SPNG
0.047,2016,3,31,9,0,SPNG
0.047,2016,3,31,9,0,SPNG
0.047,2016,3,31,9,0,SPNG
0.047,2016,3,31,9,0,SPNG
