COLUMN_ID,COLUMN_NAME,UNIT,DESCRIPTION,DATA_TYPE,DATA_LENGTH,PRIMARY_KEY
1,SITE_ID,,"Site identification code",CHAR,6,1
2,DATE_TIME,,"Date and time sample collection began, Local Standard Time; mm/dd/yyyy hh:mm:ss.",DATE,19,2
3,OZONE_VD,cm/sec,"Ozone (O3) deposition velocity; cm/sec.",NUMBER,"12,8",
4,SO2_VD,cm/sec,"Sulfur dioxide (SO2) deposition velocity; cm/sec.",NUMBER,"12,8",
5,HNO3_VD,cm/sec,"Nitric acid (HNO3) deposition velocity; cm/sec.",NUMBER,"12,8",
6,PARTICULATE_VD,cm/sec,"Particulate deposition velocity, used for SO4_FLUX, NO3_FLUX and NH4_FLUX; cm/sec.",NUMBER,"12,8",
7,QA_CODE,,"Quality assurance level of the record. (see QAPP for definition of quality assurance levels).",CHAR,2,
8,UPDATE_DATE,,"Date and time of last record update",DATE,19,
