COLUMN_ID,COLUMN_NAME,UNIT,DESCRIPTION,DATA_TYPE,DATA_LENGTH,PRIMARY_KEY
1,SITE_ID,,"Site identification code",CHAR,6,
2,PARAMETER,,"Variable name",CHAR,20,
3,WEEK,,"Week of year, as defined by the first Tuesday-to-Tuesday week of the year, 1-53",NUMBER,"8,4",
4,HOUR,,"Hour of day, 1-24",NUMBER,"2,0",
5,AVG_VD,cm/s,"Average deposition velocity for the site, week of the year, and hour of the day, where at least 20 hourly values were available for the average; cm/s.",NUMBER,"8,4",
6,RAWAVG_VD,,"Average deposition velocity",NUMBER,"8,4",
7,VAR_VD,,"Variance of deposition velocity for site, week of year, and hour of day",NUMBER,"8,4",
8,CNT_VD,calculation,"Number of valid Vd used in calculation",NUMBER,"8,4",
9,START_DATE,,"Beginning date of values used in calculating average",DATE,19,
10,END_DATE,,"Last date used in calculating the historical average",DATE,19,
11,YEARS_IN_AVG,average,"Number of years in average",NUMBER,"8,4",
