DMean PM10,Year,Month,Day,PM-WEIGHT,Flag,Site Name,LAt,Lng,Date
7,2016,8,27,1,0,Millbrook School,35.856111,-78.574167,8/27/2016
7,2016,8,28,1,0,Millbrook School,35.856111,-78.574167,8/28/2016
15,2016,8,28,1,0,Millbrook School,35.856111,-78.574167,8/28/2016
15,2016,8,28,1,0,Millbrook School,35.856111,-78.574167,8/28/2016
9,2016,9,2,1,0,Millbrook School,35.856111,-78.574167,9/2/2016
23,2016,9,10,1,0,Millbrook School,35.856111,-78.574167,9/10/2016
17,2016,9,11,1,0,Millbrook School,35.856111,-78.574167,9/11/2016
18,2016,9,12,1,0,Millbrook School,35.856111,-78.574167,9/12/2016
15,2016,9,12,1,0,Millbrook School,35.856111,-78.574167,9/12/2016
16,2016,9,13,1,0,Millbrook School,35.856111,-78.574167,9/13/2016
19,2016,9,14,1,0,Millbrook School,35.856111,-78.574167,9/14/2016
23,2016,9,15,1,0,Millbrook School,35.856111,-78.574167,9/15/2016
20,2016,9,15,1,0,Millbrook School,35.856111,-78.574167,9/15/2016
20,2016,9,15,1,0,Millbrook School,35.856111,-78.574167,9/15/2016
22,2016,9,16,1,0,Millbrook School,35.856111,-78.574167,9/16/2016
16,2016,9,17,1,0,Millbrook School,35.856111,-78.574167,9/17/2016
10,2016,9,18,1,0,Millbrook School,35.856111,-78.574167,9/18/2016
7,2016,9,18,1,0,Millbrook School,35.856111,-78.574167,9/18/2016
10,2016,9,20,1,0,Millbrook School,35.856111,-78.574167,9/20/2016
9,2016,9,22,1,0,Millbrook School,35.856111,-78.574167,9/22/2016
15,2016,9,23,1,0,Millbrook School,35.856111,-78.574167,9/23/2016
20,2016,9,24,1,0,Millbrook School,35.856111,-78.574167,9/24/2016
17,2016,9,24,1,0,Millbrook School,35.856111,-78.574167,9/24/2016
21,2016,9,25,1,0,Millbrook School,35.856111,-78.574167,9/25/2016
17,2016,9,26,1,0,Millbrook School,35.856111,-78.574167,9/26/2016
15,2016,9,27,1,0,Millbrook School,35.856111,-78.574167,9/27/2016
13,2016,9,27,1,0,Millbrook School,35.856111,-78.574167,9/27/2016
12,2016,9,27,1,0,Millbrook School,35.856111,-78.574167,9/27/2016
18,2016,9,28,1,0,Millbrook School,35.856111,-78.574167,9/28/2016
15,2016,9,30,1,0,Millbrook School,35.856111,-78.574167,9/30/2016
11,2016,9,30,1,0,Millbrook School,35.856111,-78.574167,9/30/2016
22,2016,10,1,1,0,Millbrook School,35.856111,-78.574167,10/1/2016
25,2016,10,2,1,0,Millbrook School,35.856111,-78.574167,10/2/2016
18,2016,10,3,1,0,Millbrook School,35.856111,-78.574167,10/3/2016
15,2016,10,3,1,0,Millbrook School,35.856111,-78.574167,10/3/2016
15,2016,10,3,1,0,Millbrook School,35.856111,-78.574167,10/3/2016
18,2016,10,4,1,0,Millbrook School,35.856111,-78.574167,10/4/2016
19,2016,10,5,1,0,Millbrook School,35.856111,-78.574167,10/5/2016
14,2016,10,6,1,0,Millbrook School,35.856111,-78.574167,10/6/2016
11,2016,10,6,1,0,Millbrook School,35.856111,-78.574167,10/6/2016
10,2016,10,7,1,0,Millbrook School,35.856111,-78.574167,10/7/2016
6,2016,10,8,1,0,Millbrook School,35.856111,-78.574167,10/8/2016
11,2016,10,9,1,0,Millbrook School,35.856111,-78.574167,10/9/2016
5,2016,10,9,1,0,Millbrook School,35.856111,-78.574167,10/9/2016
5,2016,10,9,1,0,Millbrook School,35.856111,-78.574167,10/9/2016
9,2016,10,10,1,0,Millbrook School,35.856111,-78.574167,10/10/2016
13,2016,10,11,1,0,Millbrook School,35.856111,-78.574167,10/11/2016
13,2016,10,12,1,0,Millbrook School,35.856111,-78.574167,10/12/2016
10,2016,10,12,1,0,Millbrook School,35.856111,-78.574167,10/12/2016
16,2016,10,13,1,0,Millbrook School,35.856111,-78.574167,10/13/2016
13,2016,10,14,1,0,Millbrook School,35.856111,-78.574167,10/14/2016
15,2016,10,15,1,0,Millbrook School,35.856111,-78.574167,10/15/2016
11,2016,10,15,1,0,Millbrook School,35.856111,-78.574167,10/15/2016
11,2016,10,15,1,0,Millbrook School,35.856111,-78.574167,10/15/2016
18,2016,10,16,1,0,Millbrook School,35.856111,-78.574167,10/16/2016
23,2016,10,17,1,0,Millbrook School,35.856111,-78.574167,10/17/2016
23,2016,10,18,1,0,Millbrook School,35.856111,-78.574167,10/18/2016
18,2016,10,18,1,0,Millbrook School,35.856111,-78.574167,10/18/2016
21,2016,10,20,1,0,Millbrook School,35.856111,-78.574167,10/20/2016
12,2016,10,21,1,0,Millbrook School,35.856111,-78.574167,10/21/2016
9,2016,10,21,1,0,Millbrook School,35.856111,-78.574167,10/21/2016
9,2016,10,21,1,0,Millbrook School,35.856111,-78.574167,10/21/2016
9,2016,10,22,1,0,Millbrook School,35.856111,-78.574167,10/22/2016
13,2016,10,23,1,0,Millbrook School,35.856111,-78.574167,10/23/2016
21,2016,10,24,1,0,Millbrook School,35.856111,-78.574167,10/24/2016
15,2016,10,24,1,0,Millbrook School,35.856111,-78.574167,10/24/2016
19,2016,10,25,1,0,Millbrook School,35.856111,-78.574167,10/25/2016
19,2016,10,26,1,0,Millbrook School,35.856111,-78.574167,10/26/2016
21,2016,10,27,1,0,Millbrook School,35.856111,-78.574167,10/27/2016
16,2016,10,27,1,0,Millbrook School,35.856111,-78.574167,10/27/2016
16,2016,10,27,1,0,Millbrook School,35.856111,-78.574167,10/27/2016
17,2016,10,28,1,0,Millbrook School,35.856111,-78.574167,10/28/2016
23,2016,10,29,1,0,Millbrook School,35.856111,-78.574167,10/29/2016
24,2016,10,30,1,0,Millbrook School,35.856111,-78.574167,10/30/2016
20,2016,10,30,1,0,Millbrook School,35.856111,-78.574167,10/30/2016
19,2016,10,31,1,0,Millbrook School,35.856111,-78.574167,10/31/2016
17,2016,11,1,1,0,Millbrook School,35.856111,-78.574167,11/1/2016
28,2016,11,2,1,0,Millbrook School,35.856111,-78.574167,11/2/2016
24,2016,11,2,1,0,Millbrook School,35.856111,-78.574167,11/2/2016
24,2016,11,2,1,0,Millbrook School,35.856111,-78.574167,11/2/2016
32,2016,11,3,1,0,Millbrook School,35.856111,-78.574167,11/3/2016
13,2016,11,4,1,0,Millbrook School,35.856111,-78.574167,11/4/2016
14,2016,11,5,1,0,Millbrook School,35.856111,-78.574167,11/5/2016
9,2016,11,5,1,0,Millbrook School,35.856111,-78.574167,11/5/2016
17,2016,11,6,1,0,Millbrook School,35.856111,-78.574167,11/6/2016
13,2016,11,7,1,0,Millbrook School,35.856111,-78.574167,11/7/2016
19,2016,11,8,1,0,Millbrook School,35.856111,-78.574167,11/8/2016
14,2016,11,8,1,0,Millbrook School,35.856111,-78.574167,11/8/2016
13,2016,11,8,1,0,Millbrook School,35.856111,-78.574167,11/8/2016
23,2016,11,9,1,0,Millbrook School,35.856111,-78.574167,11/9/2016
15,2016,11,10,1,0,Millbrook School,35.856111,-78.574167,11/10/2016
20,2016,11,11,1,0,Millbrook School,35.856111,-78.574167,11/11/2016
13,2016,11,11,1,0,Millbrook School,35.856111,-78.574167,11/11/2016
13,2016,11,12,1,0,Millbrook School,35.856111,-78.574167,11/12/2016
19,2016,11,13,1,0,Millbrook School,35.856111,-78.574167,11/13/2016
14,2016,11,14,1,0,Millbrook School,35.856111,-78.574167,11/14/2016
9,2016,11,14,1,0,Millbrook School,35.856111,-78.574167,11/14/2016
9,2016,11,14,1,0,Millbrook School,35.856111,-78.574167,11/14/2016
24,2016,11,15,1,0,Millbrook School,35.856111,-78.574167,11/15/2016
34,2016,11,16,1,0,Millbrook School,35.856111,-78.574167,11/16/2016
30,2016,11,17,1,0,Millbrook School,35.856111,-78.574167,11/17/2016
22,2016,11,17,1,0,Millbrook School,35.856111,-78.574167,11/17/2016
61,2016,11,18,1,0,Millbrook School,35.856111,-78.574167,11/18/2016
43,2016,11,19,1,0,Millbrook School,35.856111,-78.574167,11/19/2016
12,2016,11,20,1,0,Millbrook School,35.856111,-78.574167,11/20/2016
7,2016,11,20,1,0,Millbrook School,35.856111,-78.574167,11/20/2016
6,2016,11,20,1,0,Millbrook School,35.856111,-78.574167,11/20/2016
13,2016,11,21,1,0,Millbrook School,35.856111,-78.574167,11/21/2016
15,2016,11,22,1,0,Millbrook School,35.856111,-78.574167,11/22/2016
25,2016,11,23,1,0,Millbrook School,35.856111,-78.574167,11/23/2016
19,2016,11,23,1,0,Millbrook School,35.856111,-78.574167,11/23/2016
25,2016,11,24,1,0,Millbrook School,35.856111,-78.574167,11/24/2016
29,2016,11,25,1,0,Millbrook School,35.856111,-78.574167,11/25/2016
16,2016,11,26,1,0,Millbrook School,35.856111,-78.574167,11/26/2016
11,2016,11,26,1,0,Millbrook School,35.856111,-78.574167,11/26/2016
12,2016,11,26,1,0,Millbrook School,35.856111,-78.574167,11/26/2016
15,2016,11,27,1,0,Millbrook School,35.856111,-78.574167,11/27/2016
26,2016,11,28,1,0,Millbrook School,35.856111,-78.574167,11/28/2016
17,2016,11,30,1,0,Millbrook School,35.856111,-78.574167,11/30/2016
13,2016,12,1,1,0,Millbrook School,35.856111,-78.574167,12/1/2016
14,2016,12,2,1,0,Millbrook School,35.856111,-78.574167,12/2/2016
9,2016,12,2,1,0,Millbrook School,35.856111,-78.574167,12/2/2016
9,2016,12,2,1,0,Millbrook School,35.856111,-78.574167,12/2/2016
12,2016,12,3,1,0,Millbrook School,35.856111,-78.574167,12/3/2016
16,2016,12,4,1,0,Millbrook School,35.856111,-78.574167,12/4/2016
10,2016,12,5,1,0,Millbrook School,35.856111,-78.574167,12/5/2016
4,2016,12,5,1,0,Millbrook School,35.856111,-78.574167,12/5/2016
9,2016,12,6,1,0,Millbrook School,35.856111,-78.574167,12/6/2016
13,2016,12,7,1,0,Millbrook School,35.856111,-78.574167,12/7/2016
15,2016,12,8,1,0,Millbrook School,35.856111,-78.574167,12/8/2016
8,2016,12,8,1,0,Millbrook School,35.856111,-78.574167,12/8/2016
8,2016,12,8,1,0,Millbrook School,35.856111,-78.574167,12/8/2016
13,2016,12,10,1,0,Millbrook School,35.856111,-78.574167,12/10/2016
21,2016,12,11,1,0,Millbrook School,35.856111,-78.574167,12/11/2016
15,2016,12,11,1,0,Millbrook School,35.856111,-78.574167,12/11/2016
24,2016,12,12,1,0,Millbrook School,35.856111,-78.574167,12/12/2016
14,2016,12,15,1,0,Millbrook School,35.856111,-78.574167,12/15/2016
13,2016,12,16,1,0,Millbrook School,35.856111,-78.574167,12/16/2016
22,2016,12,17,1,0,Millbrook School,35.856111,-78.574167,12/17/2016
17,2016,12,17,1,0,Millbrook School,35.856111,-78.574167,12/17/2016
17,2016,12,18,1,0,Millbrook School,35.856111,-78.574167,12/18/2016
13,2016,12,19,1,0,Millbrook School,35.856111,-78.574167,12/19/2016
15,2016,12,20,1,0,Millbrook School,35.856111,-78.574167,12/20/2016
9,2016,12,20,1,0,Millbrook School,35.856111,-78.574167,12/20/2016
8,2016,12,20,1,0,Millbrook School,35.856111,-78.574167,12/20/2016
19,2016,12,21,1,0,Millbrook School,35.856111,-78.574167,12/21/2016
20,2016,12,22,1,0,Millbrook School,35.856111,-78.574167,12/22/2016
17,2016,12,23,1,0,Millbrook School,35.856111,-78.574167,12/23/2016
11,2016,12,23,1,0,Millbrook School,35.856111,-78.574167,12/23/2016
25,2016,12,24,1,0,Millbrook School,35.856111,-78.574167,12/24/2016
16,2016,12,25,1,0,Millbrook School,35.856111,-78.574167,12/25/2016
16,2016,12,26,1,0,Millbrook School,35.856111,-78.574167,12/26/2016
11,2016,12,26,1,0,Millbrook School,35.856111,-78.574167,12/26/2016
11,2016,12,26,1,0,Millbrook School,35.856111,-78.574167,12/26/2016
13,2016,12,27,1,0,Millbrook School,35.856111,-78.574167,12/27/2016
14,2016,12,28,1,0,Millbrook School,35.856111,-78.574167,12/28/2016
13,2016,12,29,1,0,Millbrook School,35.856111,-78.574167,12/29/2016
7,2016,12,29,1,0,Millbrook School,35.856111,-78.574167,12/29/2016
10,2016,12,30,1,0,Millbrook School,35.856111,-78.574167,12/30/2016
5,2016,1,1,1,0,Millbrook School,35.856111,-78.574167,1/1/2016
4,2016,1,1,1,0,Millbrook School,35.856111,-78.574167,1/1/2016
5,2016,1,4,1,0,Millbrook School,35.856111,-78.574167,1/4/2016
3,2016,1,10,1,0,Millbrook School,35.856111,-78.574167,1/10/2016
7,2016,1,13,1,0,Millbrook School,35.856111,-78.574167,1/13/2016
7,2016,1,13,1,0,Millbrook School,35.856111,-78.574167,1/13/2016
6,2016,1,16,1,0,Millbrook School,35.856111,-78.574167,1/16/2016
8,2016,1,22,1,0,Millbrook School,35.856111,-78.574167,1/22/2016
14,2016,1,25,1,0,Millbrook School,35.856111,-78.574167,1/25/2016
17,2016,1,25,1,0,Millbrook School,35.856111,-78.574167,1/25/2016
13,2016,1,28,1,0,Millbrook School,35.856111,-78.574167,1/28/2016
13,2016,1,31,1,0,Millbrook School,35.856111,-78.574167,1/31/2016
12,2016,1,31,1,0,Millbrook School,35.856111,-78.574167,1/31/2016
12,2016,2,3,1,0,Millbrook School,35.856111,-78.574167,2/3/2016
7,2016,2,6,1,0,Millbrook School,35.856111,-78.574167,2/6/2016
7,2016,2,6,1,0,Millbrook School,35.856111,-78.574167,2/6/2016
5,2016,2,9,1,0,Millbrook School,35.856111,-78.574167,2/9/2016
9,2016,2,12,1,0,Millbrook School,35.856111,-78.574167,2/12/2016
9,2016,2,12,1,0,Millbrook School,35.856111,-78.574167,2/12/2016
5,2016,2,15,1,0,Millbrook School,35.856111,-78.574167,2/15/2016
6,2016,2,18,1,0,Millbrook School,35.856111,-78.574167,2/18/2016
7,2016,2,18,1,0,Millbrook School,35.856111,-78.574167,2/18/2016
21,2016,2,21,1,0,Millbrook School,35.856111,-78.574167,2/21/2016
7,2016,2,24,1,0,Millbrook School,35.856111,-78.574167,2/24/2016
7,2016,2,24,1,0,Millbrook School,35.856111,-78.574167,2/24/2016
8,2016,2,27,1,0,Millbrook School,35.856111,-78.574167,2/27/2016
7,2016,3,4,1,0,Millbrook School,35.856111,-78.574167,3/4/2016
14,2016,3,7,1,0,Millbrook School,35.856111,-78.574167,3/7/2016
15,2016,3,7,1,0,Millbrook School,35.856111,-78.574167,3/7/2016
20,2016,3,10,1,0,Millbrook School,35.856111,-78.574167,3/10/2016
15,2016,3,13,1,0,Millbrook School,35.856111,-78.574167,3/13/2016
15,2016,3,13,1,0,Millbrook School,35.856111,-78.574167,3/13/2016
17,2016,3,19,1,0,Millbrook School,35.856111,-78.574167,3/19/2016
17,2016,3,19,1,0,Millbrook School,35.856111,-78.574167,3/19/2016
13,2016,3,22,1,0,Millbrook School,35.856111,-78.574167,3/22/2016
21,2016,3,25,1,0,Millbrook School,35.856111,-78.574167,3/25/2016
20,2016,3,25,1,0,Millbrook School,35.856111,-78.574167,3/25/2016
9,2016,3,28,1,0,Millbrook School,35.856111,-78.574167,3/28/2016
15,2016,3,31,1,0,Millbrook School,35.856111,-78.574167,3/31/2016
15,2016,3,31,1,0,Millbrook School,35.856111,-78.574167,3/31/2016
7,2016,4,3,1,0,Millbrook School,35.856111,-78.574167,4/3/2016
10,2016,4,6,1,0,Millbrook School,35.856111,-78.574167,4/6/2016
10,2016,4,6,1,0,Millbrook School,35.856111,-78.574167,4/6/2016
7,2016,4,9,1,0,Millbrook School,35.856111,-78.574167,4/9/2016
8,2016,4,12,1,0,Millbrook School,35.856111,-78.574167,4/12/2016
9,2016,4,12,1,0,Millbrook School,35.856111,-78.574167,4/12/2016
16,2016,4,18,1,0,Millbrook School,35.856111,-78.574167,4/18/2016
16,2016,4,18,1,0,Millbrook School,35.856111,-78.574167,4/18/2016
22,2016,4,21,1,0,Millbrook School,35.856111,-78.574167,4/21/2016
9,2016,4,24,1,0,Millbrook School,35.856111,-78.574167,4/24/2016
9,2016,4,24,1,0,Millbrook School,35.856111,-78.574167,4/24/2016
20,2016,4,27,1,0,Millbrook School,35.856111,-78.574167,4/27/2016
10,2016,4,30,1,0,Millbrook School,35.856111,-78.574167,4/30/2016
13,2016,4,30,1,0,Millbrook School,35.856111,-78.574167,4/30/2016
10,2016,5,3,1,0,Millbrook School,35.856111,-78.574167,5/3/2016
4,2016,5,6,1,0,Millbrook School,35.856111,-78.574167,5/6/2016
4,2016,5,6,1,0,Millbrook School,35.856111,-78.574167,5/6/2016
18,2016,5,12,1,0,Millbrook School,35.856111,-78.574167,5/12/2016
18,2016,5,12,1,0,Millbrook School,35.856111,-78.574167,5/12/2016
6,2016,5,15,1,0,Millbrook School,35.856111,-78.574167,5/15/2016
7,2016,5,18,1,0,Millbrook School,35.856111,-78.574167,5/18/2016
7,2016,5,18,1,0,Millbrook School,35.856111,-78.574167,5/18/2016
5,2016,5,21,1,0,Millbrook School,35.856111,-78.574167,5/21/2016
11,2016,6,8,1,0,Millbrook School,35.856111,-78.574167,6/8/2016
19,2016,6,11,1,0,Millbrook School,35.856111,-78.574167,6/11/2016
19,2016,6,11,1,0,Millbrook School,35.856111,-78.574167,6/11/2016
17,2016,6,14,1,0,Millbrook School,35.856111,-78.574167,6/14/2016
8,2016,6,17,1,0,Millbrook School,35.856111,-78.574167,6/17/2016
8,2016,6,17,1,0,Millbrook School,35.856111,-78.574167,6/17/2016
12,2016,6,26,1,0,Millbrook School,35.856111,-78.574167,6/26/2016
15,2016,6,29,1,0,Millbrook School,35.856111,-78.574167,6/29/2016
14,2016,6,29,1,0,Millbrook School,35.856111,-78.574167,6/29/2016
12,2016,7,2,1,0,Millbrook School,35.856111,-78.574167,7/2/2016
14,2016,7,8,1,0,Millbrook School,35.856111,-78.574167,7/8/2016
15,2016,7,11,1,0,Millbrook School,35.856111,-78.574167,7/11/2016
29,2016,7,14,1,0,Millbrook School,35.856111,-78.574167,7/14/2016
29,2016,7,14,1,0,Millbrook School,35.856111,-78.574167,7/14/2016
18,2016,7,15,1,0,Millbrook School,35.856111,-78.574167,7/15/2016
10,2016,7,17,1,0,Millbrook School,35.856111,-78.574167,7/17/2016
10,2016,7,17,1,0,Millbrook School,35.856111,-78.574167,7/17/2016
12,2016,7,20,1,0,Millbrook School,35.856111,-78.574167,7/20/2016
16,2016,7,23,1,0,Millbrook School,35.856111,-78.574167,7/23/2016
16,2016,7,23,1,0,Millbrook School,35.856111,-78.574167,7/23/2016
17,2016,7,26,1,0,Millbrook School,35.856111,-78.574167,7/26/2016
12,2016,8,1,1,0,Millbrook School,35.856111,-78.574167,8/1/2016
12,2016,8,4,1,0,Millbrook School,35.856111,-78.574167,8/4/2016
12,2016,8,4,1,0,Millbrook School,35.856111,-78.574167,8/4/2016
18,2016,8,10,1,0,Millbrook School,35.856111,-78.574167,8/10/2016
19,2016,8,10,1,0,Millbrook School,35.856111,-78.574167,8/10/2016
11,2016,8,13,1,0,Millbrook School,35.856111,-78.574167,8/13/2016
11,2016,8,16,1,0,Millbrook School,35.856111,-78.574167,8/16/2016
10,2016,8,16,1,0,Millbrook School,35.856111,-78.574167,8/16/2016
11,2016,8,19,1,0,Millbrook School,35.856111,-78.574167,8/19/2016
10,2016,8,22,1,0,Millbrook School,35.856111,-78.574167,8/22/2016
10,2016,8,22,1,0,Millbrook School,35.856111,-78.574167,8/22/2016
18,2016,8,25,1,0,Millbrook School,35.856111,-78.574167,8/25/2016
19,2016,8,26,1,0,Millbrook School,35.856111,-78.574167,8/26/2016
16,2016,8,31,1,0,Millbrook School,35.856111,-78.574167,8/31/2016
7,2016,9,3,1,0,Millbrook School,35.856111,-78.574167,9/3/2016
8,2016,9,3,1,0,Millbrook School,35.856111,-78.574167,9/3/2016
14,2016,9,6,1,0,Millbrook School,35.856111,-78.574167,9/6/2016
23,2016,9,9,1,0,Millbrook School,35.856111,-78.574167,9/9/2016
23,2016,9,9,1,0,Millbrook School,35.856111,-78.574167,9/9/2016
4,2016,9,21,1,0,Millbrook School,35.856111,-78.574167,9/21/2016
3,2016,9,21,1,0,Millbrook School,35.856111,-78.574167,9/21/2016
7,2018,1,1,1,0,Millbrook School,35.856111,-78.574167,1/1/2018
12,2018,1,2,1,0,Millbrook School,35.856111,-78.574167,1/2/2018
20,2018,1,3,1,0,Millbrook School,35.856111,-78.574167,1/3/2018
13,2018,1,4,1,0,Millbrook School,35.856111,-78.574167,1/4/2018
12,2018,1,5,1,0,Millbrook School,35.856111,-78.574167,1/5/2018
8,2018,1,6,1,0,Millbrook School,35.856111,-78.574167,1/6/2018
11,2018,1,7,1,0,Millbrook School,35.856111,-78.574167,1/7/2018
22,2018,1,8,1,0,Millbrook School,35.856111,-78.574167,1/8/2018
21,2018,1,9,1,0,Millbrook School,35.856111,-78.574167,1/9/2018
11,2018,1,10,1,0,Millbrook School,35.856111,-78.574167,1/10/2018
13,2018,1,11,1,0,Millbrook School,35.856111,-78.574167,1/11/2018
2,2018,1,12,1,0,Millbrook School,35.856111,-78.574167,1/12/2018
4,2018,1,13,1,0,Millbrook School,35.856111,-78.574167,1/13/2018
16,2018,1,17,1,0,Millbrook School,35.856111,-78.574167,1/17/2018
12,2018,1,18,1,0,Millbrook School,35.856111,-78.574167,1/18/2018
19,2018,1,19,1,0,Millbrook School,35.856111,-78.574167,1/19/2018
19,2018,1,20,1,0,Millbrook School,35.856111,-78.574167,1/20/2018
18,2018,1,21,1,0,Millbrook School,35.856111,-78.574167,1/21/2018
24,2018,1,22,1,0,Millbrook School,35.856111,-78.574167,1/22/2018
11,2018,1,23,1,0,Millbrook School,35.856111,-78.574167,1/23/2018
5,2018,1,24,1,0,Millbrook School,35.856111,-78.574167,1/24/2018
8,2018,1,25,1,0,Millbrook School,35.856111,-78.574167,1/25/2018
16,2018,1,26,1,0,Millbrook School,35.856111,-78.574167,1/26/2018
11,2018,1,27,1,0,Millbrook School,35.856111,-78.574167,1/27/2018
8,2018,1,28,1,0,Millbrook School,35.856111,-78.574167,1/28/2018
4,2018,1,29,1,0,Millbrook School,35.856111,-78.574167,1/29/2018
5,2018,1,30,1,0,Millbrook School,35.856111,-78.574167,1/30/2018
7,2018,1,31,1,0,Millbrook School,35.856111,-78.574167,1/31/2018
10,2018,2,7,1,0,Millbrook School,35.856111,-78.574167,2/7/2018
8,2018,2,8,1,0,Millbrook School,35.856111,-78.574167,2/8/2018
13,2018,2,9,1,0,Millbrook School,35.856111,-78.574167,2/9/2018
11,2018,2,10,1,0,Millbrook School,35.856111,-78.574167,2/10/2018
11,2018,2,11,1,0,Millbrook School,35.856111,-78.574167,2/11/2018
5,2018,2,12,1,0,Millbrook School,35.856111,-78.574167,2/12/2018
8,2018,2,13,1,0,Millbrook School,35.856111,-78.574167,2/13/2018
13,2018,2,14,1,0,Millbrook School,35.856111,-78.574167,2/14/2018
10,2018,2,15,1,0,Millbrook School,35.856111,-78.574167,2/15/2018
10,2018,2,16,1,0,Millbrook School,35.856111,-78.574167,2/16/2018
8,2018,2,17,1,0,Millbrook School,35.856111,-78.574167,2/17/2018
4,2018,2,18,1,0,Millbrook School,35.856111,-78.574167,2/18/2018
15,2018,2,19,1,0,Millbrook School,35.856111,-78.574167,2/19/2018
23,2018,2,20,1,0,Millbrook School,35.856111,-78.574167,2/20/2018
12,2018,2,21,1,0,Millbrook School,35.856111,-78.574167,2/21/2018
13,2018,2,22,1,0,Millbrook School,35.856111,-78.574167,2/22/2018
16,2018,2,23,1,0,Millbrook School,35.856111,-78.574167,2/23/2018
13,2018,2,24,1,0,Millbrook School,35.856111,-78.574167,2/24/2018
11,2018,2,25,1,0,Millbrook School,35.856111,-78.574167,2/25/2018
7,2018,2,26,1,0,Millbrook School,35.856111,-78.574167,2/26/2018
7,2018,2,27,1,0,Millbrook School,35.856111,-78.574167,2/27/2018
14,2018,2,28,1,0,Millbrook School,35.856111,-78.574167,2/28/2018
10,2018,3,1,1,0,Millbrook School,35.856111,-78.574167,3/1/2018
6,2018,3,2,1,0,Millbrook School,35.856111,-78.574167,3/2/2018
4,2018,3,3,1,0,Millbrook School,35.856111,-78.574167,3/3/2018
5,2018,3,4,1,0,Millbrook School,35.856111,-78.574167,3/4/2018
6,2018,3,5,1,0,Millbrook School,35.856111,-78.574167,3/5/2018
9,2018,3,6,1,0,Millbrook School,35.856111,-78.574167,3/6/2018
8,2018,3,7,1,0,Millbrook School,35.856111,-78.574167,3/7/2018
6,2018,3,8,1,0,Millbrook School,35.856111,-78.574167,3/8/2018
9,2018,3,9,1,0,Millbrook School,35.856111,-78.574167,3/9/2018
23,2018,3,10,1,0,Millbrook School,35.856111,-78.574167,3/10/2018
14,2018,3,11,1,0,Millbrook School,35.856111,-78.574167,3/11/2018
16,2018,3,15,1,0,Millbrook School,35.856111,-78.574167,3/15/2018
17,2018,3,16,1,0,Millbrook School,35.856111,-78.574167,3/16/2018
17,2018,3,17,1,0,Millbrook School,35.856111,-78.574167,3/17/2018
8,2018,3,18,1,0,Millbrook School,35.856111,-78.574167,3/18/2018
15,2018,3,19,1,0,Millbrook School,35.856111,-78.574167,3/19/2018
6,2018,3,20,1,0,Millbrook School,35.856111,-78.574167,3/20/2018
4,2018,3,21,1,0,Millbrook School,35.856111,-78.574167,3/21/2018
5,2018,3,22,1,0,Millbrook School,35.856111,-78.574167,3/22/2018
8,2018,3,23,1,0,Millbrook School,35.856111,-78.574167,3/23/2018
8,2018,3,24,1,0,Millbrook School,35.856111,-78.574167,3/24/2018
6,2018,3,25,1,0,Millbrook School,35.856111,-78.574167,3/25/2018
10,2018,3,26,1,0,Millbrook School,35.856111,-78.574167,3/26/2018
17,2018,3,27,1,0,Millbrook School,35.856111,-78.574167,3/27/2018
21,2018,3,28,1,0,Millbrook School,35.856111,-78.574167,3/28/2018
31,2018,3,29,1,0,Millbrook School,35.856111,-78.574167,3/29/2018
13,2018,3,30,1,0,Millbrook School,35.856111,-78.574167,3/30/2018
7,2018,3,31,1,0,Millbrook School,35.856111,-78.574167,3/31/2018
16,2018,4,1,1,0,Millbrook School,35.856111,-78.574167,4/1/2018
16,2018,4,1,1,0,Millbrook School,35.856111,-78.574167,4/1/2018
28,2018,4,2,1,0,Millbrook School,35.856111,-78.574167,4/2/2018
21,2018,4,2,1,0,Millbrook School,35.856111,-78.574167,4/2/2018
21,2018,4,3,1,0,Millbrook School,35.856111,-78.574167,4/3/2018
24,2018,4,3,1,0,Millbrook School,35.856111,-78.574167,4/3/2018
20,2018,4,4,1,0,Millbrook School,35.856111,-78.574167,4/4/2018
18,2018,4,4,1,0,Millbrook School,35.856111,-78.574167,4/4/2018
12,2018,4,5,1,0,Millbrook School,35.856111,-78.574167,4/5/2018
15,2018,4,5,1,0,Millbrook School,35.856111,-78.574167,4/5/2018
22,2018,4,6,1,0,Millbrook School,35.856111,-78.574167,4/6/2018
26,2018,4,6,1,0,Millbrook School,35.856111,-78.574167,4/6/2018
11,2018,4,7,1,0,Millbrook School,35.856111,-78.574167,4/7/2018
14,2018,4,7,1,0,Millbrook School,35.856111,-78.574167,4/7/2018
9,2018,4,8,1,0,Millbrook School,35.856111,-78.574167,4/8/2018
9,2018,4,8,1,0,Millbrook School,35.856111,-78.574167,4/8/2018
11,2018,4,9,1,0,Millbrook School,35.856111,-78.574167,4/9/2018
12,2018,4,9,1,0,Millbrook School,35.856111,-78.574167,4/9/2018
13,2018,4,10,1,0,Millbrook School,35.856111,-78.574167,4/10/2018
15,2018,4,10,1,0,Millbrook School,35.856111,-78.574167,4/10/2018
18,2018,4,11,1,0,Millbrook School,35.856111,-78.574167,4/11/2018
22,2018,4,11,1,0,Millbrook School,35.856111,-78.574167,4/11/2018
20,2018,4,12,1,0,Millbrook School,35.856111,-78.574167,4/12/2018
22,2018,4,12,1,0,Millbrook School,35.856111,-78.574167,4/12/2018
21,2018,4,13,1,0,Millbrook School,35.856111,-78.574167,4/13/2018
23,2018,4,13,1,0,Millbrook School,35.856111,-78.574167,4/13/2018
23,2018,4,14,1,0,Millbrook School,35.856111,-78.574167,4/14/2018
26,2018,4,14,1,0,Millbrook School,35.856111,-78.574167,4/14/2018
20,2018,4,15,1,0,Millbrook School,35.856111,-78.574167,4/15/2018
21,2018,4,15,1,0,Millbrook School,35.856111,-78.574167,4/15/2018
11,2018,4,16,1,0,Millbrook School,35.856111,-78.574167,4/16/2018
9,2018,4,16,1,0,Millbrook School,35.856111,-78.574167,4/16/2018
8,2018,4,17,1,0,Millbrook School,35.856111,-78.574167,4/17/2018
10,2018,4,17,1,0,Millbrook School,35.856111,-78.574167,4/17/2018
22,2018,4,18,1,0,Millbrook School,35.856111,-78.574167,4/18/2018
24,2018,4,18,1,0,Millbrook School,35.856111,-78.574167,4/18/2018
22,2018,4,19,1,0,Millbrook School,35.856111,-78.574167,4/19/2018
21,2018,4,19,1,0,Millbrook School,35.856111,-78.574167,4/19/2018
9,2018,4,20,1,0,Millbrook School,35.856111,-78.574167,4/20/2018
11,2018,4,20,1,0,Millbrook School,35.856111,-78.574167,4/20/2018
14,2018,4,21,1,0,Millbrook School,35.856111,-78.574167,4/21/2018
15,2018,4,21,1,0,Millbrook School,35.856111,-78.574167,4/21/2018
13,2018,4,22,1,0,Millbrook School,35.856111,-78.574167,4/22/2018
13,2018,4,22,1,0,Millbrook School,35.856111,-78.574167,4/22/2018
17,2018,4,23,1,0,Millbrook School,35.856111,-78.574167,4/23/2018
14,2018,4,23,1,0,Millbrook School,35.856111,-78.574167,4/23/2018
6,2018,4,24,1,0,Millbrook School,35.856111,-78.574167,4/24/2018
9,2018,4,24,1,0,Millbrook School,35.856111,-78.574167,4/24/2018
14,2018,4,25,1,0,Millbrook School,35.856111,-78.574167,4/25/2018
15,2018,4,25,1,0,Millbrook School,35.856111,-78.574167,4/25/2018
12,2018,4,26,1,0,Millbrook School,35.856111,-78.574167,4/26/2018
10,2018,4,26,1,0,Millbrook School,35.856111,-78.574167,4/26/2018
11,2018,4,27,1,0,Millbrook School,35.856111,-78.574167,4/27/2018
10,2018,4,27,1,0,Millbrook School,35.856111,-78.574167,4/27/2018
19,2018,4,28,1,0,Millbrook School,35.856111,-78.574167,4/28/2018
18,2018,4,28,1,0,Millbrook School,35.856111,-78.574167,4/28/2018
18,2018,4,29,1,0,Millbrook School,35.856111,-78.574167,4/29/2018
10,2018,4,29,1,0,Millbrook School,35.856111,-78.574167,4/29/2018
17,2018,4,30,1,0,Millbrook School,35.856111,-78.574167,4/30/2018
14,2018,4,30,1,0,Millbrook School,35.856111,-78.574167,4/30/2018
19,2018,5,1,1,0,Millbrook School,35.856111,-78.574167,5/1/2018
19,2018,5,1,1,0,Millbrook School,35.856111,-78.574167,5/1/2018
28,2018,5,2,1,0,Millbrook School,35.856111,-78.574167,5/2/2018
24,2018,5,2,1,0,Millbrook School,35.856111,-78.574167,5/2/2018
25,2018,5,3,1,0,Millbrook School,35.856111,-78.574167,5/3/2018
22,2018,5,3,1,0,Millbrook School,35.856111,-78.574167,5/3/2018
22,2018,5,4,1,0,Millbrook School,35.856111,-78.574167,5/4/2018
21,2018,5,5,1,0,Millbrook School,35.856111,-78.574167,5/5/2018
14,2018,5,6,1,0,Millbrook School,35.856111,-78.574167,5/6/2018
17,2018,5,7,1,0,Millbrook School,35.856111,-78.574167,5/7/2018
16,2018,5,8,1,0,Millbrook School,35.856111,-78.574167,5/8/2018
14,2018,5,9,1,0,Millbrook School,35.856111,-78.574167,5/9/2018
22,2018,5,10,1,0,Millbrook School,35.856111,-78.574167,5/10/2018
23,2018,5,10,1,0,Millbrook School,35.856111,-78.574167,5/10/2018
25,2018,5,11,1,0,Millbrook School,35.856111,-78.574167,5/11/2018
25,2018,5,11,1,0,Millbrook School,35.856111,-78.574167,5/11/2018
28,2018,5,12,1,0,Millbrook School,35.856111,-78.574167,5/12/2018
27,2018,5,12,1,0,Millbrook School,35.856111,-78.574167,5/12/2018
28,2018,5,13,1,0,Millbrook School,35.856111,-78.574167,5/13/2018
27,2018,5,13,1,0,Millbrook School,35.856111,-78.574167,5/13/2018
24,2018,5,14,1,0,Millbrook School,35.856111,-78.574167,5/14/2018
25,2018,5,14,1,0,Millbrook School,35.856111,-78.574167,5/14/2018
13,2018,5,15,1,0,Millbrook School,35.856111,-78.574167,5/15/2018
13,2018,5,15,1,0,Millbrook School,35.856111,-78.574167,5/15/2018
11,2018,5,16,1,0,Millbrook School,35.856111,-78.574167,5/16/2018
14,2018,5,16,1,0,Millbrook School,35.856111,-78.574167,5/16/2018
10,2018,5,17,1,0,Millbrook School,35.856111,-78.574167,5/17/2018
11,2018,5,17,1,0,Millbrook School,35.856111,-78.574167,5/17/2018
9,2018,5,18,1,0,Millbrook School,35.856111,-78.574167,5/18/2018
14,2018,5,18,1,0,Millbrook School,35.856111,-78.574167,5/18/2018
5,2018,5,19,1,0,Millbrook School,35.856111,-78.574167,5/19/2018
9,2018,5,19,1,0,Millbrook School,35.856111,-78.574167,5/19/2018
10,2018,5,20,1,0,Millbrook School,35.856111,-78.574167,5/20/2018
14,2018,5,21,1,0,Millbrook School,35.856111,-78.574167,5/21/2018
15,2018,5,22,1,0,Millbrook School,35.856111,-78.574167,5/22/2018
19,2018,5,22,1,0,Millbrook School,35.856111,-78.574167,5/22/2018
14,2018,5,25,1,0,Millbrook School,35.856111,-78.574167,5/25/2018
16,2018,5,25,1,0,Millbrook School,35.856111,-78.574167,5/25/2018
12,2018,5,26,1,0,Millbrook School,35.856111,-78.574167,5/26/2018
15,2018,5,26,1,0,Millbrook School,35.856111,-78.574167,5/26/2018
10,2018,5,27,1,0,Millbrook School,35.856111,-78.574167,5/27/2018
12,2018,5,27,1,0,Millbrook School,35.856111,-78.574167,5/27/2018
5,2018,5,28,1,0,Millbrook School,35.856111,-78.574167,5/28/2018
9,2018,5,28,1,0,Millbrook School,35.856111,-78.574167,5/28/2018
8,2018,5,29,1,0,Millbrook School,35.856111,-78.574167,5/29/2018
11,2018,5,29,1,0,Millbrook School,35.856111,-78.574167,5/29/2018
11,2018,5,30,1,0,Millbrook School,35.856111,-78.574167,5/30/2018
13,2018,5,30,1,0,Millbrook School,35.856111,-78.574167,5/30/2018
12,2018,5,31,1,0,Millbrook School,35.856111,-78.574167,5/31/2018
14,2018,5,31,1,0,Millbrook School,35.856111,-78.574167,5/31/2018
14,2018,6,1,1,0,Millbrook School,35.856111,-78.574167,6/1/2018
15,2018,6,1,1,0,Millbrook School,35.856111,-78.574167,6/1/2018
10,2018,6,2,1,0,Millbrook School,35.856111,-78.574167,6/2/2018
12,2018,6,2,1,0,Millbrook School,35.856111,-78.574167,6/2/2018
10,2018,6,3,1,0,Millbrook School,35.856111,-78.574167,6/3/2018
11,2018,6,3,1,0,Millbrook School,35.856111,-78.574167,6/3/2018
13,2018,6,4,1,0,Millbrook School,35.856111,-78.574167,6/4/2018
15,2018,6,4,1,0,Millbrook School,35.856111,-78.574167,6/4/2018
17,2018,6,5,1,0,Millbrook School,35.856111,-78.574167,6/5/2018
16,2018,6,5,1,0,Millbrook School,35.856111,-78.574167,6/5/2018
19,2018,6,6,1,0,Millbrook School,35.856111,-78.574167,6/6/2018
17,2018,6,6,1,0,Millbrook School,35.856111,-78.574167,6/6/2018
18,2018,6,7,1,0,Millbrook School,35.856111,-78.574167,6/7/2018
18,2018,6,7,1,0,Millbrook School,35.856111,-78.574167,6/7/2018
19,2018,6,8,1,0,Millbrook School,35.856111,-78.574167,6/8/2018
20,2018,6,8,1,0,Millbrook School,35.856111,-78.574167,6/8/2018
16,2018,6,9,1,0,Millbrook School,35.856111,-78.574167,6/9/2018
20,2018,6,9,1,0,Millbrook School,35.856111,-78.574167,6/9/2018
13,2018,6,10,1,0,Millbrook School,35.856111,-78.574167,6/10/2018
17,2018,6,10,1,0,Millbrook School,35.856111,-78.574167,6/10/2018
14,2018,6,11,1,0,Millbrook School,35.856111,-78.574167,6/11/2018
17,2018,6,11,1,0,Millbrook School,35.856111,-78.574167,6/11/2018
12,2018,6,12,1,0,Millbrook School,35.856111,-78.574167,6/12/2018
15,2018,6,12,1,0,Millbrook School,35.856111,-78.574167,6/12/2018
14,2018,6,13,1,0,Millbrook School,35.856111,-78.574167,6/13/2018
16,2018,6,13,1,0,Millbrook School,35.856111,-78.574167,6/13/2018
15,2018,6,14,1,0,Millbrook School,35.856111,-78.574167,6/14/2018
19,2018,6,14,1,0,Millbrook School,35.856111,-78.574167,6/14/2018
19,2018,6,15,1,0,Millbrook School,35.856111,-78.574167,6/15/2018
21,2018,6,15,1,0,Millbrook School,35.856111,-78.574167,6/15/2018
19,2018,6,16,1,0,Millbrook School,35.856111,-78.574167,6/16/2018
20,2018,6,16,1,0,Millbrook School,35.856111,-78.574167,6/16/2018
15,2018,6,17,1,0,Millbrook School,35.856111,-78.574167,6/17/2018
19,2018,6,17,1,0,Millbrook School,35.856111,-78.574167,6/17/2018
21,2018,6,18,1,0,Millbrook School,35.856111,-78.574167,6/18/2018
26,2018,6,18,1,0,Millbrook School,35.856111,-78.574167,6/18/2018
23,2018,6,19,1,0,Millbrook School,35.856111,-78.574167,6/19/2018
26,2018,6,19,1,0,Millbrook School,35.856111,-78.574167,6/19/2018
13,2018,6,20,1,0,Millbrook School,35.856111,-78.574167,6/20/2018
18,2018,6,20,1,0,Millbrook School,35.856111,-78.574167,6/20/2018
20,2018,6,21,1,0,Millbrook School,35.856111,-78.574167,6/21/2018
27,2018,6,21,1,0,Millbrook School,35.856111,-78.574167,6/21/2018
16,2018,6,22,1,0,Millbrook School,35.856111,-78.574167,6/22/2018
22,2018,6,22,1,0,Millbrook School,35.856111,-78.574167,6/22/2018
14,2018,6,23,1,0,Millbrook School,35.856111,-78.574167,6/23/2018
18,2018,6,23,1,0,Millbrook School,35.856111,-78.574167,6/23/2018
12,2018,6,24,1,0,Millbrook School,35.856111,-78.574167,6/24/2018
15,2018,6,24,1,0,Millbrook School,35.856111,-78.574167,6/24/2018
15,2018,6,25,1,0,Millbrook School,35.856111,-78.574167,6/25/2018
18,2018,6,25,1,0,Millbrook School,35.856111,-78.574167,6/25/2018
12,2018,6,26,1,0,Millbrook School,35.856111,-78.574167,6/26/2018
13,2018,6,26,1,0,Millbrook School,35.856111,-78.574167,6/26/2018
13,2018,6,27,1,0,Millbrook School,35.856111,-78.574167,6/27/2018
16,2018,6,27,1,0,Millbrook School,35.856111,-78.574167,6/27/2018
13,2018,6,28,1,0,Millbrook School,35.856111,-78.574167,6/28/2018
15,2018,6,28,1,0,Millbrook School,35.856111,-78.574167,6/28/2018
17,2018,6,29,1,0,Millbrook School,35.856111,-78.574167,6/29/2018
20,2018,6,29,1,0,Millbrook School,35.856111,-78.574167,6/29/2018
17,2018,6,30,1,0,Millbrook School,35.856111,-78.574167,6/30/2018
20,2018,6,30,1,0,Millbrook School,35.856111,-78.574167,6/30/2018
13,2018,7,1,1,0,Millbrook School,35.856111,-78.574167,7/1/2018
15,2018,7,1,1,0,Millbrook School,35.856111,-78.574167,7/1/2018
15,2018,7,2,1,0,Millbrook School,35.856111,-78.574167,7/2/2018
18,2018,7,2,1,0,Millbrook School,35.856111,-78.574167,7/2/2018
19,2018,7,3,1,0,Millbrook School,35.856111,-78.574167,7/3/2018
22,2018,7,3,1,0,Millbrook School,35.856111,-78.574167,7/3/2018
13,2018,7,4,1,0,Millbrook School,35.856111,-78.574167,7/4/2018
16,2018,7,4,1,0,Millbrook School,35.856111,-78.574167,7/4/2018
10,2018,7,5,1,0,Millbrook School,35.856111,-78.574167,7/5/2018
13,2018,7,5,1,0,Millbrook School,35.856111,-78.574167,7/5/2018
10,2018,7,6,1,0,Millbrook School,35.856111,-78.574167,7/6/2018
13,2018,7,6,1,0,Millbrook School,35.856111,-78.574167,7/6/2018
12,2018,7,7,1,0,Millbrook School,35.856111,-78.574167,7/7/2018
15,2018,7,7,1,0,Millbrook School,35.856111,-78.574167,7/7/2018
11,2018,7,8,1,0,Millbrook School,35.856111,-78.574167,7/8/2018
12,2018,7,8,1,0,Millbrook School,35.856111,-78.574167,7/8/2018
21,2018,7,11,1,0,Millbrook School,35.856111,-78.574167,7/11/2018
25,2018,7,11,1,0,Millbrook School,35.856111,-78.574167,7/11/2018
14,2018,7,12,1,0,Millbrook School,35.856111,-78.574167,7/12/2018
18,2018,7,12,1,0,Millbrook School,35.856111,-78.574167,7/12/2018
19,2018,7,16,1,0,Millbrook School,35.856111,-78.574167,7/16/2018
24,2018,7,16,1,0,Millbrook School,35.856111,-78.574167,7/16/2018
15,2018,7,17,1,0,Millbrook School,35.856111,-78.574167,7/17/2018
18,2018,7,17,1,0,Millbrook School,35.856111,-78.574167,7/17/2018
14,2018,7,19,1,0,Millbrook School,35.856111,-78.574167,7/19/2018
16,2018,7,19,1,0,Millbrook School,35.856111,-78.574167,7/19/2018
15,2018,7,20,1,0,Millbrook School,35.856111,-78.574167,7/20/2018
16,2018,7,20,1,0,Millbrook School,35.856111,-78.574167,7/20/2018
8,2018,7,21,1,0,Millbrook School,35.856111,-78.574167,7/21/2018
11,2018,7,21,1,0,Millbrook School,35.856111,-78.574167,7/21/2018
8,2018,7,22,1,0,Millbrook School,35.856111,-78.574167,7/22/2018
12,2018,7,22,1,0,Millbrook School,35.856111,-78.574167,7/22/2018
12,2018,7,23,1,0,Millbrook School,35.856111,-78.574167,7/23/2018
16,2018,7,23,1,0,Millbrook School,35.856111,-78.574167,7/23/2018
7,2018,7,24,1,0,Millbrook School,35.856111,-78.574167,7/24/2018
12,2018,7,24,1,0,Millbrook School,35.856111,-78.574167,7/24/2018
11,2018,7,25,1,0,Millbrook School,35.856111,-78.574167,7/25/2018
15,2018,7,25,1,0,Millbrook School,35.856111,-78.574167,7/25/2018
11,2018,8,4,1,0,Millbrook School,35.856111,-78.574167,8/4/2018
15,2018,8,4,1,0,Millbrook School,35.856111,-78.574167,8/4/2018
11,2018,8,5,1,0,Millbrook School,35.856111,-78.574167,8/5/2018
15,2018,8,5,1,0,Millbrook School,35.856111,-78.574167,8/5/2018
15,2018,8,6,1,0,Millbrook School,35.856111,-78.574167,8/6/2018
18,2018,8,6,1,0,Millbrook School,35.856111,-78.574167,8/6/2018
14,2018,8,7,1,0,Millbrook School,35.856111,-78.574167,8/7/2018
17,2018,8,7,1,0,Millbrook School,35.856111,-78.574167,8/7/2018
10,2018,8,8,1,0,Millbrook School,35.856111,-78.574167,8/8/2018
13,2018,8,8,1,0,Millbrook School,35.856111,-78.574167,8/8/2018
13,2018,8,9,1,0,Millbrook School,35.856111,-78.574167,8/9/2018
17,2018,8,9,1,0,Millbrook School,35.856111,-78.574167,8/9/2018
19,2018,8,10,1,0,Millbrook School,35.856111,-78.574167,8/10/2018
22,2018,8,10,1,0,Millbrook School,35.856111,-78.574167,8/10/2018
15,2018,8,11,1,0,Millbrook School,35.856111,-78.574167,8/11/2018
17,2018,8,11,1,0,Millbrook School,35.856111,-78.574167,8/11/2018
13,2018,8,12,1,0,Millbrook School,35.856111,-78.574167,8/12/2018
16,2018,8,12,1,0,Millbrook School,35.856111,-78.574167,8/12/2018
13,2018,8,13,1,0,Millbrook School,35.856111,-78.574167,8/13/2018
15,2018,8,13,1,0,Millbrook School,35.856111,-78.574167,8/13/2018
15,2018,8,14,1,0,Millbrook School,35.856111,-78.574167,8/14/2018
17,2018,8,14,1,0,Millbrook School,35.856111,-78.574167,8/14/2018
21,2018,8,15,1,0,Millbrook School,35.856111,-78.574167,8/15/2018
23,2018,8,15,1,0,Millbrook School,35.856111,-78.574167,8/15/2018
22,2018,8,16,1,0,Millbrook School,35.856111,-78.574167,8/16/2018
27,2018,8,16,1,0,Millbrook School,35.856111,-78.574167,8/16/2018
18,2018,8,17,1,0,Millbrook School,35.856111,-78.574167,8/17/2018
22,2018,8,17,1,0,Millbrook School,35.856111,-78.574167,8/17/2018
11,2018,8,18,1,0,Millbrook School,35.856111,-78.574167,8/18/2018
14,2018,8,18,1,0,Millbrook School,35.856111,-78.574167,8/18/2018
12,2018,8,19,1,0,Millbrook School,35.856111,-78.574167,8/19/2018
15,2018,8,19,1,0,Millbrook School,35.856111,-78.574167,8/19/2018
11,2018,8,20,1,0,Millbrook School,35.856111,-78.574167,8/20/2018
15,2018,8,20,1,0,Millbrook School,35.856111,-78.574167,8/20/2018
11,2018,8,21,1,0,Millbrook School,35.856111,-78.574167,8/21/2018
15,2018,8,21,1,0,Millbrook School,35.856111,-78.574167,8/21/2018
11,2018,8,22,1,0,Millbrook School,35.856111,-78.574167,8/22/2018
15,2018,8,22,1,0,Millbrook School,35.856111,-78.574167,8/22/2018
20,2018,8,23,1,0,Millbrook School,35.856111,-78.574167,8/23/2018
23,2018,8,23,1,0,Millbrook School,35.856111,-78.574167,8/23/2018
15,2018,8,24,1,0,Millbrook School,35.856111,-78.574167,8/24/2018
17,2018,8,24,1,0,Millbrook School,35.856111,-78.574167,8/24/2018
13,2018,8,25,1,0,Millbrook School,35.856111,-78.574167,8/25/2018
15,2018,8,25,1,0,Millbrook School,35.856111,-78.574167,8/25/2018
17,2018,8,26,1,0,Millbrook School,35.856111,-78.574167,8/26/2018
19,2018,8,26,1,0,Millbrook School,35.856111,-78.574167,8/26/2018
22,2018,8,27,1,0,Millbrook School,35.856111,-78.574167,8/27/2018
25,2018,8,27,1,0,Millbrook School,35.856111,-78.574167,8/27/2018
21,2018,8,28,1,0,Millbrook School,35.856111,-78.574167,8/28/2018
23,2018,8,28,1,0,Millbrook School,35.856111,-78.574167,8/28/2018
16,2018,8,29,1,0,Millbrook School,35.856111,-78.574167,8/29/2018
18,2018,8,29,1,0,Millbrook School,35.856111,-78.574167,8/29/2018
19,2018,8,30,1,0,Millbrook School,35.856111,-78.574167,8/30/2018
20,2018,8,30,1,0,Millbrook School,35.856111,-78.574167,8/30/2018
12,2018,8,31,1,0,Millbrook School,35.856111,-78.574167,8/31/2018
15,2018,8,31,1,0,Millbrook School,35.856111,-78.574167,8/31/2018
13,2018,9,1,1,0,Millbrook School,35.856111,-78.574167,9/1/2018
15,2018,9,1,1,0,Millbrook School,35.856111,-78.574167,9/1/2018
11,2018,9,2,1,0,Millbrook School,35.856111,-78.574167,9/2/2018
15,2018,9,2,1,0,Millbrook School,35.856111,-78.574167,9/2/2018
11,2018,9,3,1,0,Millbrook School,35.856111,-78.574167,9/3/2018
15,2018,9,3,1,0,Millbrook School,35.856111,-78.574167,9/3/2018
14,2018,9,4,1,0,Millbrook School,35.856111,-78.574167,9/4/2018
18,2018,9,4,1,0,Millbrook School,35.856111,-78.574167,9/4/2018
13,2018,9,5,1,0,Millbrook School,35.856111,-78.574167,9/5/2018
16,2018,9,5,1,0,Millbrook School,35.856111,-78.574167,9/5/2018
13,2018,9,6,1,0,Millbrook School,35.856111,-78.574167,9/6/2018
15,2018,9,6,1,0,Millbrook School,35.856111,-78.574167,9/6/2018
15,2018,9,7,1,0,Millbrook School,35.856111,-78.574167,9/7/2018
17,2018,9,7,1,0,Millbrook School,35.856111,-78.574167,9/7/2018
14,2018,9,8,1,0,Millbrook School,35.856111,-78.574167,9/8/2018
18,2018,9,8,1,0,Millbrook School,35.856111,-78.574167,9/8/2018
10,2018,9,9,1,0,Millbrook School,35.856111,-78.574167,9/9/2018
13,2018,9,9,1,0,Millbrook School,35.856111,-78.574167,9/9/2018
9,2018,9,10,1,0,Millbrook School,35.856111,-78.574167,9/10/2018
12,2018,9,10,1,0,Millbrook School,35.856111,-78.574167,9/10/2018
8,2018,9,11,1,0,Millbrook School,35.856111,-78.574167,9/11/2018
12,2018,9,11,1,0,Millbrook School,35.856111,-78.574167,9/11/2018
16,2018,9,19,1,0,Millbrook School,35.856111,-78.574167,9/19/2018
21,2018,9,20,1,0,Millbrook School,35.856111,-78.574167,9/20/2018
19,2018,9,21,1,0,Millbrook School,35.856111,-78.574167,9/21/2018
22,2018,9,22,1,0,Millbrook School,35.856111,-78.574167,9/22/2018
24,2018,9,22,1,0,Millbrook School,35.856111,-78.574167,9/22/2018
18,2018,9,23,1,0,Millbrook School,35.856111,-78.574167,9/23/2018
19,2018,9,23,1,0,Millbrook School,35.856111,-78.574167,9/23/2018
10,2018,9,24,1,0,Millbrook School,35.856111,-78.574167,9/24/2018
13,2018,9,24,1,0,Millbrook School,35.856111,-78.574167,9/24/2018
14,2018,9,25,1,0,Millbrook School,35.856111,-78.574167,9/25/2018
16,2018,9,25,1,0,Millbrook School,35.856111,-78.574167,9/25/2018
15,2018,9,26,1,0,Millbrook School,35.856111,-78.574167,9/26/2018
16,2018,9,26,1,0,Millbrook School,35.856111,-78.574167,9/26/2018
10,2018,9,27,1,0,Millbrook School,35.856111,-78.574167,9/27/2018
13,2018,9,27,1,0,Millbrook School,35.856111,-78.574167,9/27/2018
11,2018,9,28,1,0,Millbrook School,35.856111,-78.574167,9/28/2018
12,2018,9,28,1,0,Millbrook School,35.856111,-78.574167,9/28/2018
12,2018,9,29,1,0,Millbrook School,35.856111,-78.574167,9/29/2018
12,2018,9,29,1,0,Millbrook School,35.856111,-78.574167,9/29/2018
12,2018,9,30,1,0,Millbrook School,35.856111,-78.574167,9/30/2018
13,2018,9,30,1,0,Millbrook School,35.856111,-78.574167,9/30/2018
16,2018,10,1,1,0,Millbrook School,35.856111,-78.574167,10/1/2018
17,2018,10,1,1,0,Millbrook School,35.856111,-78.574167,10/1/2018
20,2018,10,2,1,0,Millbrook School,35.856111,-78.574167,10/2/2018
20,2018,10,2,1,0,Millbrook School,35.856111,-78.574167,10/2/2018
18,2018,10,3,1,0,Millbrook School,35.856111,-78.574167,10/3/2018
20,2018,10,3,1,0,Millbrook School,35.856111,-78.574167,10/3/2018
19,2018,10,4,1,0,Millbrook School,35.856111,-78.574167,10/4/2018
22,2018,10,4,1,0,Millbrook School,35.856111,-78.574167,10/4/2018
19,2018,10,5,1,0,Millbrook School,35.856111,-78.574167,10/5/2018
22,2018,10,5,1,0,Millbrook School,35.856111,-78.574167,10/5/2018
17,2018,10,6,1,0,Millbrook School,35.856111,-78.574167,10/6/2018
17,2018,10,6,1,0,Millbrook School,35.856111,-78.574167,10/6/2018
15,2018,10,7,1,0,Millbrook School,35.856111,-78.574167,10/7/2018
18,2018,10,7,1,0,Millbrook School,35.856111,-78.574167,10/7/2018
12,2018,10,8,1,0,Millbrook School,35.856111,-78.574167,10/8/2018
13,2018,10,8,1,0,Millbrook School,35.856111,-78.574167,10/8/2018
11,2018,10,9,1,0,Millbrook School,35.856111,-78.574167,10/9/2018
13,2018,10,9,1,0,Millbrook School,35.856111,-78.574167,10/9/2018
9,2018,10,13,1,0,Millbrook School,35.856111,-78.574167,10/13/2018
10,2018,10,13,1,0,Millbrook School,35.856111,-78.574167,10/13/2018
12,2018,10,14,1,0,Millbrook School,35.856111,-78.574167,10/14/2018
12,2018,10,14,1,0,Millbrook School,35.856111,-78.574167,10/14/2018
15,2018,10,15,1,0,Millbrook School,35.856111,-78.574167,10/15/2018
15,2018,10,15,1,0,Millbrook School,35.856111,-78.574167,10/15/2018
13,2018,10,16,1,0,Millbrook School,35.856111,-78.574167,10/16/2018
14,2018,10,16,1,0,Millbrook School,35.856111,-78.574167,10/16/2018
10,2018,10,17,1,0,Millbrook School,35.856111,-78.574167,10/17/2018
11,2018,10,17,1,0,Millbrook School,35.856111,-78.574167,10/17/2018
12,2018,10,18,1,0,Millbrook School,35.856111,-78.574167,10/18/2018
13,2018,10,18,1,0,Millbrook School,35.856111,-78.574167,10/18/2018
14,2018,10,19,1,0,Millbrook School,35.856111,-78.574167,10/19/2018
16,2018,10,19,1,0,Millbrook School,35.856111,-78.574167,10/19/2018
15,2018,10,20,1,0,Millbrook School,35.856111,-78.574167,10/20/2018
15,2018,10,20,1,0,Millbrook School,35.856111,-78.574167,10/20/2018
10,2018,10,21,1,0,Millbrook School,35.856111,-78.574167,10/21/2018
9,2018,10,21,1,0,Millbrook School,35.856111,-78.574167,10/21/2018
8,2018,10,22,1,0,Millbrook School,35.856111,-78.574167,10/22/2018
10,2018,10,22,1,0,Millbrook School,35.856111,-78.574167,10/22/2018
15,2018,10,23,1,0,Millbrook School,35.856111,-78.574167,10/23/2018
16,2018,10,23,1,0,Millbrook School,35.856111,-78.574167,10/23/2018
15,2018,10,24,1,0,Millbrook School,35.856111,-78.574167,10/24/2018
14,2018,10,24,1,0,Millbrook School,35.856111,-78.574167,10/24/2018
15,2018,10,25,1,0,Millbrook School,35.856111,-78.574167,10/25/2018
15,2018,10,25,1,0,Millbrook School,35.856111,-78.574167,10/25/2018
10,2018,10,26,1,0,Millbrook School,35.856111,-78.574167,10/26/2018
9,2018,10,26,1,0,Millbrook School,35.856111,-78.574167,10/26/2018
6,2018,10,27,1,0,Millbrook School,35.856111,-78.574167,10/27/2018
7,2018,10,27,1,0,Millbrook School,35.856111,-78.574167,10/27/2018
9,2018,10,28,1,0,Millbrook School,35.856111,-78.574167,10/28/2018
9,2018,10,28,1,0,Millbrook School,35.856111,-78.574167,10/28/2018
10,2018,10,29,1,0,Millbrook School,35.856111,-78.574167,10/29/2018
11,2018,10,29,1,0,Millbrook School,35.856111,-78.574167,10/29/2018
13,2018,10,30,1,0,Millbrook School,35.856111,-78.574167,10/30/2018
14,2018,10,30,1,0,Millbrook School,35.856111,-78.574167,10/30/2018
13,2018,11,1,1,0,Millbrook School,35.856111,-78.574167,11/1/2018
13,2018,11,1,1,0,Millbrook School,35.856111,-78.574167,11/1/2018
11,2018,11,2,1,0,Millbrook School,35.856111,-78.574167,11/2/2018
12,2018,11,2,1,0,Millbrook School,35.856111,-78.574167,11/2/2018
9,2018,11,3,1,0,Millbrook School,35.856111,-78.574167,11/3/2018
9,2018,11,3,1,0,Millbrook School,35.856111,-78.574167,11/3/2018
12,2018,11,4,1,0,Millbrook School,35.856111,-78.574167,11/4/2018
12,2018,11,4,1,0,Millbrook School,35.856111,-78.574167,11/4/2018
11,2018,11,5,1,0,Millbrook School,35.856111,-78.574167,11/5/2018
13,2018,11,5,1,0,Millbrook School,35.856111,-78.574167,11/5/2018
13,2018,11,6,1,0,Millbrook School,35.856111,-78.574167,11/6/2018
14,2018,11,6,1,0,Millbrook School,35.856111,-78.574167,11/6/2018
15,2018,11,7,1,0,Millbrook School,35.856111,-78.574167,11/7/2018
20,2018,11,8,1,0,Millbrook School,35.856111,-78.574167,11/8/2018
14,2018,11,9,1,0,Millbrook School,35.856111,-78.574167,11/9/2018
14,2018,11,9,1,0,Millbrook School,35.856111,-78.574167,11/9/2018
9,2018,11,10,1,0,Millbrook School,35.856111,-78.574167,11/10/2018
9,2018,11,10,1,0,Millbrook School,35.856111,-78.574167,11/10/2018
12,2018,11,11,1,0,Millbrook School,35.856111,-78.574167,11/11/2018
12,2018,11,11,1,0,Millbrook School,35.856111,-78.574167,11/11/2018
13,2018,11,12,1,0,Millbrook School,35.856111,-78.574167,11/12/2018
12,2018,11,12,1,0,Millbrook School,35.856111,-78.574167,11/12/2018
8,2018,11,13,1,0,Millbrook School,35.856111,-78.574167,11/13/2018
9,2018,11,13,1,0,Millbrook School,35.856111,-78.574167,11/13/2018
14,2018,11,14,1,0,Millbrook School,35.856111,-78.574167,11/14/2018
14,2018,11,14,1,0,Millbrook School,35.856111,-78.574167,11/14/2018
8,2018,11,15,1,0,Millbrook School,35.856111,-78.574167,11/15/2018
6,2018,11,15,1,0,Millbrook School,35.856111,-78.574167,11/15/2018
12,2018,11,16,1,0,Millbrook School,35.856111,-78.574167,11/16/2018
11,2018,11,16,1,0,Millbrook School,35.856111,-78.574167,11/16/2018
18,2018,11,17,1,0,Millbrook School,35.856111,-78.574167,11/17/2018
18,2018,11,17,1,0,Millbrook School,35.856111,-78.574167,11/17/2018
21,2018,11,18,1,0,Millbrook School,35.856111,-78.574167,11/18/2018
26,2018,11,18,1,0,Millbrook School,35.856111,-78.574167,11/18/2018
21,2018,11,19,1,0,Millbrook School,35.856111,-78.574167,11/19/2018
25,2018,11,19,1,0,Millbrook School,35.856111,-78.574167,11/19/2018
16,2018,11,20,1,0,Millbrook School,35.856111,-78.574167,11/20/2018
18,2018,11,20,1,0,Millbrook School,35.856111,-78.574167,11/20/2018
11,2018,11,21,1,0,Millbrook School,35.856111,-78.574167,11/21/2018
13,2018,11,21,1,0,Millbrook School,35.856111,-78.574167,11/21/2018
15,2018,11,22,1,0,Millbrook School,35.856111,-78.574167,11/22/2018
17,2018,11,22,1,0,Millbrook School,35.856111,-78.574167,11/22/2018
11,2018,11,23,1,0,Millbrook School,35.856111,-78.574167,11/23/2018
11,2018,11,23,1,0,Millbrook School,35.856111,-78.574167,11/23/2018
10,2018,11,24,1,0,Millbrook School,35.856111,-78.574167,11/24/2018
9,2018,11,24,1,0,Millbrook School,35.856111,-78.574167,11/24/2018
15,2018,11,25,1,0,Millbrook School,35.856111,-78.574167,11/25/2018
19,2018,11,25,1,0,Millbrook School,35.856111,-78.574167,11/25/2018
14,2018,11,26,1,0,Millbrook School,35.856111,-78.574167,11/26/2018
13,2018,11,26,1,0,Millbrook School,35.856111,-78.574167,11/26/2018
7,2018,11,27,1,0,Millbrook School,35.856111,-78.574167,11/27/2018
6,2018,11,27,1,0,Millbrook School,35.856111,-78.574167,11/27/2018
11,2018,11,28,1,0,Millbrook School,35.856111,-78.574167,11/28/2018
11,2018,11,28,1,0,Millbrook School,35.856111,-78.574167,11/28/2018
15,2018,11,29,1,0,Millbrook School,35.856111,-78.574167,11/29/2018
16,2018,11,29,1,0,Millbrook School,35.856111,-78.574167,11/29/2018
18,2018,11,30,1,0,Millbrook School,35.856111,-78.574167,11/30/2018
18,2018,11,30,1,0,Millbrook School,35.856111,-78.574167,11/30/2018
18,2018,12,1,1,0,Millbrook School,35.856111,-78.574167,12/1/2018
10,2018,12,2,1,0,Millbrook School,35.856111,-78.574167,12/2/2018
26,2018,12,3,1,0,Millbrook School,35.856111,-78.574167,12/3/2018
7,2018,12,4,1,0,Millbrook School,35.856111,-78.574167,12/4/2018
9,2018,12,5,1,0,Millbrook School,35.856111,-78.574167,12/5/2018
12,2018,12,6,1,0,Millbrook School,35.856111,-78.574167,12/6/2018
17,2018,12,7,1,0,Millbrook School,35.856111,-78.574167,12/7/2018
17,2018,12,8,1,0,Millbrook School,35.856111,-78.574167,12/8/2018
11,2018,12,10,1,0,Millbrook School,35.856111,-78.574167,12/10/2018
21,2018,12,11,1,0,Millbrook School,35.856111,-78.574167,12/11/2018
21,2018,12,12,1,0,Millbrook School,35.856111,-78.574167,12/12/2018
19,2018,12,12,1,0,Millbrook School,35.856111,-78.574167,12/12/2018
25,2018,12,13,1,0,Millbrook School,35.856111,-78.574167,12/13/2018
25,2018,12,13,1,0,Millbrook School,35.856111,-78.574167,12/13/2018
15,2018,12,14,1,0,Millbrook School,35.856111,-78.574167,12/14/2018
16,2018,12,14,1,0,Millbrook School,35.856111,-78.574167,12/14/2018
9,2018,12,15,1,0,Millbrook School,35.856111,-78.574167,12/15/2018
10,2018,12,15,1,0,Millbrook School,35.856111,-78.574167,12/15/2018
9,2018,12,16,1,0,Millbrook School,35.856111,-78.574167,12/16/2018
10,2018,12,16,1,0,Millbrook School,35.856111,-78.574167,12/16/2018
9,2018,12,17,1,0,Millbrook School,35.856111,-78.574167,12/17/2018
7,2018,12,17,1,0,Millbrook School,35.856111,-78.574167,12/17/2018
14,2018,12,18,1,0,Millbrook School,35.856111,-78.574167,12/18/2018
15,2018,12,18,1,0,Millbrook School,35.856111,-78.574167,12/18/2018
14,2018,12,20,1,0,Millbrook School,35.856111,-78.574167,12/20/2018
15,2018,12,20,1,0,Millbrook School,35.856111,-78.574167,12/20/2018
11,2018,12,21,1,0,Millbrook School,35.856111,-78.574167,12/21/2018
11,2018,12,21,1,0,Millbrook School,35.856111,-78.574167,12/21/2018
6,2018,12,22,1,0,Millbrook School,35.856111,-78.574167,12/22/2018
4,2018,12,22,1,0,Millbrook School,35.856111,-78.574167,12/22/2018
11,2018,12,23,1,0,Millbrook School,35.856111,-78.574167,12/23/2018
11,2018,12,23,1,0,Millbrook School,35.856111,-78.574167,12/23/2018
12,2018,12,24,1,0,Millbrook School,35.856111,-78.574167,12/24/2018
12,2018,12,24,1,0,Millbrook School,35.856111,-78.574167,12/24/2018
16,2018,12,25,1,0,Millbrook School,35.856111,-78.574167,12/25/2018
16,2018,12,25,1,0,Millbrook School,35.856111,-78.574167,12/25/2018
19,2018,12,26,1,0,Millbrook School,35.856111,-78.574167,12/26/2018
20,2018,12,26,1,0,Millbrook School,35.856111,-78.574167,12/26/2018
16,2018,12,27,1,0,Millbrook School,35.856111,-78.574167,12/27/2018
15,2018,12,27,1,0,Millbrook School,35.856111,-78.574167,12/27/2018
11,2018,12,28,1,0,Millbrook School,35.856111,-78.574167,12/28/2018
12,2018,12,28,1,0,Millbrook School,35.856111,-78.574167,12/28/2018
12,2018,12,29,1,0,Millbrook School,35.856111,-78.574167,12/29/2018
12,2018,12,29,1,0,Millbrook School,35.856111,-78.574167,12/29/2018
17,2018,12,30,1,0,Millbrook School,35.856111,-78.574167,12/30/2018
19,2018,12,30,1,0,Millbrook School,35.856111,-78.574167,12/30/2018
11,2018,7,9,1,0,Millbrook School,35.856111,-78.574167,7/9/2018
19,2018,7,10,1,0,Millbrook School,35.856111,-78.574167,7/10/2018
20,2018,7,13,1,0,Millbrook School,35.856111,-78.574167,7/13/2018
15,2018,7,14,1,0,Millbrook School,35.856111,-78.574167,7/14/2018
19,2018,7,15,1,0,Millbrook School,35.856111,-78.574167,7/15/2018
16,2018,7,26,1,0,Millbrook School,35.856111,-78.574167,7/26/2018
18,2018,7,27,1,0,Millbrook School,35.856111,-78.574167,7/27/2018
18,2018,7,28,1,0,Millbrook School,35.856111,-78.574167,7/28/2018
16,2018,7,29,1,0,Millbrook School,35.856111,-78.574167,7/29/2018
12,2018,7,30,1,0,Millbrook School,35.856111,-78.574167,7/30/2018
16,2018,7,31,1,0,Millbrook School,35.856111,-78.574167,7/31/2018
13,2018,8,3,1,0,Millbrook School,35.856111,-78.574167,8/3/2018
6,2020,1,21,1,0,Millbrook School,35.856111,-78.574167,1/21/2020
7,2020,1,21,1,0,Millbrook School,35.856111,-78.574167,1/21/2020
10,2020,1,22,1,0,Millbrook School,35.856111,-78.574167,1/22/2020
12,2020,1,22,1,0,Millbrook School,35.856111,-78.574167,1/22/2020
14,2020,1,23,1,0,Millbrook School,35.856111,-78.574167,1/23/2020
14,2020,1,23,1,0,Millbrook School,35.856111,-78.574167,1/23/2020
12,2020,1,24,1,0,Millbrook School,35.856111,-78.574167,1/24/2020
13,2020,1,24,1,0,Millbrook School,35.856111,-78.574167,1/24/2020
5,2020,1,25,1,0,Millbrook School,35.856111,-78.574167,1/25/2020
6,2020,1,25,1,0,Millbrook School,35.856111,-78.574167,1/25/2020
6,2020,1,26,1,0,Millbrook School,35.856111,-78.574167,1/26/2020
8,2020,1,26,1,0,Millbrook School,35.856111,-78.574167,1/26/2020
13,2020,1,27,1,0,Millbrook School,35.856111,-78.574167,1/27/2020
15,2020,1,27,1,0,Millbrook School,35.856111,-78.574167,1/27/2020
7,2020,1,28,1,0,Millbrook School,35.856111,-78.574167,1/28/2020
7,2020,1,28,1,0,Millbrook School,35.856111,-78.574167,1/28/2020
10,2020,1,29,1,0,Millbrook School,35.856111,-78.574167,1/29/2020
11,2020,1,29,1,0,Millbrook School,35.856111,-78.574167,1/29/2020
10,2020,2,8,1,0,Millbrook School,35.856111,-78.574167,2/8/2020
7,2020,2,8,1,0,Millbrook School,35.856111,-78.574167,2/8/2020
12,2020,2,9,1,0,Millbrook School,35.856111,-78.574167,2/9/2020
11,2020,2,9,1,0,Millbrook School,35.856111,-78.574167,2/9/2020
17,2020,2,10,1,0,Millbrook School,35.856111,-78.574167,2/10/2020
15,2020,2,10,1,0,Millbrook School,35.856111,-78.574167,2/10/2020
14,2020,2,11,1,0,Millbrook School,35.856111,-78.574167,2/11/2020
13,2020,2,11,1,0,Millbrook School,35.856111,-78.574167,2/11/2020
9,2020,2,12,1,0,Millbrook School,35.856111,-78.574167,2/12/2020
8,2020,2,12,1,0,Millbrook School,35.856111,-78.574167,2/12/2020
14,2020,2,13,1,0,Millbrook School,35.856111,-78.574167,2/13/2020
11,2020,2,13,1,0,Millbrook School,35.856111,-78.574167,2/13/2020
7,2020,2,14,1,0,Millbrook School,35.856111,-78.574167,2/14/2020
6,2020,2,14,1,0,Millbrook School,35.856111,-78.574167,2/14/2020
11,2020,2,15,1,0,Millbrook School,35.856111,-78.574167,2/15/2020
11,2020,2,15,1,0,Millbrook School,35.856111,-78.574167,2/15/2020
16,2020,2,16,1,0,Millbrook School,35.856111,-78.574167,2/16/2020
19,2020,2,16,1,0,Millbrook School,35.856111,-78.574167,2/16/2020
18,2020,2,17,1,0,Millbrook School,35.856111,-78.574167,2/17/2020
19,2020,2,17,1,0,Millbrook School,35.856111,-78.574167,2/17/2020
16,2020,2,18,1,0,Millbrook School,35.856111,-78.574167,2/18/2020
20,2020,2,18,1,0,Millbrook School,35.856111,-78.574167,2/18/2020
11,2020,2,19,1,0,Millbrook School,35.856111,-78.574167,2/19/2020
11,2020,2,19,1,0,Millbrook School,35.856111,-78.574167,2/19/2020
9,2020,2,20,1,0,Millbrook School,35.856111,-78.574167,2/20/2020
9,2020,2,20,1,0,Millbrook School,35.856111,-78.574167,2/20/2020
10,2020,2,21,1,0,Millbrook School,35.856111,-78.574167,2/21/2020
11,2020,2,21,1,0,Millbrook School,35.856111,-78.574167,2/21/2020
19,2020,2,22,1,0,Millbrook School,35.856111,-78.574167,2/22/2020
19,2020,2,22,1,0,Millbrook School,35.856111,-78.574167,2/22/2020
18,2020,2,23,1,0,Millbrook School,35.856111,-78.574167,2/23/2020
20,2020,2,23,1,0,Millbrook School,35.856111,-78.574167,2/23/2020
17,2020,2,24,1,0,Millbrook School,35.856111,-78.574167,2/24/2020
19,2020,2,24,1,0,Millbrook School,35.856111,-78.574167,2/24/2020
11,2020,2,25,1,0,Millbrook School,35.856111,-78.574167,2/25/2020
13,2020,2,25,1,0,Millbrook School,35.856111,-78.574167,2/25/2020
12,2020,2,26,1,0,Millbrook School,35.856111,-78.574167,2/26/2020
12,2020,2,26,1,0,Millbrook School,35.856111,-78.574167,2/26/2020
7,2020,2,27,1,0,Millbrook School,35.856111,-78.574167,2/27/2020
6,2020,2,27,1,0,Millbrook School,35.856111,-78.574167,2/27/2020
10,2020,2,28,1,0,Millbrook School,35.856111,-78.574167,2/28/2020
10,2020,2,28,1,0,Millbrook School,35.856111,-78.574167,2/28/2020
7,2020,2,29,1,0,Millbrook School,35.856111,-78.574167,2/29/2020
8,2020,2,29,1,0,Millbrook School,35.856111,-78.574167,2/29/2020
9,2020,3,1,1,0,Millbrook School,35.856111,-78.574167,3/1/2020
11,2020,3,1,1,0,Millbrook School,35.856111,-78.574167,3/1/2020
16,2020,3,2,1,0,Millbrook School,35.856111,-78.574167,3/2/2020
17,2020,3,2,1,0,Millbrook School,35.856111,-78.574167,3/2/2020
12,2020,3,3,1,0,Millbrook School,35.856111,-78.574167,3/3/2020
13,2020,3,3,1,0,Millbrook School,35.856111,-78.574167,3/3/2020
9,2020,3,4,1,0,Millbrook School,35.856111,-78.574167,3/4/2020
10,2020,3,4,1,0,Millbrook School,35.856111,-78.574167,3/4/2020
12,2020,3,5,1,0,Millbrook School,35.856111,-78.574167,3/5/2020
13,2020,3,5,1,0,Millbrook School,35.856111,-78.574167,3/5/2020
11,2020,3,6,1,0,Millbrook School,35.856111,-78.574167,3/6/2020
11,2020,3,6,1,0,Millbrook School,35.856111,-78.574167,3/6/2020
6,2020,3,7,1,0,Millbrook School,35.856111,-78.574167,3/7/2020
5,2020,3,7,1,0,Millbrook School,35.856111,-78.574167,3/7/2020
10,2020,3,8,1,0,Millbrook School,35.856111,-78.574167,3/8/2020
11,2020,3,8,1,0,Millbrook School,35.856111,-78.574167,3/8/2020
15,2020,3,9,1,0,Millbrook School,35.856111,-78.574167,3/9/2020
13,2020,3,9,1,0,Millbrook School,35.856111,-78.574167,3/9/2020
15,2020,3,10,1,0,Millbrook School,35.856111,-78.574167,3/10/2020
15,2020,3,10,1,0,Millbrook School,35.856111,-78.574167,3/10/2020
16,2020,3,11,1,0,Millbrook School,35.856111,-78.574167,3/11/2020
18,2020,3,11,1,0,Millbrook School,35.856111,-78.574167,3/11/2020
20,2020,3,12,1,0,Millbrook School,35.856111,-78.574167,3/12/2020
24,2020,3,12,1,0,Millbrook School,35.856111,-78.574167,3/12/2020
20,2020,3,13,1,0,Millbrook School,35.856111,-78.574167,3/13/2020
19,2020,3,13,1,0,Millbrook School,35.856111,-78.574167,3/13/2020
14,2020,3,14,1,0,Millbrook School,35.856111,-78.574167,3/14/2020
17,2020,3,14,1,0,Millbrook School,35.856111,-78.574167,3/14/2020
13,2020,3,15,1,0,Millbrook School,35.856111,-78.574167,3/15/2020
14,2020,3,15,1,0,Millbrook School,35.856111,-78.574167,3/15/2020
11,2020,3,16,1,0,Millbrook School,35.856111,-78.574167,3/16/2020
12,2020,3,16,1,0,Millbrook School,35.856111,-78.574167,3/16/2020
16,2020,3,17,1,0,Millbrook School,35.856111,-78.574167,3/17/2020
19,2020,3,17,1,0,Millbrook School,35.856111,-78.574167,3/17/2020
19,2020,3,18,1,0,Millbrook School,35.856111,-78.574167,3/18/2020
24,2020,3,18,1,0,Millbrook School,35.856111,-78.574167,3/18/2020
21,2020,3,19,1,0,Millbrook School,35.856111,-78.574167,3/19/2020
21,2020,3,19,1,0,Millbrook School,35.856111,-78.574167,3/19/2020
28,2020,3,20,1,0,Millbrook School,35.856111,-78.574167,3/20/2020
26,2020,3,20,1,0,Millbrook School,35.856111,-78.574167,3/20/2020
10,2020,3,21,1,0,Millbrook School,35.856111,-78.574167,3/21/2020
10,2020,3,21,1,0,Millbrook School,35.856111,-78.574167,3/21/2020
11,2020,3,22,1,0,Millbrook School,35.856111,-78.574167,3/22/2020
12,2020,3,22,1,0,Millbrook School,35.856111,-78.574167,3/22/2020
7,2020,3,23,1,0,Millbrook School,35.856111,-78.574167,3/23/2020
7,2020,3,23,1,0,Millbrook School,35.856111,-78.574167,3/23/2020
11,2020,3,24,1,0,Millbrook School,35.856111,-78.574167,3/24/2020
13,2020,3,24,1,0,Millbrook School,35.856111,-78.574167,3/24/2020
5,2020,3,25,1,0,Millbrook School,35.856111,-78.574167,3/25/2020
4,2020,3,25,1,0,Millbrook School,35.856111,-78.574167,3/25/2020
8,2020,3,26,1,0,Millbrook School,35.856111,-78.574167,3/26/2020
9,2020,3,26,1,0,Millbrook School,35.856111,-78.574167,3/26/2020
19,2020,3,27,1,0,Millbrook School,35.856111,-78.574167,3/27/2020
21,2020,3,27,1,0,Millbrook School,35.856111,-78.574167,3/27/2020
33,2020,3,28,1,0,Millbrook School,35.856111,-78.574167,3/28/2020
35,2020,3,28,1,0,Millbrook School,35.856111,-78.574167,3/28/2020
29,2020,3,29,1,0,Millbrook School,35.856111,-78.574167,3/29/2020
28,2020,3,29,1,0,Millbrook School,35.856111,-78.574167,3/29/2020
8,2020,4,4,1,0,Millbrook School,35.856111,-78.574167,4/4/2020
10,2020,4,4,1,0,Millbrook School,35.856111,-78.574167,4/4/2020
8,2020,4,5,1,0,Millbrook School,35.856111,-78.574167,4/5/2020
12,2020,4,5,1,0,Millbrook School,35.856111,-78.574167,4/5/2020
14,2020,4,6,1,0,Millbrook School,35.856111,-78.574167,4/6/2020
18,2020,4,6,1,0,Millbrook School,35.856111,-78.574167,4/6/2020
16,2020,4,7,1,0,Millbrook School,35.856111,-78.574167,4/7/2020
22,2020,4,7,1,0,Millbrook School,35.856111,-78.574167,4/7/2020
17,2020,4,8,1,0,Millbrook School,35.856111,-78.574167,4/8/2020
21,2020,4,8,1,0,Millbrook School,35.856111,-78.574167,4/8/2020
13,2020,4,9,1,0,Millbrook School,35.856111,-78.574167,4/9/2020
16,2020,4,9,1,0,Millbrook School,35.856111,-78.574167,4/9/2020
9,2020,4,10,1,0,Millbrook School,35.856111,-78.574167,4/10/2020
11,2020,4,10,1,0,Millbrook School,35.856111,-78.574167,4/10/2020
9,2020,4,11,1,0,Millbrook School,35.856111,-78.574167,4/11/2020
14,2020,4,11,1,0,Millbrook School,35.856111,-78.574167,4/11/2020
13,2020,4,12,1,0,Millbrook School,35.856111,-78.574167,4/12/2020
16,2020,4,12,1,0,Millbrook School,35.856111,-78.574167,4/12/2020
14,2020,4,13,1,0,Millbrook School,35.856111,-78.574167,4/13/2020
17,2020,4,13,1,0,Millbrook School,35.856111,-78.574167,4/13/2020
8,2020,4,14,1,0,Millbrook School,35.856111,-78.574167,4/14/2020
13,2020,4,14,1,0,Millbrook School,35.856111,-78.574167,4/14/2020
8,2020,4,15,1,0,Millbrook School,35.856111,-78.574167,4/15/2020
12,2020,4,15,1,0,Millbrook School,35.856111,-78.574167,4/15/2020
11,2020,4,16,1,0,Millbrook School,35.856111,-78.574167,4/16/2020
15,2020,4,16,1,0,Millbrook School,35.856111,-78.574167,4/16/2020
13,2020,4,17,1,0,Millbrook School,35.856111,-78.574167,4/17/2020
18,2020,4,17,1,0,Millbrook School,35.856111,-78.574167,4/17/2020
8,2020,4,18,1,0,Millbrook School,35.856111,-78.574167,4/18/2020
10,2020,4,18,1,0,Millbrook School,35.856111,-78.574167,4/18/2020
10,2020,4,19,1,0,Millbrook School,35.856111,-78.574167,4/19/2020
10,2020,4,19,1,0,Millbrook School,35.856111,-78.574167,4/19/2020
8,2020,4,20,1,0,Millbrook School,35.856111,-78.574167,4/20/2020
10,2020,4,20,1,0,Millbrook School,35.856111,-78.574167,4/20/2020
9,2020,4,21,1,0,Millbrook School,35.856111,-78.574167,4/21/2020
10,2020,4,21,1,0,Millbrook School,35.856111,-78.574167,4/21/2020
10,2020,4,22,1,0,Millbrook School,35.856111,-78.574167,4/22/2020
11,2020,4,22,1,0,Millbrook School,35.856111,-78.574167,4/22/2020
11,2020,4,23,1,0,Millbrook School,35.856111,-78.574167,4/23/2020
10,2020,4,23,1,0,Millbrook School,35.856111,-78.574167,4/23/2020
7,2020,4,24,1,0,Millbrook School,35.856111,-78.574167,4/24/2020
10,2020,4,24,1,0,Millbrook School,35.856111,-78.574167,4/24/2020
9,2020,4,25,1,0,Millbrook School,35.856111,-78.574167,4/25/2020
10,2020,4,25,1,0,Millbrook School,35.856111,-78.574167,4/25/2020
9,2020,4,26,1,0,Millbrook School,35.856111,-78.574167,4/26/2020
11,2020,4,26,1,0,Millbrook School,35.856111,-78.574167,4/26/2020
3,2020,4,27,1,0,Millbrook School,35.856111,-78.574167,4/27/2020
4,2020,4,27,1,0,Millbrook School,35.856111,-78.574167,4/27/2020
10,2020,4,28,1,0,Millbrook School,35.856111,-78.574167,4/28/2020
11,2020,4,28,1,0,Millbrook School,35.856111,-78.574167,4/28/2020
15,2020,4,29,1,0,Millbrook School,35.856111,-78.574167,4/29/2020
14,2020,4,29,1,0,Millbrook School,35.856111,-78.574167,4/29/2020
9,2020,4,30,1,0,Millbrook School,35.856111,-78.574167,4/30/2020
11,2020,4,30,1,0,Millbrook School,35.856111,-78.574167,4/30/2020
2,2020,5,1,1,0,Millbrook School,35.856111,-78.574167,5/1/2020
5,2020,5,1,1,0,Millbrook School,35.856111,-78.574167,5/1/2020
5,2020,5,2,1,0,Millbrook School,35.856111,-78.574167,5/2/2020
10,2020,5,2,1,0,Millbrook School,35.856111,-78.574167,5/2/2020
15,2020,5,3,1,0,Millbrook School,35.856111,-78.574167,5/3/2020
20,2020,5,3,1,0,Millbrook School,35.856111,-78.574167,5/3/2020
12,2020,5,4,1,0,Millbrook School,35.856111,-78.574167,5/4/2020
16,2020,5,4,1,0,Millbrook School,35.856111,-78.574167,5/4/2020
8,2020,5,5,1,0,Millbrook School,35.856111,-78.574167,5/5/2020
12,2020,5,5,1,0,Millbrook School,35.856111,-78.574167,5/5/2020
7,2020,5,6,1,0,Millbrook School,35.856111,-78.574167,5/6/2020
8,2020,5,7,1,0,Millbrook School,35.856111,-78.574167,5/7/2020
11,2020,5,8,1,0,Millbrook School,35.856111,-78.574167,5/8/2020
17,2020,5,8,1,0,Millbrook School,35.856111,-78.574167,5/8/2020
7,2020,5,9,1,0,Millbrook School,35.856111,-78.574167,5/9/2020
12,2020,5,9,1,0,Millbrook School,35.856111,-78.574167,5/9/2020
9,2020,5,10,1,0,Millbrook School,35.856111,-78.574167,5/10/2020
16,2020,5,10,1,0,Millbrook School,35.856111,-78.574167,5/10/2020
7,2020,5,11,1,0,Millbrook School,35.856111,-78.574167,5/11/2020
12,2020,5,11,1,0,Millbrook School,35.856111,-78.574167,5/11/2020
5,2020,5,12,1,0,Millbrook School,35.856111,-78.574167,5/12/2020
12,2020,5,12,1,0,Millbrook School,35.856111,-78.574167,5/12/2020
13,2020,5,13,1,0,Millbrook School,35.856111,-78.574167,5/13/2020
23,2020,5,13,1,0,Millbrook School,35.856111,-78.574167,5/13/2020
8,2020,5,22,1,0,Millbrook School,35.856111,-78.574167,5/22/2020
15,2020,5,22,1,0,Millbrook School,35.856111,-78.574167,5/22/2020
10,2020,5,23,1,0,Millbrook School,35.856111,-78.574167,5/23/2020
19,2020,5,23,1,0,Millbrook School,35.856111,-78.574167,5/23/2020
11,2020,5,24,1,0,Millbrook School,35.856111,-78.574167,5/24/2020
21,2020,5,24,1,0,Millbrook School,35.856111,-78.574167,5/24/2020
7,2020,5,25,1,0,Millbrook School,35.856111,-78.574167,5/25/2020
14,2020,5,25,1,0,Millbrook School,35.856111,-78.574167,5/25/2020
7,2020,5,26,1,0,Millbrook School,35.856111,-78.574167,5/26/2020
14,2020,5,26,1,0,Millbrook School,35.856111,-78.574167,5/26/2020
6,2020,5,27,1,0,Millbrook School,35.856111,-78.574167,5/27/2020
13,2020,5,27,1,0,Millbrook School,35.856111,-78.574167,5/27/2020
13,2020,5,29,1,0,Millbrook School,35.856111,-78.574167,5/29/2020
18,2020,5,29,1,0,Millbrook School,35.856111,-78.574167,5/29/2020
9,2020,5,30,1,0,Millbrook School,35.856111,-78.574167,5/30/2020
16,2020,5,30,1,0,Millbrook School,35.856111,-78.574167,5/30/2020
11,2020,5,31,1,0,Millbrook School,35.856111,-78.574167,5/31/2020
21,2020,5,31,1,0,Millbrook School,35.856111,-78.574167,5/31/2020
8,2020,6,1,1,0,Millbrook School,35.856111,-78.574167,6/1/2020
16,2020,6,1,1,0,Millbrook School,35.856111,-78.574167,6/1/2020
17,2020,6,2,1,0,Millbrook School,35.856111,-78.574167,6/2/2020
26,2020,6,2,1,0,Millbrook School,35.856111,-78.574167,6/2/2020
20,2020,6,3,1,0,Millbrook School,35.856111,-78.574167,6/3/2020
35,2020,6,3,1,0,Millbrook School,35.856111,-78.574167,6/3/2020
25,2020,6,4,1,0,Millbrook School,35.856111,-78.574167,6/4/2020
40,2020,6,4,1,0,Millbrook School,35.856111,-78.574167,6/4/2020
12,2020,6,5,1,0,Millbrook School,35.856111,-78.574167,6/5/2020
20,2020,6,5,1,0,Millbrook School,35.856111,-78.574167,6/5/2020
11,2020,6,6,1,0,Millbrook School,35.856111,-78.574167,6/6/2020
20,2020,6,6,1,0,Millbrook School,35.856111,-78.574167,6/6/2020
15,2020,6,7,1,0,Millbrook School,35.856111,-78.574167,6/7/2020
26,2020,6,7,1,0,Millbrook School,35.856111,-78.574167,6/7/2020
17,2020,6,8,1,0,Millbrook School,35.856111,-78.574167,6/8/2020
29,2020,6,8,1,0,Millbrook School,35.856111,-78.574167,6/8/2020
12,2020,6,10,1,0,Millbrook School,35.856111,-78.574167,6/10/2020
21,2020,6,10,1,0,Millbrook School,35.856111,-78.574167,6/10/2020
9,2020,6,11,1,0,Millbrook School,35.856111,-78.574167,6/11/2020
16,2020,6,11,1,0,Millbrook School,35.856111,-78.574167,6/11/2020
11,2020,6,12,1,0,Millbrook School,35.856111,-78.574167,6/12/2020
11,2020,6,13,1,0,Millbrook School,35.856111,-78.574167,6/13/2020
10,2020,6,14,1,0,Millbrook School,35.856111,-78.574167,6/14/2020
5,2020,6,15,1,0,Millbrook School,35.856111,-78.574167,6/15/2020
3,2020,6,16,1,0,Millbrook School,35.856111,-78.574167,6/16/2020
3,2020,6,17,1,0,Millbrook School,35.856111,-78.574167,6/17/2020
14,2020,6,26,1,0,Millbrook School,35.856111,-78.574167,6/26/2020
18,2020,6,26,1,0,Millbrook School,35.856111,-78.574167,6/26/2020
27,2020,6,27,1,0,Millbrook School,35.856111,-78.574167,6/27/2020
42,2020,6,27,1,0,Millbrook School,35.856111,-78.574167,6/27/2020
71,2020,6,28,1,0,Millbrook School,35.856111,-78.574167,6/28/2020
91,2020,6,28,1,0,Millbrook School,35.856111,-78.574167,6/28/2020
20,2020,6,29,1,0,Millbrook School,35.856111,-78.574167,6/29/2020
27,2020,6,29,1,0,Millbrook School,35.856111,-78.574167,6/29/2020
17,2020,6,30,1,0,Millbrook School,35.856111,-78.574167,6/30/2020
24,2020,6,30,1,0,Millbrook School,35.856111,-78.574167,6/30/2020
13,2020,7,1,1,0,Millbrook School,35.856111,-78.574167,7/1/2020
18,2020,7,1,1,0,Millbrook School,35.856111,-78.574167,7/1/2020
11,2020,7,2,1,0,Millbrook School,35.856111,-78.574167,7/2/2020
15,2020,7,2,1,0,Millbrook School,35.856111,-78.574167,7/2/2020
15,2020,7,3,1,0,Millbrook School,35.856111,-78.574167,7/3/2020
19,2020,7,3,1,0,Millbrook School,35.856111,-78.574167,7/3/2020
28,2020,7,4,1,0,Millbrook School,35.856111,-78.574167,7/4/2020
30,2020,7,4,1,0,Millbrook School,35.856111,-78.574167,7/4/2020
21,2020,7,5,1,0,Millbrook School,35.856111,-78.574167,7/5/2020
24,2020,7,5,1,0,Millbrook School,35.856111,-78.574167,7/5/2020
15,2020,7,6,1,0,Millbrook School,35.856111,-78.574167,7/6/2020
21,2020,7,6,1,0,Millbrook School,35.856111,-78.574167,7/6/2020
12,2020,7,7,1,0,Millbrook School,35.856111,-78.574167,7/7/2020
19,2020,7,7,1,0,Millbrook School,35.856111,-78.574167,7/7/2020
7,2020,7,8,1,0,Millbrook School,35.856111,-78.574167,7/8/2020
14,2020,7,8,1,0,Millbrook School,35.856111,-78.574167,7/8/2020
5,2020,7,9,1,0,Millbrook School,35.856111,-78.574167,7/9/2020
13,2020,7,9,1,0,Millbrook School,35.856111,-78.574167,7/9/2020
7,2020,7,10,1,0,Millbrook School,35.856111,-78.574167,7/10/2020
13,2020,7,10,1,0,Millbrook School,35.856111,-78.574167,7/10/2020
8,2020,7,11,1,0,Millbrook School,35.856111,-78.574167,7/11/2020
13,2020,7,11,1,0,Millbrook School,35.856111,-78.574167,7/11/2020
11,2020,7,12,1,0,Millbrook School,35.856111,-78.574167,7/12/2020
16,2020,7,12,1,0,Millbrook School,35.856111,-78.574167,7/12/2020
10,2020,7,13,1,0,Millbrook School,35.856111,-78.574167,7/13/2020
15,2020,7,13,1,0,Millbrook School,35.856111,-78.574167,7/13/2020
16,2020,7,14,1,0,Millbrook School,35.856111,-78.574167,7/14/2020
21,2020,7,14,1,0,Millbrook School,35.856111,-78.574167,7/14/2020
15,2020,7,15,1,0,Millbrook School,35.856111,-78.574167,7/15/2020
21,2020,7,15,1,0,Millbrook School,35.856111,-78.574167,7/15/2020
14,2020,7,16,1,0,Millbrook School,35.856111,-78.574167,7/16/2020
19,2020,7,16,1,0,Millbrook School,35.856111,-78.574167,7/16/2020
14,2020,7,17,1,0,Millbrook School,35.856111,-78.574167,7/17/2020
20,2020,7,17,1,0,Millbrook School,35.856111,-78.574167,7/17/2020
10,2020,7,18,1,0,Millbrook School,35.856111,-78.574167,7/18/2020
16,2020,7,18,1,0,Millbrook School,35.856111,-78.574167,7/18/2020
15,2020,7,19,1,0,Millbrook School,35.856111,-78.574167,7/19/2020
21,2020,7,19,1,0,Millbrook School,35.856111,-78.574167,7/19/2020
17,2020,7,20,1,0,Millbrook School,35.856111,-78.574167,7/20/2020
23,2020,7,20,1,0,Millbrook School,35.856111,-78.574167,7/20/2020
15,2020,7,21,1,0,Millbrook School,35.856111,-78.574167,7/21/2020
20,2020,7,21,1,0,Millbrook School,35.856111,-78.574167,7/21/2020
13,2020,7,22,1,0,Millbrook School,35.856111,-78.574167,7/22/2020
17,2020,7,22,1,0,Millbrook School,35.856111,-78.574167,7/22/2020
10,2020,7,23,1,0,Millbrook School,35.856111,-78.574167,7/23/2020
16,2020,7,23,1,0,Millbrook School,35.856111,-78.574167,7/23/2020
6,2020,7,24,1,0,Millbrook School,35.856111,-78.574167,7/24/2020
11,2020,7,24,1,0,Millbrook School,35.856111,-78.574167,7/24/2020
8,2020,7,25,1,0,Millbrook School,35.856111,-78.574167,7/25/2020
14,2020,7,25,1,0,Millbrook School,35.856111,-78.574167,7/25/2020
8,2020,7,26,1,0,Millbrook School,35.856111,-78.574167,7/26/2020
14,2020,7,26,1,0,Millbrook School,35.856111,-78.574167,7/26/2020
9,2020,7,27,1,0,Millbrook School,35.856111,-78.574167,7/27/2020
15,2020,7,27,1,0,Millbrook School,35.856111,-78.574167,7/27/2020
9,2020,7,28,1,0,Millbrook School,35.856111,-78.574167,7/28/2020
15,2020,7,28,1,0,Millbrook School,35.856111,-78.574167,7/28/2020
6,2020,7,29,1,0,Millbrook School,35.856111,-78.574167,7/29/2020
11,2020,7,29,1,0,Millbrook School,35.856111,-78.574167,7/29/2020
10,2020,7,30,1,0,Millbrook School,35.856111,-78.574167,7/30/2020
16,2020,7,30,1,0,Millbrook School,35.856111,-78.574167,7/30/2020
8,2020,8,6,1,0,Millbrook School,35.856111,-78.574167,8/6/2020
13,2020,8,6,1,0,Millbrook School,35.856111,-78.574167,8/6/2020
10,2020,8,7,1,0,Millbrook School,35.856111,-78.574167,8/7/2020
15,2020,8,7,1,0,Millbrook School,35.856111,-78.574167,8/7/2020
8,2020,8,8,1,0,Millbrook School,35.856111,-78.574167,8/8/2020
13,2020,8,8,1,0,Millbrook School,35.856111,-78.574167,8/8/2020
10,2020,8,9,1,0,Millbrook School,35.856111,-78.574167,8/9/2020
18,2020,8,9,1,0,Millbrook School,35.856111,-78.574167,8/9/2020
14,2020,8,10,1,0,Millbrook School,35.856111,-78.574167,8/10/2020
21,2020,8,10,1,0,Millbrook School,35.856111,-78.574167,8/10/2020
13,2020,8,11,1,0,Millbrook School,35.856111,-78.574167,8/11/2020
19,2020,8,11,1,0,Millbrook School,35.856111,-78.574167,8/11/2020
13,2020,8,12,1,0,Millbrook School,35.856111,-78.574167,8/12/2020
19,2020,8,12,1,0,Millbrook School,35.856111,-78.574167,8/12/2020
5,2020,8,13,1,0,Millbrook School,35.856111,-78.574167,8/13/2020
14,2020,8,13,1,0,Millbrook School,35.856111,-78.574167,8/13/2020
6,2020,8,14,1,0,Millbrook School,35.856111,-78.574167,8/14/2020
12,2020,8,14,1,0,Millbrook School,35.856111,-78.574167,8/14/2020
6,2020,8,15,1,0,Millbrook School,35.856111,-78.574167,8/15/2020
12,2020,8,15,1,0,Millbrook School,35.856111,-78.574167,8/15/2020
4,2020,8,16,1,0,Millbrook School,35.856111,-78.574167,8/16/2020
10,2020,8,16,1,0,Millbrook School,35.856111,-78.574167,8/16/2020
7,2020,8,17,1,0,Millbrook School,35.856111,-78.574167,8/17/2020
13,2020,8,17,1,0,Millbrook School,35.856111,-78.574167,8/17/2020
13,2020,8,18,1,0,Millbrook School,35.856111,-78.574167,8/18/2020
19,2020,8,18,1,0,Millbrook School,35.856111,-78.574167,8/18/2020
16,2020,8,19,1,0,Millbrook School,35.856111,-78.574167,8/19/2020
22,2020,8,19,1,0,Millbrook School,35.856111,-78.574167,8/19/2020
11,2020,8,20,1,0,Millbrook School,35.856111,-78.574167,8/20/2020
17,2020,8,20,1,0,Millbrook School,35.856111,-78.574167,8/20/2020
8,2020,8,21,1,0,Millbrook School,35.856111,-78.574167,8/21/2020
13,2020,8,21,1,0,Millbrook School,35.856111,-78.574167,8/21/2020
8,2020,8,22,1,0,Millbrook School,35.856111,-78.574167,8/22/2020
14,2020,8,22,1,0,Millbrook School,35.856111,-78.574167,8/22/2020
11,2020,8,23,1,0,Millbrook School,35.856111,-78.574167,8/23/2020
17,2020,8,23,1,0,Millbrook School,35.856111,-78.574167,8/23/2020
15,2020,8,24,1,0,Millbrook School,35.856111,-78.574167,8/24/2020
24,2020,8,24,1,0,Millbrook School,35.856111,-78.574167,8/24/2020
10,2020,8,25,1,0,Millbrook School,35.856111,-78.574167,8/25/2020
16,2020,8,25,1,0,Millbrook School,35.856111,-78.574167,8/25/2020
12,2020,8,26,1,0,Millbrook School,35.856111,-78.574167,8/26/2020
19,2020,8,26,1,0,Millbrook School,35.856111,-78.574167,8/26/2020
9,2020,9,1,1,0,Millbrook School,35.856111,-78.574167,9/1/2020
16,2020,9,1,1,0,Millbrook School,35.856111,-78.574167,9/1/2020
33,2020,9,3,1,0,Millbrook School,35.856111,-78.574167,9/3/2020
46,2020,9,3,1,0,Millbrook School,35.856111,-78.574167,9/3/2020
20,2020,9,4,1,0,Millbrook School,35.856111,-78.574167,9/4/2020
24,2020,9,4,1,0,Millbrook School,35.856111,-78.574167,9/4/2020
11,2020,9,5,1,0,Millbrook School,35.856111,-78.574167,9/5/2020
15,2020,9,5,1,0,Millbrook School,35.856111,-78.574167,9/5/2020
8,2020,9,6,1,0,Millbrook School,35.856111,-78.574167,9/6/2020
11,2020,9,6,1,0,Millbrook School,35.856111,-78.574167,9/6/2020
8,2020,9,7,1,0,Millbrook School,35.856111,-78.574167,9/7/2020
12,2020,9,7,1,0,Millbrook School,35.856111,-78.574167,9/7/2020
9,2020,9,8,1,0,Millbrook School,35.856111,-78.574167,9/8/2020
13,2020,9,8,1,0,Millbrook School,35.856111,-78.574167,9/8/2020
6,2020,9,9,1,0,Millbrook School,35.856111,-78.574167,9/9/2020
11,2020,9,9,1,0,Millbrook School,35.856111,-78.574167,9/9/2020
5,2020,9,10,1,0,Millbrook School,35.856111,-78.574167,9/10/2020
11,2020,9,10,1,0,Millbrook School,35.856111,-78.574167,9/10/2020
5,2020,9,11,1,0,Millbrook School,35.856111,-78.574167,9/11/2020
10,2020,9,11,1,0,Millbrook School,35.856111,-78.574167,9/11/2020
11,2020,9,12,1,0,Millbrook School,35.856111,-78.574167,9/12/2020
14,2020,9,12,1,0,Millbrook School,35.856111,-78.574167,9/12/2020
13,2020,9,13,1,0,Millbrook School,35.856111,-78.574167,9/13/2020
16,2020,9,13,1,0,Millbrook School,35.856111,-78.574167,9/13/2020
10,2020,9,14,1,0,Millbrook School,35.856111,-78.574167,9/14/2020
16,2020,9,14,1,0,Millbrook School,35.856111,-78.574167,9/14/2020
9,2020,9,15,1,0,Millbrook School,35.856111,-78.574167,9/15/2020
13,2020,9,15,1,0,Millbrook School,35.856111,-78.574167,9/15/2020
11,2020,9,16,1,0,Millbrook School,35.856111,-78.574167,9/16/2020
14,2020,9,16,1,0,Millbrook School,35.856111,-78.574167,9/16/2020
3,2020,9,17,1,0,Millbrook School,35.856111,-78.574167,9/17/2020
7,2020,9,17,1,0,Millbrook School,35.856111,-78.574167,9/17/2020
9,2020,9,18,1,0,Millbrook School,35.856111,-78.574167,9/18/2020
13,2020,9,18,1,0,Millbrook School,35.856111,-78.574167,9/18/2020
11,2020,9,19,1,0,Millbrook School,35.856111,-78.574167,9/19/2020
13,2020,9,19,1,0,Millbrook School,35.856111,-78.574167,9/19/2020
8,2020,9,20,1,0,Millbrook School,35.856111,-78.574167,9/20/2020
9,2020,9,20,1,0,Millbrook School,35.856111,-78.574167,9/20/2020
9,2020,9,21,1,0,Millbrook School,35.856111,-78.574167,9/21/2020
11,2020,9,21,1,0,Millbrook School,35.856111,-78.574167,9/21/2020
9,2020,9,22,1,0,Millbrook School,35.856111,-78.574167,9/22/2020
13,2020,9,22,1,0,Millbrook School,35.856111,-78.574167,9/22/2020
13,2020,9,23,1,0,Millbrook School,35.856111,-78.574167,9/23/2020
17,2020,9,23,1,0,Millbrook School,35.856111,-78.574167,9/23/2020
14,2020,9,24,1,0,Millbrook School,35.856111,-78.574167,9/24/2020
17,2020,9,24,1,0,Millbrook School,35.856111,-78.574167,9/24/2020
10,2020,9,25,1,0,Millbrook School,35.856111,-78.574167,9/25/2020
15,2020,9,25,1,0,Millbrook School,35.856111,-78.574167,9/25/2020
6,2020,9,26,1,0,Millbrook School,35.856111,-78.574167,9/26/2020
11,2020,9,26,1,0,Millbrook School,35.856111,-78.574167,9/26/2020
7,2020,9,27,1,0,Millbrook School,35.856111,-78.574167,9/27/2020
12,2020,9,27,1,0,Millbrook School,35.856111,-78.574167,9/27/2020
9,2020,9,28,1,0,Millbrook School,35.856111,-78.574167,9/28/2020
13,2020,9,28,1,0,Millbrook School,35.856111,-78.574167,9/28/2020
9,2020,9,29,1,0,Millbrook School,35.856111,-78.574167,9/29/2020
14,2020,9,29,1,0,Millbrook School,35.856111,-78.574167,9/29/2020
9,2020,9,30,1,0,Millbrook School,35.856111,-78.574167,9/30/2020
12,2020,9,30,1,0,Millbrook School,35.856111,-78.574167,9/30/2020
14,2020,10,1,1,0,Millbrook School,35.856111,-78.574167,10/1/2020
18,2020,10,1,1,0,Millbrook School,35.856111,-78.574167,10/1/2020
9,2020,10,2,1,0,Millbrook School,35.856111,-78.574167,10/2/2020
13,2020,10,2,1,0,Millbrook School,35.856111,-78.574167,10/2/2020
8,2020,10,3,1,0,Millbrook School,35.856111,-78.574167,10/3/2020
12,2020,10,3,1,0,Millbrook School,35.856111,-78.574167,10/3/2020
7,2020,10,4,1,0,Millbrook School,35.856111,-78.574167,10/4/2020
10,2020,10,4,1,0,Millbrook School,35.856111,-78.574167,10/4/2020
9,2020,10,5,1,0,Millbrook School,35.856111,-78.574167,10/5/2020
14,2020,10,5,1,0,Millbrook School,35.856111,-78.574167,10/5/2020
14,2020,10,6,1,0,Millbrook School,35.856111,-78.574167,10/6/2020
19,2020,10,6,1,0,Millbrook School,35.856111,-78.574167,10/6/2020
23,2020,10,7,1,0,Millbrook School,35.856111,-78.574167,10/7/2020
32,2020,10,7,1,0,Millbrook School,35.856111,-78.574167,10/7/2020
23,2020,10,8,1,0,Millbrook School,35.856111,-78.574167,10/8/2020
28,2020,10,8,1,0,Millbrook School,35.856111,-78.574167,10/8/2020
14,2020,10,9,1,0,Millbrook School,35.856111,-78.574167,10/9/2020
18,2020,10,9,1,0,Millbrook School,35.856111,-78.574167,10/9/2020
15,2020,10,10,1,0,Millbrook School,35.856111,-78.574167,10/10/2020
19,2020,10,10,1,0,Millbrook School,35.856111,-78.574167,10/10/2020
7,2020,10,12,1,0,Millbrook School,35.856111,-78.574167,10/12/2020
12,2020,10,12,1,0,Millbrook School,35.856111,-78.574167,10/12/2020
9,2020,10,13,1,0,Millbrook School,35.856111,-78.574167,10/13/2020
14,2020,10,13,1,0,Millbrook School,35.856111,-78.574167,10/13/2020
12,2020,10,14,1,0,Millbrook School,35.856111,-78.574167,10/14/2020
16,2020,10,14,1,0,Millbrook School,35.856111,-78.574167,10/14/2020
16,2020,10,15,1,0,Millbrook School,35.856111,-78.574167,10/15/2020
20,2020,10,15,1,0,Millbrook School,35.856111,-78.574167,10/15/2020
8,2020,10,16,1,0,Millbrook School,35.856111,-78.574167,10/16/2020
11,2020,10,16,1,0,Millbrook School,35.856111,-78.574167,10/16/2020
10,2020,10,17,1,0,Millbrook School,35.856111,-78.574167,10/17/2020
13,2020,10,17,1,0,Millbrook School,35.856111,-78.574167,10/17/2020
12,2020,10,18,1,0,Millbrook School,35.856111,-78.574167,10/18/2020
14,2020,10,18,1,0,Millbrook School,35.856111,-78.574167,10/18/2020
10,2020,10,19,1,0,Millbrook School,35.856111,-78.574167,10/19/2020
15,2020,10,19,1,0,Millbrook School,35.856111,-78.574167,10/19/2020
17,2020,10,20,1,0,Millbrook School,35.856111,-78.574167,10/20/2020
22,2020,10,20,1,0,Millbrook School,35.856111,-78.574167,10/20/2020
12,2020,10,21,1,0,Millbrook School,35.856111,-78.574167,10/21/2020
16,2020,10,21,1,0,Millbrook School,35.856111,-78.574167,10/21/2020
12,2020,10,22,1,0,Millbrook School,35.856111,-78.574167,10/22/2020
17,2020,10,22,1,0,Millbrook School,35.856111,-78.574167,10/22/2020
13,2020,10,23,1,0,Millbrook School,35.856111,-78.574167,10/23/2020
18,2020,10,23,1,0,Millbrook School,35.856111,-78.574167,10/23/2020
13,2020,10,24,1,0,Millbrook School,35.856111,-78.574167,10/24/2020
18,2020,10,24,1,0,Millbrook School,35.856111,-78.574167,10/24/2020
6,2020,10,25,1,0,Millbrook School,35.856111,-78.574167,10/25/2020
10,2020,10,25,1,0,Millbrook School,35.856111,-78.574167,10/25/2020
6,2020,10,26,1,0,Millbrook School,35.856111,-78.574167,10/26/2020
11,2020,10,26,1,0,Millbrook School,35.856111,-78.574167,10/26/2020
12,2020,10,27,1,0,Millbrook School,35.856111,-78.574167,10/27/2020
17,2020,10,27,1,0,Millbrook School,35.856111,-78.574167,10/27/2020
13,2020,10,28,1,0,Millbrook School,35.856111,-78.574167,10/28/2020
19,2020,10,28,1,0,Millbrook School,35.856111,-78.574167,10/28/2020
10,2020,10,29,1,0,Millbrook School,35.856111,-78.574167,10/29/2020
14,2020,10,29,1,0,Millbrook School,35.856111,-78.574167,10/29/2020
6,2020,10,30,1,0,Millbrook School,35.856111,-78.574167,10/30/2020
8,2020,10,30,1,0,Millbrook School,35.856111,-78.574167,10/30/2020
7,2020,10,31,1,0,Millbrook School,35.856111,-78.574167,10/31/2020
11,2020,10,31,1,0,Millbrook School,35.856111,-78.574167,10/31/2020
8,2020,11,1,1,0,Millbrook School,35.856111,-78.574167,11/1/2020
12,2020,11,1,1,0,Millbrook School,35.856111,-78.574167,11/1/2020
9,2020,11,2,1,0,Millbrook School,35.856111,-78.574167,11/2/2020
11,2020,11,2,1,0,Millbrook School,35.856111,-78.574167,11/2/2020
11,2020,11,3,1,0,Millbrook School,35.856111,-78.574167,11/3/2020
16,2020,11,3,1,0,Millbrook School,35.856111,-78.574167,11/3/2020
17,2020,11,4,1,0,Millbrook School,35.856111,-78.574167,11/4/2020
22,2020,11,4,1,0,Millbrook School,35.856111,-78.574167,11/4/2020
16,2020,11,5,1,0,Millbrook School,35.856111,-78.574167,11/5/2020
22,2020,11,5,1,0,Millbrook School,35.856111,-78.574167,11/5/2020
14,2020,11,6,1,0,Millbrook School,35.856111,-78.574167,11/6/2020
20,2020,11,6,1,0,Millbrook School,35.856111,-78.574167,11/6/2020
10,2020,11,7,1,0,Millbrook School,35.856111,-78.574167,11/7/2020
15,2020,11,7,1,0,Millbrook School,35.856111,-78.574167,11/7/2020
9,2020,11,8,1,0,Millbrook School,35.856111,-78.574167,11/8/2020
12,2020,11,8,1,0,Millbrook School,35.856111,-78.574167,11/8/2020
9,2020,11,9,1,0,Millbrook School,35.856111,-78.574167,11/9/2020
12,2020,11,9,1,0,Millbrook School,35.856111,-78.574167,11/9/2020
9,2020,11,10,1,0,Millbrook School,35.856111,-78.574167,11/10/2020
14,2020,11,10,1,0,Millbrook School,35.856111,-78.574167,11/10/2020
7,2020,11,11,1,0,Millbrook School,35.856111,-78.574167,11/11/2020
14,2020,11,11,1,0,Millbrook School,35.856111,-78.574167,11/11/2020
2,2020,11,12,1,0,Millbrook School,35.856111,-78.574167,11/12/2020
8,2020,11,12,1,0,Millbrook School,35.856111,-78.574167,11/12/2020
11,2020,11,13,1,0,Millbrook School,35.856111,-78.574167,11/13/2020
15,2020,11,13,1,0,Millbrook School,35.856111,-78.574167,11/13/2020
15,2020,11,14,1,0,Millbrook School,35.856111,-78.574167,11/14/2020
20,2020,11,14,1,0,Millbrook School,35.856111,-78.574167,11/14/2020
13,2020,11,15,1,0,Millbrook School,35.856111,-78.574167,11/15/2020
16,2020,11,15,1,0,Millbrook School,35.856111,-78.574167,11/15/2020
8,2020,11,16,1,0,Millbrook School,35.856111,-78.574167,11/16/2020
8,2020,11,17,1,0,Millbrook School,35.856111,-78.574167,11/17/2020
8,2020,11,18,1,0,Millbrook School,35.856111,-78.574167,11/18/2020
12,2020,11,18,1,0,Millbrook School,35.856111,-78.574167,11/18/2020
14,2020,11,19,1,0,Millbrook School,35.856111,-78.574167,11/19/2020
17,2020,11,19,1,0,Millbrook School,35.856111,-78.574167,11/19/2020
17,2020,11,20,1,0,Millbrook School,35.856111,-78.574167,11/20/2020
20,2020,11,20,1,0,Millbrook School,35.856111,-78.574167,11/20/2020
23,2020,11,21,1,0,Millbrook School,35.856111,-78.574167,11/21/2020
29,2020,11,21,1,0,Millbrook School,35.856111,-78.574167,11/21/2020
21,2020,11,22,1,0,Millbrook School,35.856111,-78.574167,11/22/2020
27,2020,11,22,1,0,Millbrook School,35.856111,-78.574167,11/22/2020
6,2020,11,23,1,0,Millbrook School,35.856111,-78.574167,11/23/2020
9,2020,11,23,1,0,Millbrook School,35.856111,-78.574167,11/23/2020
11,2020,11,24,1,0,Millbrook School,35.856111,-78.574167,11/24/2020
16,2020,11,24,1,0,Millbrook School,35.856111,-78.574167,11/24/2020
16,2020,11,25,1,0,Millbrook School,35.856111,-78.574167,11/25/2020
20,2020,11,25,1,0,Millbrook School,35.856111,-78.574167,11/25/2020
10,2020,11,26,1,0,Millbrook School,35.856111,-78.574167,11/26/2020
15,2020,11,26,1,0,Millbrook School,35.856111,-78.574167,11/26/2020
9,2020,11,27,1,0,Millbrook School,35.856111,-78.574167,11/27/2020
14,2020,11,27,1,0,Millbrook School,35.856111,-78.574167,11/27/2020
15,2020,11,28,1,0,Millbrook School,35.856111,-78.574167,11/28/2020
19,2020,11,28,1,0,Millbrook School,35.856111,-78.574167,11/28/2020
16,2020,11,29,1,0,Millbrook School,35.856111,-78.574167,11/29/2020
22,2020,11,29,1,0,Millbrook School,35.856111,-78.574167,11/29/2020
4,2020,11,30,1,0,Millbrook School,35.856111,-78.574167,11/30/2020
7,2020,11,30,1,0,Millbrook School,35.856111,-78.574167,11/30/2020
3,2020,12,1,1,0,Millbrook School,35.856111,-78.574167,12/1/2020
4,2020,12,1,1,0,Millbrook School,35.856111,-78.574167,12/1/2020
9,2020,12,2,1,0,Millbrook School,35.856111,-78.574167,12/2/2020
12,2020,12,2,1,0,Millbrook School,35.856111,-78.574167,12/2/2020
12,2020,12,3,1,0,Millbrook School,35.856111,-78.574167,12/3/2020
16,2020,12,3,1,0,Millbrook School,35.856111,-78.574167,12/3/2020
13,2020,12,4,1,0,Millbrook School,35.856111,-78.574167,12/4/2020
18,2020,12,4,1,0,Millbrook School,35.856111,-78.574167,12/4/2020
5,2020,12,5,1,0,Millbrook School,35.856111,-78.574167,12/5/2020
8,2020,12,5,1,0,Millbrook School,35.856111,-78.574167,12/5/2020
14,2020,12,6,1,0,Millbrook School,35.856111,-78.574167,12/6/2020
20,2020,12,6,1,0,Millbrook School,35.856111,-78.574167,12/6/2020
6,2020,12,8,1,0,Millbrook School,35.856111,-78.574167,12/8/2020
8,2020,12,8,1,0,Millbrook School,35.856111,-78.574167,12/8/2020
10,2020,12,9,1,0,Millbrook School,35.856111,-78.574167,12/9/2020
15,2020,12,9,1,0,Millbrook School,35.856111,-78.574167,12/9/2020
16,2020,12,10,1,0,Millbrook School,35.856111,-78.574167,12/10/2020
21,2020,12,10,1,0,Millbrook School,35.856111,-78.574167,12/10/2020
22,2020,12,11,1,0,Millbrook School,35.856111,-78.574167,12/11/2020
27,2020,12,11,1,0,Millbrook School,35.856111,-78.574167,12/11/2020
22,2020,12,12,1,0,Millbrook School,35.856111,-78.574167,12/12/2020
30,2020,12,12,1,0,Millbrook School,35.856111,-78.574167,12/12/2020
16,2020,12,13,1,0,Millbrook School,35.856111,-78.574167,12/13/2020
23,2020,12,13,1,0,Millbrook School,35.856111,-78.574167,12/13/2020
8,2020,12,14,1,0,Millbrook School,35.856111,-78.574167,12/14/2020
10,2020,12,14,1,0,Millbrook School,35.856111,-78.574167,12/14/2020
6,2020,12,15,1,0,Millbrook School,35.856111,-78.574167,12/15/2020
9,2020,12,15,1,0,Millbrook School,35.856111,-78.574167,12/15/2020
4,2020,12,16,1,0,Millbrook School,35.856111,-78.574167,12/16/2020
6,2020,12,16,1,0,Millbrook School,35.856111,-78.574167,12/16/2020
5,2020,12,17,1,0,Millbrook School,35.856111,-78.574167,12/17/2020
7,2020,12,18,1,0,Millbrook School,35.856111,-78.574167,12/18/2020
16,2020,12,19,1,0,Millbrook School,35.856111,-78.574167,12/19/2020
20,2020,12,19,1,0,Millbrook School,35.856111,-78.574167,12/19/2020
13,2020,12,20,1,0,Millbrook School,35.856111,-78.574167,12/20/2020
18,2020,12,20,1,0,Millbrook School,35.856111,-78.574167,12/20/2020
8,2020,12,21,1,0,Millbrook School,35.856111,-78.574167,12/21/2020
12,2020,12,21,1,0,Millbrook School,35.856111,-78.574167,12/21/2020
11,2020,12,22,1,0,Millbrook School,35.856111,-78.574167,12/22/2020
13,2020,12,22,1,0,Millbrook School,35.856111,-78.574167,12/22/2020
13,2020,12,23,1,0,Millbrook School,35.856111,-78.574167,12/23/2020
13,2020,12,23,1,0,Millbrook School,35.856111,-78.574167,12/23/2020
7,2020,12,24,1,0,Millbrook School,35.856111,-78.574167,12/24/2020
10,2020,12,24,1,0,Millbrook School,35.856111,-78.574167,12/24/2020
5,2020,12,25,1,0,Millbrook School,35.856111,-78.574167,12/25/2020
5,2020,12,25,1,0,Millbrook School,35.856111,-78.574167,12/25/2020
7,2020,12,26,1,0,Millbrook School,35.856111,-78.574167,12/26/2020
8,2020,12,26,1,0,Millbrook School,35.856111,-78.574167,12/26/2020
18,2020,12,27,1,0,Millbrook School,35.856111,-78.574167,12/27/2020
19,2020,12,27,1,0,Millbrook School,35.856111,-78.574167,12/27/2020
17,2020,12,28,1,0,Millbrook School,35.856111,-78.574167,12/28/2020
18,2020,12,28,1,0,Millbrook School,35.856111,-78.574167,12/28/2020
12,2020,12,29,1,0,Millbrook School,35.856111,-78.574167,12/29/2020
13,2020,12,29,1,0,Millbrook School,35.856111,-78.574167,12/29/2020
10,2020,12,30,1,0,Millbrook School,35.856111,-78.574167,12/30/2020
12,2020,12,30,1,0,Millbrook School,35.856111,-78.574167,12/30/2020
12,2020,12,31,1,0,Millbrook School,35.856111,-78.574167,12/31/2020
14,2020,12,31,1,0,Millbrook School,35.856111,-78.574167,12/31/2020
12,2020,1,30,1,0,Millbrook School,35.856111,-78.574167,1/30/2020
13,2020,1,31,1,0,Millbrook School,35.856111,-78.574167,1/31/2020
11,2020,2,1,1,0,Millbrook School,35.856111,-78.574167,2/1/2020
8,2020,2,2,1,0,Millbrook School,35.856111,-78.574167,2/2/2020
13,2020,2,3,1,0,Millbrook School,35.856111,-78.574167,2/3/2020
20,2020,2,4,1,0,Millbrook School,35.856111,-78.574167,2/4/2020
17,2020,2,5,1,0,Millbrook School,35.856111,-78.574167,2/5/2020
11,2020,2,6,1,0,Millbrook School,35.856111,-78.574167,2/6/2020
4,2020,2,7,1,0,Millbrook School,35.856111,-78.574167,2/7/2020
12,2020,3,30,1,0,Millbrook School,35.856111,-78.574167,3/30/2020
11,2020,3,31,1,0,Millbrook School,35.856111,-78.574167,3/31/2020
5,2020,4,1,1,0,Millbrook School,35.856111,-78.574167,4/1/2020
8,2020,4,2,1,0,Millbrook School,35.856111,-78.574167,4/2/2020
9,2020,4,3,1,0,Millbrook School,35.856111,-78.574167,4/3/2020
