year,month,day,weight,pollutant-name
2014,01,01,9,0.026
2014,01,01,9,0.026
2014,01,01,9,0.026
2014,01,01,9,0.026
2014,01,02,23,0.017
2014,01,02,23,0.017
2014,01,02,23,0.017
2014,01,02,23,0.017
2014,01,03,9,0.035
2014,01,03,9,0.035
2014,01,03,9,0.035
2014,01,03,9,0.035
2014,01,04,10,0.03
2014,01,04,10,0.03
2014,01,04,10,0.03
2014,01,04,10,0.03
2014,01,05,23,0.023
2014,01,05,23,0.023
2014,01,05,23,0.023
2014,01,05,23,0.023
2014,01,06,20,0.034
2014,01,06,20,0.034
2014,01,06,20,0.034
2014,01,06,20,0.034
2014,01,07,0,0.032
2014,01,07,0,0.032
2014,01,07,0,0.032
2014,01,07,0,0.032
2014,01,08,10,0.02
2014,01,08,10,0.02
2014,01,08,10,0.02
2014,01,08,10,0.02
2014,01,09,10,0.029
2014,01,09,10,0.029
2014,01,09,10,0.029
2014,01,09,10,0.029
2014,01,10,0,0.019
2014,01,10,0,0.019
2014,01,10,0,0.019
2014,01,10,0,0.019
2014,01,11,23,0.029
2014,01,11,23,0.029
2014,01,11,23,0.029
2014,01,11,23,0.029
2014,01,12,8,0.033
2014,01,12,8,0.033
2014,01,12,8,0.033
2014,01,12,8,0.033
2014,01,13,10,0.029
2014,01,13,10,0.029
2014,01,13,10,0.029
2014,01,13,10,0.029
2014,01,14,10,0.017
2014,01,14,10,0.017
2014,01,14,10,0.017
2014,01,14,10,0.017
2014,01,15,21,0.025
2014,01,15,21,0.025
2014,01,15,21,0.025
2014,01,15,21,0.025
2014,01,16,0,0.025
2014,01,16,0,0.025
2014,01,16,0,0.025
2014,01,16,0,0.025
2014,01,17,11,0.03
2014,01,17,11,0.03
2014,01,17,11,0.03
2014,01,17,11,0.03
2014,01,18,8,0.029
2014,01,18,8,0.029
2014,01,18,8,0.029
2014,01,18,8,0.029
2014,01,19,10,0.034
2014,01,19,10,0.034
2014,01,19,10,0.034
2014,01,19,10,0.034
2014,01,20,9,0.03
2014,01,20,9,0.03
2014,01,20,9,0.03
2014,01,20,9,0.03
2014,01,21,22,0.026
2014,01,21,22,0.026
2014,01,21,22,0.026
2014,01,21,22,0.026
2014,01,22,9,0.031
2014,01,22,9,0.031
2014,01,22,9,0.031
2014,01,22,9,0.031
2014,01,23,10,0.031
2014,01,23,10,0.031
2014,01,23,10,0.031
2014,01,23,10,0.031
2014,01,24,0,0.027
2014,01,24,0,0.027
2014,01,24,0,0.027
2014,01,24,0,0.027
2014,01,25,9,0.032
2014,01,25,9,0.032
2014,01,25,9,0.032
2014,01,25,9,0.032
2014,01,26,10,0.035
2014,01,26,10,0.035
2014,01,26,10,0.035
2014,01,26,10,0.035
2014,01,27,21,0.037
2014,01,27,21,0.037
2014,01,27,21,0.037
2014,01,27,21,0.037
2014,01,28,0,0.035
2014,01,28,0,0.035
2014,01,28,0,0.035
2014,01,28,0,0.035
2014,01,29,10,0.034
2014,01,29,10,0.034
2014,01,29,10,0.034
2014,01,29,10,0.034
2014,01,30,10,0.036
2014,01,30,10,0.036
2014,01,30,10,0.036
2014,01,30,10,0.036
2014,01,31,10,0.027
2014,01,31,10,0.027
2014,01,31,10,0.027
2014,01,31,10,0.027
2014,02,01,10,0.035
2014,02,01,10,0.035
2014,02,01,10,0.035
2014,02,01,10,0.035
2014,02,02,9,0.033
2014,02,02,9,0.033
2014,02,02,9,0.033
2014,02,02,9,0.033
2014,02,03,21,0.026
2014,02,03,21,0.026
2014,02,03,21,0.026
2014,02,03,21,0.026
2014,02,04,0,0.026
2014,02,04,0,0.026
2014,02,04,0,0.026
2014,02,04,0,0.026
2014,02,05,22,0.025
2014,02,05,22,0.025
2014,02,05,22,0.025
2014,02,05,22,0.025
2014,02,06,9,0.035
2014,02,06,9,0.035
2014,02,06,9,0.035
2014,02,06,9,0.035
2014,02,07,10,0.031
2014,02,07,10,0.031
2014,02,07,10,0.031
2014,02,07,10,0.031
2014,02,08,10,0.033
2014,02,08,10,0.033
2014,02,08,10,0.033
2014,02,08,10,0.033
2014,02,09,10,0.03
2014,02,09,10,0.03
2014,02,09,10,0.03
2014,02,09,10,0.03
2014,02,10,7,0.028
2014,02,10,7,0.028
2014,02,10,7,0.028
2014,02,10,7,0.028
2014,02,11,9,0.032
2014,02,11,9,0.032
2014,02,11,9,0.032
2014,02,11,9,0.032
2014,02,12,8,0.033
2014,02,12,8,0.033
2014,02,12,8,0.033
2014,02,12,8,0.033
2014,02,13,0,0.03
2014,02,13,0,0.03
2014,02,13,0,0.03
2014,02,13,0,0.03
2014,02,14,9,0.04
2014,02,14,9,0.04
2014,02,14,9,0.04
2014,02,14,9,0.04
2014,02,15,11,0.041
2014,02,15,11,0.041
2014,02,15,11,0.041
2014,02,15,11,0.041
2014,02,16,10,0.04
2014,02,16,10,0.04
2014,02,16,10,0.04
2014,02,16,10,0.04
2014,02,17,10,0.039
2014,02,17,10,0.039
2014,02,17,10,0.039
2014,02,17,10,0.039
2014,02,18,10,0.04
2014,02,18,10,0.04
2014,02,18,10,0.04
2014,02,18,10,0.04
2014,02,19,2,0.03
2014,02,19,2,0.03
2014,02,19,2,0.03
2014,02,19,2,0.03
2014,02,20,9,0.041
2014,02,20,9,0.041
2014,02,20,9,0.041
2014,02,20,9,0.041
2014,02,21,0,0.03
2014,02,21,0,0.03
2014,02,21,0,0.03
2014,02,21,0,0.03
2014,02,22,10,0.041
2014,02,22,10,0.041
2014,02,22,10,0.041
2014,02,22,10,0.041
2014,02,23,10,0.044
2014,02,23,10,0.044
2014,02,23,10,0.044
2014,02,23,10,0.044
2014,02,24,10,0.042
2014,02,24,10,0.042
2014,02,24,10,0.042
2014,02,24,10,0.042
2014,02,25,10,0.034
2014,02,25,10,0.034
2014,02,25,10,0.034
2014,02,25,10,0.034
2014,02,26,11,0.033
2014,02,26,11,0.033
2014,02,26,11,0.033
2014,02,26,11,0.033
2014,02,27,11,0.039
2014,02,27,11,0.039
2014,02,27,11,0.039
2014,02,27,11,0.039
2014,02,28,12,0.04
2014,02,28,12,0.04
2014,02,28,12,0.04
2014,02,28,12,0.04
2014,03,01,10,0.041
2014,03,01,10,0.041
2014,03,01,10,0.041
2014,03,01,10,0.041
2014,03,02,10,0.049
2014,03,02,10,0.049
2014,03,03,16,0.042
2014,03,03,16,0.042
2014,03,03,16,0.042
2014,03,03,16,0.042
2014,03,04,10,0.038
2014,03,04,10,0.038
2014,03,04,10,0.038
2014,03,04,10,0.038
2014,03,05,9,0.037
2014,03,05,9,0.037
2014,03,05,9,0.037
2014,03,05,9,0.037
2014,03,06,18,0.038
2014,03,06,18,0.038
2014,03,06,18,0.038
2014,03,06,18,0.038
2014,03,07,0,0.035
2014,03,07,0,0.035
2014,03,07,0,0.035
2014,03,07,0,0.035
2014,03,08,11,0.044
2014,03,08,11,0.044
2014,03,08,11,0.044
2014,03,08,11,0.044
2014,03,09,10,0.052
2014,03,09,10,0.052
2014,03,09,10,0.052
2014,03,09,10,0.052
2014,03,10,10,0.046
2014,03,10,10,0.046
2014,03,10,10,0.046
2014,03,10,10,0.046
2014,03,11,10,0.058
2014,03,11,10,0.058
2014,03,11,10,0.058
2014,03,11,10,0.058
2014,03,12,7,0.037
2014,03,12,7,0.037
2014,03,12,7,0.037
2014,03,12,7,0.037
2014,03,13,9,0.043
2014,03,13,9,0.043
2014,03,13,9,0.043
2014,03,13,9,0.043
2014,03,14,14,0.045
2014,03,14,14,0.045
2014,03,14,14,0.045
2014,03,14,14,0.045
2014,03,15,10,0.056
2014,03,15,10,0.056
2014,03,15,10,0.056
2014,03,15,10,0.056
2014,03,16,19,0.039
2014,03,16,19,0.039
2014,03,16,19,0.039
2014,03,16,19,0.039
2014,03,17,0,0.036
2014,03,17,0,0.036
2014,03,17,0,0.036
2014,03,17,0,0.036
2014,03,18,19,0.032
2014,03,18,19,0.032
2014,03,18,19,0.032
2014,03,18,19,0.032
2014,03,19,0,0.03
2014,03,19,0,0.03
2014,03,19,0,0.03
2014,03,19,0,0.03
2014,03,20,10,0.045
2014,03,20,10,0.045
2014,03,20,10,0.045
2014,03,20,10,0.045
2014,03,21,11,0.049
2014,03,21,11,0.049
2014,03,21,11,0.049
2014,03,21,11,0.049
2014,03,22,10,0.058
2014,03,22,10,0.058
2014,03,22,10,0.058
2014,03,22,10,0.058
2014,03,23,6,0.039
2014,03,23,6,0.039
2014,03,23,6,0.039
2014,03,23,6,0.039
2014,03,24,10,0.038
2014,03,24,10,0.038
2014,03,24,10,0.038
2014,03,24,10,0.038
2014,03,25,9,0.036
2014,03,25,9,0.036
2014,03,25,9,0.036
2014,03,25,9,0.036
2014,03,26,10,0.044
2014,03,26,10,0.044
2014,03,26,10,0.044
2014,03,26,10,0.044
2014,03,27,11,0.048
2014,03,27,11,0.048
2014,03,27,11,0.048
2014,03,27,11,0.048
2014,03,28,9,0.04
2014,03,28,9,0.04
2014,03,28,9,0.04
2014,03,28,9,0.04
2014,03,29,9,0.033
2014,03,29,9,0.033
2014,03,29,9,0.033
2014,03,29,9,0.033
2014,03,30,13,0.043
2014,03,30,13,0.043
2014,03,30,13,0.043
2014,03,30,13,0.043
2014,03,31,10,0.051
2014,03,31,10,0.051
2014,03,31,10,0.051
2014,03,31,10,0.051
2014,04,01,11,0.056
2014,04,01,11,0.056
2014,04,01,11,0.056
2014,04,01,11,0.056
2014,04,02,10,0.061
2014,04,02,10,0.061
2014,04,02,10,0.061
2014,04,02,10,0.061
2014,04,03,10,0.052
2014,04,03,10,0.052
2014,04,03,10,0.052
2014,04,03,10,0.052
2014,04,04,9,0.043
2014,04,04,9,0.043
2014,04,04,9,0.043
2014,04,04,9,0.043
2014,04,05,11,0.053
2014,04,05,11,0.053
2014,04,05,11,0.053
2014,04,05,11,0.053
2014,04,06,10,0.047
2014,04,06,10,0.047
2014,04,06,10,0.047
2014,04,06,10,0.047
2014,04,07,0,0.037
2014,04,07,0,0.037
2014,04,07,0,0.037
2014,04,07,0,0.037
2014,04,08,11,0.042
2014,04,08,11,0.042
2014,04,08,11,0.042
2014,04,08,11,0.042
2014,04,09,10,0.058
2014,04,09,10,0.058
2014,04,09,10,0.058
2014,04,09,10,0.058
2014,04,10,11,0.058
2014,04,10,11,0.058
2014,04,10,11,0.058
2014,04,10,11,0.058
2014,04,11,10,0.059
2014,04,11,10,0.059
2014,04,11,10,0.059
2014,04,11,10,0.059
2014,04,12,10,0.064
2014,04,12,10,0.064
2014,04,12,10,0.064
2014,04,12,10,0.064
2014,04,13,10,0.051
2014,04,13,10,0.051
2014,04,13,10,0.051
2014,04,13,10,0.051
2014,04,14,9,0.04
2014,04,14,9,0.04
2014,04,14,9,0.04
2014,04,14,9,0.04
2014,04,15,21,0.034
2014,04,15,21,0.034
2014,04,15,21,0.034
2014,04,15,21,0.034
2014,04,16,11,0.046
2014,04,16,11,0.046
2014,04,16,11,0.046
2014,04,16,11,0.046
2014,04,17,11,0.051
2014,04,17,11,0.051
2014,04,17,11,0.051
2014,04,17,11,0.051
2014,04,18,9,0.044
2014,04,18,9,0.044
2014,04,18,9,0.044
2014,04,18,9,0.044
2014,04,19,22,0.047
2014,04,19,22,0.047
2014,04,19,22,0.047
2014,04,19,22,0.047
2014,04,20,8,0.051
2014,04,20,8,0.051
2014,04,20,8,0.051
2014,04,20,8,0.051
2014,04,21,10,0.054
2014,04,21,10,0.054
2014,04,21,10,0.054
2014,04,21,10,0.054
2014,04,22,10,0.062
2014,04,22,10,0.062
2014,04,22,10,0.062
2014,04,22,10,0.062
2014,04,23,10,0.054
2014,04,23,10,0.054
2014,04,23,10,0.054
2014,04,23,10,0.054
2014,04,24,10,0.052
2014,04,24,10,0.052
2014,04,24,10,0.052
2014,04,24,10,0.052
2014,04,25,9,0.048
2014,04,25,9,0.048
2014,04,25,9,0.048
2014,04,25,9,0.048
2014,04,26,10,0.052
2014,04,26,10,0.052
2014,04,26,10,0.052
2014,04,26,10,0.052
2014,04,27,10,0.058
2014,04,27,10,0.058
2014,04,27,10,0.058
2014,04,27,10,0.058
2014,04,28,0,0.042
2014,04,28,0,0.042
2014,04,28,0,0.042
2014,04,28,0,0.042
2014,04,29,0,0.022
2014,04,29,0,0.022
2014,04,29,0,0.022
2014,04,29,0,0.022
2014,04,30,12,0.025
2014,04,30,12,0.025
2014,04,30,12,0.025
2014,04,30,12,0.025
2014,05,01,10,0.042
2014,05,01,10,0.042
2014,05,01,10,0.042
2014,05,01,10,0.042
2014,05,02,9,0.047
2014,05,02,9,0.047
2014,05,02,9,0.047
2014,05,02,9,0.047
2014,05,03,11,0.055
2014,05,03,11,0.055
2014,05,03,11,0.055
2014,05,03,11,0.055
2014,05,04,10,0.059
2014,05,04,10,0.059
2014,05,04,10,0.059
2014,05,04,10,0.059
2014,05,05,10,0.047
2014,05,05,10,0.047
2014,05,05,10,0.047
2014,05,05,10,0.047
2014,05,06,12,0.053
2014,05,06,12,0.053
2014,05,06,12,0.053
2014,05,06,12,0.053
2014,05,07,11,0.048
2014,05,07,11,0.048
2014,05,07,11,0.048
2014,05,07,11,0.048
2014,05,08,10,0.061
2014,05,08,10,0.061
2014,05,08,10,0.061
2014,05,08,10,0.061
2014,05,09,9,0.053
2014,05,09,9,0.053
2014,05,09,9,0.053
2014,05,09,9,0.053
2014,05,10,11,0.053
2014,05,10,11,0.053
2014,05,10,11,0.053
2014,05,10,11,0.053
2014,05,11,11,0.051
2014,05,11,11,0.051
2014,05,11,11,0.051
2014,05,11,11,0.051
2014,05,12,10,0.056
2014,05,12,10,0.056
2014,05,12,10,0.056
2014,05,12,10,0.056
2014,05,13,10,0.053
2014,05,13,10,0.053
2014,05,13,10,0.053
2014,05,13,10,0.053
2014,05,14,9,0.042
2014,05,14,9,0.042
2014,05,14,9,0.042
2014,05,14,9,0.042
2014,05,15,0,0.025
2014,05,15,0,0.025
2014,05,15,0,0.025
2014,05,15,0,0.025
2014,05,16,11,0.049
2014,05,16,11,0.049
2014,05,16,11,0.049
2014,05,16,11,0.049
2014,05,17,11,0.053
2014,05,17,11,0.053
2014,05,17,11,0.053
2014,05,17,11,0.053
2014,05,18,10,0.044
2014,05,18,10,0.044
2014,05,18,10,0.044
2014,05,18,10,0.044
2014,05,19,10,0.054
2014,05,19,10,0.054
2014,05,19,10,0.054
2014,05,19,10,0.054
2014,05,20,9,0.053
2014,05,20,9,0.053
2014,05,20,9,0.053
2014,05,20,9,0.053
2014,05,21,11,0.059
2014,05,21,11,0.059
2014,05,21,11,0.059
2014,05,21,11,0.059
2014,05,22,11,0.063
2014,05,22,11,0.063
2014,05,22,11,0.063
2014,05,22,11,0.063
2014,05,23,10,0.06
2014,05,23,10,0.06
2014,05,23,10,0.06
2014,05,23,10,0.06
2014,05,24,11,0.05
2014,05,24,11,0.05
2014,05,24,11,0.05
2014,05,24,11,0.05
2014,05,25,9,0.051
2014,05,25,9,0.051
2014,05,25,9,0.051
2014,05,25,9,0.051
2014,05,26,9,0.054
2014,05,26,9,0.054
2014,05,26,9,0.054
2014,05,26,9,0.054
2014,05,27,9,0.047
2014,05,27,9,0.047
2014,05,27,9,0.047
2014,05,27,9,0.047
2014,05,28,10,0.055
2014,05,28,10,0.055
2014,05,28,10,0.055
2014,05,28,10,0.055
2014,05,29,0,0.037
2014,05,29,0,0.037
2014,05,29,0,0.037
2014,05,29,0,0.037
2014,05,30,10,0.025
2014,05,30,10,0.025
2014,05,30,10,0.025
2014,05,30,10,0.025
2014,05,31,10,0.043
2014,05,31,10,0.043
2014,05,31,10,0.043
2014,05,31,10,0.043
2014,06,01,10,0.045
2014,06,01,10,0.045
2014,06,01,10,0.045
2014,06,01,10,0.045
2014,06,02,11,0.062
2014,06,02,11,0.062
2014,06,02,11,0.062
2014,06,02,11,0.062
2014,06,03,9,0.058
2014,06,03,9,0.058
2014,06,03,9,0.058
2014,06,03,9,0.058
2014,06,04,10,0.055
2014,06,04,10,0.055
2014,06,04,10,0.055
2014,06,04,10,0.055
2014,06,05,10,0.05
2014,06,05,10,0.05
2014,06,05,10,0.05
2014,06,05,10,0.05
2014,06,06,10,0.053
2014,06,06,10,0.053
2014,06,06,10,0.053
2014,06,06,10,0.053
2014,06,07,10,0.053
2014,06,07,10,0.053
2014,06,07,10,0.053
2014,06,07,10,0.053
2014,06,08,8,0.054
2014,06,08,8,0.054
2014,06,08,8,0.054
2014,06,08,8,0.054
2014,06,09,11,0.048
2014,06,09,11,0.048
2014,06,09,11,0.048
2014,06,09,11,0.048
2014,06,10,10,0.053
2014,06,10,10,0.053
2014,06,10,10,0.053
2014,06,10,10,0.053
2014,06,11,8,0.045
2014,06,11,8,0.045
2014,06,11,8,0.045
2014,06,11,8,0.045
2014,06,12,8,0.036
2014,06,12,8,0.036
2014,06,12,8,0.036
2014,06,12,8,0.036
2014,06,13,10,0.047
2014,06,13,10,0.047
2014,06,13,10,0.047
2014,06,13,10,0.047
2014,06,14,10,0.05
2014,06,14,10,0.05
2014,06,14,10,0.05
2014,06,14,10,0.05
2014,06,15,11,0.052
2014,06,15,11,0.052
2014,06,15,11,0.052
2014,06,15,11,0.052
2014,06,16,10,0.06
2014,06,16,10,0.06
2014,06,16,10,0.06
2014,06,16,10,0.06
2014,06,17,10,0.053
2014,06,17,10,0.053
2014,06,17,10,0.053
2014,06,17,10,0.053
2014,06,18,10,0.059
2014,06,18,10,0.059
2014,06,18,10,0.059
2014,06,18,10,0.059
2014,06,19,10,0.053
2014,06,19,10,0.053
2014,06,19,10,0.053
2014,06,19,10,0.053
2014,06,20,9,0.047
2014,06,20,9,0.047
2014,06,20,9,0.047
2014,06,20,9,0.047
2014,06,21,10,0.045
2014,06,21,10,0.045
2014,06,21,10,0.045
2014,06,21,10,0.045
2014,06,22,12,0.035
2014,06,22,12,0.035
2014,06,22,12,0.035
2014,06,22,12,0.035
2014,06,23,11,0.046
2014,06,23,11,0.046
2014,06,23,11,0.046
2014,06,23,11,0.046
2014,06,24,10,0.042
2014,06,24,10,0.042
2014,06,24,10,0.042
2014,06,24,10,0.042
2014,06,25,9,0.039
2014,06,25,9,0.039
2014,06,25,9,0.039
2014,06,25,9,0.039
2014,06,26,10,0.057
2014,06,26,10,0.057
2014,06,26,10,0.057
2014,06,26,10,0.057
2014,06,27,10,0.039
2014,06,27,10,0.039
2014,06,27,10,0.039
2014,06,27,10,0.039
2014,06,28,8,0.042
2014,06,28,8,0.042
2014,06,28,8,0.042
2014,06,28,8,0.042
2014,06,29,11,0.045
2014,06,29,11,0.045
2014,06,29,11,0.045
2014,06,29,11,0.045
2014,06,30,10,0.05
2014,06,30,10,0.05
2014,06,30,10,0.05
2014,06,30,10,0.05
2014,07,01,11,0.05
2014,07,01,11,0.05
2014,07,01,11,0.05
2014,07,01,11,0.05
2014,07,02,9,0.043
2014,07,02,9,0.043
2014,07,02,9,0.043
2014,07,02,9,0.043
2014,07,03,10,0.029
2014,07,03,10,0.029
2014,07,03,10,0.029
2014,07,03,10,0.029
2014,07,04,11,0.048
2014,07,04,11,0.048
2014,07,04,11,0.048
2014,07,04,11,0.048
2014,07,05,10,0.042
2014,07,05,10,0.042
2014,07,05,10,0.042
2014,07,05,10,0.042
2014,07,06,10,0.047
2014,07,06,10,0.047
2014,07,06,10,0.047
2014,07,06,10,0.047
2014,07,07,10,0.049
2014,07,07,10,0.049
2014,07,07,10,0.049
2014,07,07,10,0.049
2014,07,08,10,0.056
2014,07,08,10,0.056
2014,07,08,10,0.056
2014,07,08,10,0.056
2014,07,09,8,0.05
2014,07,09,8,0.05
2014,07,09,8,0.05
2014,07,09,8,0.05
2014,07,10,10,0.044
2014,07,10,10,0.044
2014,07,10,10,0.044
2014,07,10,10,0.044
2014,07,11,10,0.043
2014,07,11,10,0.043
2014,07,11,10,0.043
2014,07,11,10,0.043
2014,07,12,10,0.046
2014,07,12,10,0.046
2014,07,12,10,0.046
2014,07,12,10,0.046
2014,07,13,10,0.046
2014,07,13,10,0.046
2014,07,13,10,0.046
2014,07,13,10,0.046
2014,07,14,10,0.048
2014,07,14,10,0.048
2014,07,14,10,0.048
2014,07,14,10,0.048
2014,07,15,9,0.043
2014,07,15,9,0.043
2014,07,15,9,0.043
2014,07,15,9,0.043
2014,07,16,11,0.04
2014,07,16,11,0.04
2014,07,16,11,0.04
2014,07,16,11,0.04
2014,07,17,10,0.054
2014,07,17,10,0.054
2014,07,17,10,0.054
2014,07,17,10,0.054
2014,07,18,10,0.054
2014,07,18,10,0.054
2014,07,18,10,0.054
2014,07,18,10,0.054
2014,07,19,11,0.042
2014,07,19,11,0.042
2014,07,19,11,0.042
2014,07,19,11,0.042
2014,07,20,10,0.039
2014,07,20,10,0.039
2014,07,20,10,0.039
2014,07,20,10,0.039
2014,07,21,8,0.021
2014,07,21,8,0.021
2014,07,21,8,0.021
2014,07,21,8,0.021
2014,07,22,10,0.026
2014,07,22,10,0.026
2014,07,22,10,0.026
2014,07,22,10,0.026
2014,07,23,9,0.037
2014,07,23,9,0.037
2014,07,23,9,0.037
2014,07,23,9,0.037
2014,07,24,11,0.048
2014,07,24,11,0.048
2014,07,24,11,0.048
2014,07,24,11,0.048
2014,07,25,10,0.042
2014,07,25,10,0.042
2014,07,25,10,0.042
2014,07,25,10,0.042
2014,07,26,11,0.048
2014,07,26,11,0.048
2014,07,26,11,0.048
2014,07,26,11,0.048
2014,07,27,22,0.04
2014,07,27,22,0.04
2014,07,27,22,0.04
2014,07,27,22,0.04
2014,07,28,8,0.047
2014,07,28,8,0.047
2014,07,28,8,0.047
2014,07,28,8,0.047
2014,07,29,10,0.044
2014,07,29,10,0.044
2014,07,29,10,0.044
2014,07,29,10,0.044
2014,07,30,10,0.043
2014,07,30,10,0.043
2014,07,30,10,0.043
2014,07,30,10,0.043
2014,07,31,10,0.043
2014,07,31,10,0.043
2014,07,31,10,0.043
2014,07,31,10,0.043
2014,08,01,10,0.041
2014,08,01,10,0.041
2014,08,01,10,0.041
2014,08,01,10,0.041
2014,08,02,0,0.03
2014,08,02,0,0.03
2014,08,02,0,0.03
2014,08,02,0,0.03
2014,08,03,10,0.027
2014,08,03,10,0.027
2014,08,03,10,0.027
2014,08,03,10,0.027
2014,08,04,11,0.033
2014,08,04,11,0.033
2014,08,04,11,0.033
2014,08,04,11,0.033
2014,08,05,10,0.044
2014,08,05,10,0.044
2014,08,05,10,0.044
2014,08,05,10,0.044
2014,08,06,10,0.07
2014,08,06,10,0.07
2014,08,06,10,0.07
2014,08,06,10,0.07
2014,08,07,9,0.053
2014,08,07,9,0.053
2014,08,07,9,0.053
2014,08,07,9,0.053
2014,08,08,9,0.048
2014,08,08,9,0.048
2014,08,08,9,0.048
2014,08,08,9,0.048
2014,08,09,23,0.043
2014,08,09,23,0.043
2014,08,09,23,0.043
2014,08,09,23,0.043
2014,08,10,0,0.044
2014,08,10,0,0.044
2014,08,10,0,0.044
2014,08,10,0,0.044
2014,08,11,9,0.035
2014,08,11,9,0.035
2014,08,11,9,0.035
2014,08,11,9,0.035
2014,08,14,10,0.052
2014,08,14,10,0.052
2014,08,14,10,0.052
2014,08,14,10,0.052
2014,08,15,10,0.057
2014,08,15,10,0.057
2014,08,15,10,0.057
2014,08,15,10,0.057
2014,08,16,10,0.053
2014,08,16,10,0.053
2014,08,16,10,0.053
2014,08,16,10,0.053
2014,08,17,10,0.045
2014,08,17,10,0.045
2014,08,17,10,0.045
2014,08,17,10,0.045
2014,08,18,12,0.046
2014,08,18,12,0.046
2014,08,18,12,0.046
2014,08,18,12,0.046
2014,08,19,10,0.037
2014,08,19,10,0.037
2014,08,19,10,0.037
2014,08,19,10,0.037
2014,08,20,10,0.044
2014,08,20,10,0.044
2014,08,20,10,0.044
2014,08,20,10,0.044
2014,08,21,10,0.055
2014,08,21,10,0.055
2014,08,21,10,0.055
2014,08,21,10,0.055
2014,08,22,9,0.041
2014,08,22,9,0.041
2014,08,22,9,0.041
2014,08,22,9,0.041
2014,08,23,9,0.034
2014,08,23,9,0.034
2014,08,23,9,0.034
2014,08,23,9,0.034
2014,08,24,9,0.028
2014,08,24,9,0.028
2014,08,24,9,0.028
2014,08,24,9,0.028
2014,08,25,9,0.028
2014,08,25,9,0.028
2014,08,25,9,0.028
2014,08,25,9,0.028
2014,08,26,11,0.036
2014,08,26,11,0.036
2014,08,26,11,0.036
2014,08,26,11,0.036
2014,08,27,10,0.042
2014,08,27,10,0.042
2014,08,27,10,0.042
2014,08,27,10,0.042
2014,08,28,10,0.064
2014,08,28,10,0.064
2014,08,28,10,0.064
2014,08,28,10,0.064
2014,08,29,8,0.046
2014,08,29,8,0.046
2014,08,29,8,0.046
2014,08,29,8,0.046
2014,08,30,10,0.038
2014,08,30,10,0.038
2014,08,30,10,0.038
2014,08,30,10,0.038
2014,08,31,10,0.032
2014,08,31,10,0.032
2014,08,31,10,0.032
2014,08,31,10,0.032
2014,09,01,9,0.032
2014,09,01,9,0.032
2014,09,01,9,0.032
2014,09,01,9,0.032
2014,09,02,9,0.043
2014,09,02,9,0.043
2014,09,02,9,0.043
2014,09,02,9,0.043
2014,09,03,10,0.053
2014,09,03,10,0.053
2014,09,03,10,0.053
2014,09,03,10,0.053
2014,09,04,9,0.036
2014,09,04,9,0.036
2014,09,04,9,0.036
2014,09,04,9,0.036
2014,09,05,10,0.028
2014,09,05,10,0.028
2014,09,05,10,0.028
2014,09,05,10,0.028
2014,09,06,8,0.03
2014,09,06,8,0.03
2014,09,06,8,0.03
2014,09,06,8,0.03
2014,09,07,9,0.027
2014,09,07,9,0.027
2014,09,07,9,0.027
2014,09,07,9,0.027
2014,09,08,16,0.027
2014,09,08,16,0.027
2014,09,08,16,0.027
2014,09,08,16,0.027
2014,09,09,0,0.022
2014,09,09,0,0.022
2014,09,09,0,0.022
2014,09,09,0,0.022
2014,09,10,9,0.032
2014,09,10,9,0.032
2014,09,10,9,0.032
2014,09,10,9,0.032
2014,09,11,9,0.038
2014,09,11,9,0.038
2014,09,11,9,0.038
2014,09,11,9,0.038
2014,09,12,11,0.031
2014,09,12,11,0.031
2014,09,12,11,0.031
2014,09,12,11,0.031
2014,09,13,20,0.026
2014,09,13,20,0.026
2014,09,13,20,0.026
2014,09,13,20,0.026
2014,09,14,8,0.028
2014,09,14,8,0.028
2014,09,14,8,0.028
2014,09,14,8,0.028
2014,09,15,9,0.028
2014,09,15,9,0.028
2014,09,15,9,0.028
2014,09,15,9,0.028
2014,09,16,9,0.04
2014,09,16,9,0.04
2014,09,16,9,0.04
2014,09,16,9,0.04
2014,09,17,9,0.048
2014,09,17,9,0.048
2014,09,17,9,0.048
2014,09,17,9,0.048
2014,09,18,9,0.047
2014,09,18,9,0.047
2014,09,18,9,0.047
2014,09,18,9,0.047
2014,09,19,9,0.048
2014,09,19,9,0.048
2014,09,19,9,0.048
2014,09,19,9,0.048
2014,09,20,9,0.044
2014,09,20,9,0.044
2014,09,20,9,0.044
2014,09,20,9,0.044
2014,09,21,10,0.048
2014,09,21,10,0.048
2014,09,21,10,0.048
2014,09,21,10,0.048
2014,09,22,9,0.035
2014,09,22,9,0.035
2014,09,22,9,0.035
2014,09,22,9,0.035
2014,09,23,0,0.022
2014,09,23,0,0.022
2014,09,23,0,0.022
2014,09,23,0,0.022
2014,09,24,0,0.02
2014,09,24,0,0.02
2014,09,24,0,0.02
2014,09,24,0,0.02
2014,09,25,12,0.019
2014,09,25,12,0.019
2014,09,25,12,0.019
2014,09,25,12,0.019
2014,09,26,10,0.029
2014,09,26,10,0.029
2014,09,26,10,0.029
2014,09,26,10,0.029
2014,09,27,10,0.04
2014,09,27,10,0.04
2014,09,27,10,0.04
2014,09,27,10,0.04
2014,09,28,9,0.038
2014,09,28,9,0.038
2014,09,28,9,0.038
2014,09,28,9,0.038
2014,09,29,9,0.025
2014,09,29,9,0.025
2014,09,29,9,0.025
2014,09,29,9,0.025
2014,09,30,10,0.023
2014,09,30,10,0.023
2014,09,30,10,0.023
2014,09,30,10,0.023
2014,10,01,10,0.042
2014,10,01,10,0.042
2014,10,01,10,0.042
2014,10,01,10,0.042
2014,10,02,10,0.049
2014,10,02,10,0.049
2014,10,02,10,0.049
2014,10,02,10,0.049
2014,10,03,9,0.043
2014,10,03,9,0.043
2014,10,03,9,0.043
2014,10,03,9,0.043
2014,10,04,9,0.035
2014,10,04,9,0.035
2014,10,04,9,0.035
2014,10,04,9,0.035
2014,10,05,9,0.032
2014,10,05,9,0.032
2014,10,05,9,0.032
2014,10,05,9,0.032
2014,10,06,10,0.041
2014,10,06,10,0.041
2014,10,06,10,0.041
2014,10,06,10,0.041
2014,10,07,10,0.045
2014,10,07,10,0.045
2014,10,07,10,0.045
2014,10,07,10,0.045
2014,10,08,9,0.041
2014,10,08,9,0.041
2014,10,08,9,0.041
2014,10,08,9,0.041
2014,10,09,10,0.051
2014,10,09,10,0.051
2014,10,09,10,0.051
2014,10,09,10,0.051
2014,10,17,9,0.032
2014,10,17,9,0.032
2014,10,17,9,0.032
2014,10,17,9,0.032
2014,10,18,9,0.042
2014,10,18,9,0.042
2014,10,18,9,0.042
2014,10,18,9,0.042
2014,10,19,9,0.03
2014,10,19,9,0.03
2014,10,19,9,0.03
2014,10,19,9,0.03
2014,10,20,9,0.036
2014,10,20,9,0.036
2014,10,20,9,0.036
2014,10,20,9,0.036
2014,10,21,9,0.04
2014,10,21,9,0.04
2014,10,21,9,0.04
2014,10,21,9,0.04
2014,10,22,11,0.027
2014,10,22,11,0.027
2014,10,22,11,0.027
2014,10,22,11,0.027
2014,10,23,10,0.037
2014,10,23,10,0.037
2014,10,23,10,0.037
2014,10,23,10,0.037
2014,10,24,9,0.034
2014,10,24,9,0.034
2014,10,24,9,0.034
2014,10,24,9,0.034
2014,10,25,9,0.04
2014,10,25,9,0.04
2014,10,25,9,0.04
2014,10,25,9,0.04
2014,10,26,9,0.047
2014,10,26,9,0.047
2014,10,26,9,0.047
2014,10,26,9,0.047
2014,10,27,9,0.035
2014,10,27,9,0.035
2014,10,27,9,0.035
2014,10,27,9,0.035
2014,10,28,10,0.045
2014,10,28,10,0.045
2014,10,28,10,0.045
2014,10,28,10,0.045
2014,10,29,9,0.039
2014,10,29,9,0.039
2014,10,29,9,0.039
2014,10,29,9,0.039
2014,10,30,10,0.038
2014,10,30,10,0.038
2014,10,30,10,0.038
2014,10,30,10,0.038
2014,10,31,10,0.031
2014,10,31,10,0.031
2014,10,31,10,0.031
2014,10,31,10,0.031
2014,11,01,23,0.024
2014,11,01,23,0.024
2014,11,01,23,0.024
2014,11,01,23,0.024
2014,11,02,9,0.035
2014,11,02,9,0.035
2014,11,02,9,0.035
2014,11,02,9,0.035
2014,11,03,9,0.035
2014,11,03,9,0.035
2014,11,08,9,0.03
2014,11,08,9,0.03
2014,11,08,9,0.03
2014,11,08,9,0.03
2014,11,09,9,0.027
2014,11,09,9,0.027
2014,11,09,9,0.027
2014,11,09,9,0.027
2014,11,10,9,0.034
2014,11,10,9,0.034
2014,11,13,0,0.02
2014,11,13,0,0.02
2014,11,13,0,0.02
2014,11,13,0,0.02
2014,11,14,10,0.022
2014,11,14,10,0.022
2014,11,14,10,0.022
2014,11,14,10,0.022
2014,11,15,8,0.034
2014,11,15,8,0.034
2014,11,19,9,0.032
2014,11,19,9,0.032
2014,11,19,9,0.032
2014,11,19,9,0.032
2014,11,20,9,0.038
2014,11,20,9,0.038
2014,11,20,9,0.038
2014,11,20,9,0.038
2014,11,21,9,0.036
2014,11,21,9,0.036
2014,11,21,9,0.036
2014,11,21,9,0.036
2014,11,22,9,0.034
2014,11,22,9,0.034
2014,11,22,9,0.034
2014,11,22,9,0.034
2014,11,23,20,0.029
2014,11,23,20,0.029
2014,11,23,20,0.029
2014,11,23,20,0.029
2014,11,24,8,0.025
2014,11,24,8,0.025
2014,11,24,8,0.025
2014,11,24,8,0.025
2014,11,25,0,0.021
2014,11,25,0,0.021
2014,11,25,0,0.021
2014,11,25,0,0.021
2014,11,26,6,0.026
2014,11,26,6,0.026
2014,11,26,6,0.026
2014,11,26,6,0.026
2014,11,27,12,0.027
2014,11,27,12,0.027
2014,11,27,12,0.027
2014,11,27,12,0.027
2014,11,28,9,0.026
2014,11,28,9,0.026
2014,11,28,9,0.026
2014,11,28,9,0.026
2014,11,29,9,0.03
2014,11,29,9,0.03
2014,11,29,9,0.03
2014,11,29,9,0.03
2014,11,30,9,0.032
2014,11,30,9,0.032
2014,11,30,9,0.032
2014,11,30,9,0.032
2014,12,01,9,0.03
2014,12,01,9,0.03
2014,12,01,9,0.03
2014,12,01,9,0.03
2014,12,02,9,0.023
2014,12,02,9,0.023
2014,12,02,9,0.023
2014,12,02,9,0.023
2014,12,03,10,0.011
2014,12,03,10,0.011
2014,12,03,10,0.011
2014,12,03,10,0.011
2014,12,04,10,0.026
2014,12,04,10,0.026
2014,12,04,10,0.026
2014,12,04,10,0.026
2014,12,05,8,0.02
2014,12,05,8,0.02
2014,12,05,8,0.02
2014,12,05,8,0.02
2014,12,06,23,0.015
2014,12,06,23,0.015
2014,12,06,23,0.015
2014,12,06,23,0.015
2014,12,07,10,0.033
2014,12,07,10,0.033
2014,12,07,10,0.033
2014,12,07,10,0.033
2014,12,08,8,0.028
2014,12,08,8,0.028
2014,12,08,8,0.028
2014,12,08,8,0.028
2014,12,09,13,0.022
2014,12,09,13,0.022
2014,12,09,13,0.022
2014,12,09,13,0.022
2014,12,10,13,0.023
2014,12,10,13,0.023
2014,12,10,13,0.023
2014,12,10,13,0.023
2014,12,11,9,0.026
2014,12,11,9,0.026
2014,12,11,9,0.026
2014,12,11,9,0.026
2014,12,12,9,0.032
2014,12,12,9,0.032
2014,12,12,9,0.032
2014,12,12,9,0.032
2014,12,13,9,0.033
2014,12,13,9,0.033
2014,12,13,9,0.033
2014,12,13,9,0.033
2014,12,14,9,0.03
2014,12,14,9,0.03
2014,12,14,9,0.03
2014,12,14,9,0.03
2014,12,15,9,0.029
2014,12,15,9,0.029
2014,12,15,9,0.029
2014,12,15,9,0.029
2014,12,16,22,0.017
2014,12,16,22,0.017
2014,12,16,22,0.017
2014,12,16,22,0.017
2014,12,17,9,0.027
2014,12,17,9,0.027
2014,12,17,9,0.027
2014,12,17,9,0.027
2014,12,18,9,0.024
2014,12,18,9,0.024
2014,12,18,9,0.024
2014,12,18,9,0.024
2014,12,19,9,0.027
2014,12,19,9,0.027
2014,12,19,9,0.027
2014,12,19,9,0.027
2014,12,20,7,0.01
2014,12,20,7,0.01
2014,12,20,7,0.01
2014,12,20,7,0.01
2014,12,21,12,0.021
2014,12,21,12,0.021
2014,12,21,12,0.021
2014,12,21,12,0.021
2014,12,22,0,0.018
2014,12,22,0,0.018
2014,12,22,0,0.018
2014,12,22,0,0.018
2014,12,23,0,0.009
2014,12,23,0,0.009
2014,12,23,0,0.009
2014,12,23,0,0.009
2014,12,24,23,0.022
2014,12,24,23,0.022
2014,12,24,23,0.022
2014,12,24,23,0.022
2014,12,25,8,0.03
2014,12,25,8,0.03
2014,12,25,8,0.03
2014,12,25,8,0.03
2014,12,26,9,0.022
2014,12,26,9,0.022
2014,12,26,9,0.022
2014,12,26,9,0.022
2014,12,27,10,0.028
2014,12,27,10,0.028
2014,12,27,10,0.028
2014,12,27,10,0.028
2014,12,28,7,0.024
2014,12,28,7,0.024
2014,12,28,7,0.024
2014,12,28,7,0.024
2014,12,29,23,0.017
2014,12,29,23,0.017
2014,12,29,23,0.017
2014,12,29,23,0.017
2014,12,30,0,0.018
2014,12,30,0,0.018
2014,12,30,0,0.018
2014,12,30,0,0.018
2014,12,31,10,0.029
2014,12,31,10,0.029
2014,12,31,10,0.029
2014,12,31,10,0.029
2015,01,01,10,0.029
2015,01,01,10,0.029
2015,01,01,10,0.029
2015,01,01,10,0.029
2015,01,02,10,0.019
2015,01,02,10,0.019
2015,01,02,10,0.019
2015,01,02,10,0.019
2015,01,03,9,0.021
2015,01,03,9,0.021
2015,01,03,9,0.021
2015,01,03,9,0.021
2015,01,04,20,0.028
2015,01,04,20,0.028
2015,01,04,20,0.028
2015,01,04,20,0.028
2015,01,05,9,0.031
2015,01,05,9,0.031
2015,01,05,9,0.031
2015,01,05,9,0.031
2015,01,06,10,0.029
2015,01,06,10,0.029
2015,01,06,10,0.029
2015,01,06,10,0.029
2015,01,07,14,0.033
2015,01,07,14,0.033
2015,01,07,14,0.033
2015,01,07,14,0.033
2015,01,08,0,0.03
2015,01,08,0,0.03
2015,01,08,0,0.03
2015,01,08,0,0.03
2015,01,09,9,0.032
2015,01,09,9,0.032
2015,01,09,9,0.032
2015,01,09,9,0.032
2015,01,10,9,0.034
2015,01,10,9,0.034
2015,01,10,9,0.034
2015,01,10,9,0.034
2015,01,11,10,0.033
2015,01,11,10,0.033
2015,01,11,10,0.033
2015,01,11,10,0.033
2015,01,12,0,0.022
2015,01,12,0,0.022
2015,01,12,0,0.022
2015,01,12,0,0.022
2015,01,13,22,0.024
2015,01,13,22,0.024
2015,01,13,22,0.024
2015,01,13,22,0.024
2015,01,14,0,0.023
2015,01,14,0,0.023
2015,01,14,0,0.023
2015,01,14,0,0.023
2015,01,16,8,0.034
2015,01,16,8,0.034
2015,01,16,8,0.034
2015,01,16,8,0.034
2015,01,17,10,0.029
2015,01,17,10,0.029
2015,01,17,10,0.029
2015,01,17,10,0.029
2015,01,18,12,0.037
2015,01,18,12,0.037
2015,01,18,12,0.037
2015,01,18,12,0.037
2015,01,19,10,0.036
2015,01,19,10,0.036
2015,01,19,10,0.036
2015,01,19,10,0.036
2015,01,20,10,0.033
2015,01,20,10,0.033
2015,01,20,10,0.033
2015,01,20,10,0.033
2015,01,21,9,0.028
2015,01,21,9,0.028
2015,01,21,9,0.028
2015,01,21,9,0.028
2015,01,22,11,0.031
2015,01,22,11,0.031
2015,01,22,11,0.031
2015,01,22,11,0.031
2015,01,23,0,0.017
2015,01,23,0,0.017
2015,01,23,0,0.017
2015,01,23,0,0.017
2015,01,24,22,0.025
2015,01,24,22,0.025
2015,01,24,22,0.025
2015,01,24,22,0.025
2015,01,25,10,0.033
2015,01,25,10,0.033
2015,01,25,10,0.033
2015,01,25,10,0.033
2015,01,26,10,0.031
2015,01,26,10,0.031
2015,01,26,10,0.031
2015,01,26,10,0.031
2015,01,27,10,0.032
2015,01,27,10,0.032
2015,01,27,10,0.032
2015,01,27,10,0.032
2015,01,29,9,0.028
2015,01,29,9,0.028
2015,01,29,9,0.028
2015,01,29,9,0.028
2015,01,30,14,0.033
2015,01,30,14,0.033
2015,01,30,14,0.033
2015,01,30,14,0.033
2015,01,31,9,0.039
2015,01,31,9,0.039
2015,01,31,9,0.039
2015,01,31,9,0.039
2015,02,01,19,0.038
2015,02,01,19,0.038
2015,02,01,19,0.038
2015,02,01,19,0.038
2015,02,02,19,0.032
2015,02,02,19,0.032
2015,02,02,19,0.032
2015,02,02,19,0.032
2015,02,03,8,0.033
2015,02,03,8,0.033
2015,02,03,8,0.033
2015,02,03,8,0.033
2015,02,04,10,0.032
2015,02,04,10,0.032
2015,02,04,10,0.032
2015,02,04,10,0.032
2015,02,05,13,0.035
2015,02,05,13,0.035
2015,02,05,13,0.035
2015,02,05,13,0.035
2015,02,06,9,0.029
2015,02,06,9,0.029
2015,02,06,9,0.029
2015,02,06,9,0.029
2015,02,07,12,0.042
2015,02,07,12,0.042
2015,02,07,12,0.042
2015,02,07,12,0.042
2015,02,08,10,0.046
2015,02,08,10,0.046
2015,02,08,10,0.046
2015,02,08,10,0.046
2015,02,09,10,0.032
2015,02,09,10,0.032
2015,02,09,10,0.032
2015,02,09,10,0.032
2015,02,10,20,0.03
2015,02,10,20,0.03
2015,02,10,20,0.03
2015,02,10,20,0.03
2015,02,11,9,0.037
2015,02,11,9,0.037
2015,02,11,9,0.037
2015,02,11,9,0.037
2015,02,12,10,0.032
2015,02,12,10,0.032
2015,02,12,10,0.032
2015,02,12,10,0.032
2015,02,13,8,0.038
2015,02,13,8,0.038
2015,02,13,8,0.038
2015,02,13,8,0.038
2015,02,14,13,0.04
2015,02,14,13,0.04
2015,02,14,13,0.04
2015,02,14,13,0.04
2015,02,15,12,0.04
2015,02,15,12,0.04
2015,02,15,12,0.04
2015,02,15,12,0.04
2015,02,16,3,0.035
2015,02,16,3,0.035
2015,02,16,3,0.035
2015,02,16,3,0.035
2015,02,17,9,0.036
2015,02,17,9,0.036
2015,02,17,9,0.036
2015,02,17,9,0.036
2015,02,18,21,0.038
2015,02,18,21,0.038
2015,02,18,21,0.038
2015,02,18,21,0.038
2015,02,19,0,0.037
2015,02,19,0,0.037
2015,02,19,0,0.037
2015,02,19,0,0.037
2015,02,20,9,0.036
2015,02,20,9,0.036
2015,02,20,9,0.036
2015,02,20,9,0.036
2015,02,21,7,0.026
2015,02,21,7,0.026
2015,02,21,7,0.026
2015,02,21,7,0.026
2015,02,22,10,0.036
2015,02,22,10,0.036
2015,02,22,10,0.036
2015,02,22,10,0.036
2015,02,23,22,0.037
2015,02,23,22,0.037
2015,02,23,22,0.037
2015,02,23,22,0.037
2015,02,24,0,0.038
2015,02,24,0,0.038
2015,02,24,0,0.038
2015,02,24,0,0.038
2015,02,25,10,0.04
2015,02,25,10,0.04
2015,02,25,10,0.04
2015,02,25,10,0.04
2015,02,27,11,0.05
2015,02,27,11,0.05
2015,02,27,11,0.05
2015,02,27,11,0.05
2015,02,28,10,0.04
2015,02,28,10,0.04
2015,02,28,10,0.04
2015,02,28,10,0.04
2015,03,01,1,0.037
2015,03,01,1,0.037
2015,03,01,1,0.037
2015,03,01,1,0.037
2015,03,02,13,0.043
2015,03,02,13,0.043
2015,03,02,13,0.043
2015,03,02,13,0.043
2015,03,03,2,0.038
2015,03,03,2,0.038
2015,03,03,2,0.038
2015,03,03,2,0.038
2015,03,04,11,0.025
2015,03,04,11,0.025
2015,03,04,11,0.025
2015,03,04,11,0.025
2015,03,05,18,0.039
2015,03,05,18,0.039
2015,03,05,18,0.039
2015,03,05,18,0.039
2015,03,06,10,0.04
2015,03,06,10,0.04
2015,03,06,10,0.04
2015,03,06,10,0.04
2015,03,07,10,0.043
2015,03,07,10,0.043
2015,03,07,10,0.043
2015,03,07,10,0.043
2015,03,08,10,0.05
2015,03,08,10,0.05
2015,03,08,10,0.05
2015,03,08,10,0.05
2015,03,09,10,0.041
2015,03,09,10,0.041
2015,03,09,10,0.041
2015,03,09,10,0.041
2015,03,10,10,0.039
2015,03,10,10,0.039
2015,03,10,10,0.039
2015,03,10,10,0.039
2015,03,11,10,0.03
2015,03,11,10,0.03
2015,03,11,10,0.03
2015,03,11,10,0.03
2015,03,12,10,0.049
2015,03,12,10,0.049
2015,03,12,10,0.049
2015,03,12,10,0.049
2015,03,13,9,0.039
2015,03,13,9,0.039
2015,03,13,9,0.039
2015,03,13,9,0.039
2015,03,14,13,0.024
2015,03,14,13,0.024
2015,03,14,13,0.024
2015,03,14,13,0.024
2015,03,15,11,0.045
2015,03,15,11,0.045
2015,03,15,11,0.045
2015,03,15,11,0.045
2015,03,16,10,0.045
2015,03,16,10,0.045
2015,03,16,10,0.045
2015,03,16,10,0.045
2015,03,17,10,0.052
2015,03,17,10,0.052
2015,03,17,10,0.052
2015,03,17,10,0.052
2015,03,18,8,0.044
2015,03,18,8,0.044
2015,03,18,8,0.044
2015,03,18,8,0.044
2015,03,19,20,0.04
2015,03,19,20,0.04
2015,03,19,20,0.04
2015,03,19,20,0.04
2015,03,20,0,0.038
2015,03,20,0,0.038
2015,03,20,0,0.038
2015,03,20,0,0.038
2015,03,21,10,0.037
2015,03,21,10,0.037
2015,03,21,10,0.037
2015,03,21,10,0.037
2015,03,22,10,0.036
2015,03,22,10,0.036
2015,03,22,10,0.036
2015,03,22,10,0.036
2015,03,23,9,0.041
2015,03,23,9,0.041
2015,03,23,9,0.041
2015,03,23,9,0.041
2015,03,24,13,0.046
2015,03,24,13,0.046
2015,03,24,13,0.046
2015,03,24,13,0.046
2015,03,25,10,0.043
2015,03,25,10,0.043
2015,03,25,10,0.043
2015,03,25,10,0.043
2015,03,26,11,0.037
2015,03,26,11,0.037
2015,03,26,11,0.037
2015,03,26,11,0.037
2015,03,27,3,0.034
2015,03,27,3,0.034
2015,03,27,3,0.034
2015,03,27,3,0.034
2015,03,28,11,0.046
2015,03,28,11,0.046
2015,03,28,11,0.046
2015,03,28,11,0.046
2015,03,29,9,0.048
2015,03,29,9,0.048
2015,03,29,9,0.048
2015,03,29,9,0.048
2015,03,30,13,0.045
2015,03,30,13,0.045
2015,03,30,13,0.045
2015,03,30,13,0.045
2015,03,31,11,0.053
2015,03,31,11,0.053
2015,03,31,11,0.053
2015,03,31,11,0.053
2015,04,01,10,0.046
2015,04,01,10,0.046
2015,04,01,10,0.046
2015,04,01,10,0.046
2015,04,02,10,0.051
2015,04,02,10,0.051
2015,04,02,10,0.051
2015,04,02,10,0.051
2015,04,03,10,0.044
2015,04,03,10,0.044
2015,04,03,10,0.044
2015,04,03,10,0.044
2015,04,04,10,0.045
2015,04,04,10,0.045
2015,04,04,10,0.045
2015,04,04,10,0.045
2015,04,05,10,0.048
2015,04,05,10,0.048
2015,04,05,10,0.048
2015,04,05,10,0.048
2015,04,06,9,0.046
2015,04,06,9,0.046
2015,04,06,9,0.046
2015,04,06,9,0.046
2015,04,07,9,0.035
2015,04,07,9,0.035
2015,04,07,9,0.035
2015,04,07,9,0.035
2015,04,08,10,0.042
2015,04,08,10,0.042
2015,04,08,10,0.042
2015,04,08,10,0.042
2015,04,09,13,0.03
2015,04,09,13,0.03
2015,04,09,13,0.03
2015,04,09,13,0.03
2015,04,10,11,0.037
2015,04,10,11,0.037
2015,04,10,11,0.037
2015,04,10,11,0.037
2015,04,11,10,0.053
2015,04,11,10,0.053
2015,04,11,10,0.053
2015,04,11,10,0.053
2015,04,12,9,0.052
2015,04,12,9,0.052
2015,04,12,9,0.052
2015,04,12,9,0.052
2015,04,13,9,0.051
2015,04,13,9,0.051
2015,04,13,9,0.051
2015,04,13,9,0.051
2015,04,14,23,0.035
2015,04,14,23,0.035
2015,04,14,23,0.035
2015,04,14,23,0.035
2015,04,15,0,0.034
2015,04,15,0,0.034
2015,04,15,0,0.034
2015,04,15,0,0.034
2015,04,16,9,0.036
2015,04,16,9,0.036
2015,04,16,9,0.036
2015,04,16,9,0.036
2015,04,17,10,0.041
2015,04,17,10,0.041
2015,04,17,10,0.041
2015,04,17,10,0.041
2015,04,18,9,0.041
2015,04,18,9,0.041
2015,04,18,9,0.041
2015,04,18,9,0.041
2015,04,19,10,0.033
2015,04,19,10,0.033
2015,04,19,10,0.033
2015,04,19,10,0.033
2015,04,20,8,0.036
2015,04,20,8,0.036
2015,04,20,8,0.036
2015,04,20,8,0.036
2015,04,21,10,0.047
2015,04,21,10,0.047
2015,04,21,10,0.047
2015,04,21,10,0.047
2015,04,22,10,0.054
2015,04,22,10,0.054
2015,04,22,10,0.054
2015,04,22,10,0.054
2015,04,23,11,0.056
2015,04,23,11,0.056
2015,04,23,11,0.056
2015,04,23,11,0.056
2015,04,24,10,0.057
2015,04,24,10,0.057
2015,04,24,10,0.057
2015,04,24,10,0.057
2015,04,25,23,0.031
2015,04,25,23,0.031
2015,04,25,23,0.031
2015,04,25,23,0.031
2015,04,26,1,0.035
2015,04,26,1,0.035
2015,04,26,1,0.035
2015,04,26,1,0.035
2015,04,27,10,0.051
2015,04,27,10,0.051
2015,04,27,10,0.051
2015,04,27,10,0.051
2015,04,28,10,0.043
2015,04,28,10,0.043
2015,04,28,10,0.043
2015,04,28,10,0.043
2015,04,29,9,0.047
2015,04,29,9,0.047
2015,04,29,9,0.047
2015,04,29,9,0.047
2015,04,30,11,0.047
2015,04,30,11,0.047
2015,04,30,11,0.047
2015,04,30,11,0.047
2015,05,01,9,0.036
2015,05,01,9,0.036
2015,05,01,9,0.036
2015,05,01,9,0.036
2015,05,02,10,0.044
2015,05,02,10,0.044
2015,05,02,10,0.044
2015,05,02,10,0.044
2015,05,03,10,0.054
2015,05,03,10,0.054
2015,05,03,10,0.054
2015,05,03,10,0.054
2015,05,04,10,0.056
2015,05,04,10,0.056
2015,05,04,10,0.056
2015,05,04,10,0.056
2015,05,05,7,0.045
2015,05,05,7,0.045
2015,05,05,7,0.045
2015,05,05,7,0.045
2015,05,06,11,0.056
2015,05,06,11,0.056
2015,05,06,11,0.056
2015,05,06,11,0.056
2015,05,07,12,0.052
2015,05,07,12,0.052
2015,05,07,12,0.052
2015,05,07,12,0.052
2015,05,08,10,0.044
2015,05,08,10,0.044
2015,05,08,10,0.044
2015,05,08,10,0.044
2015,05,09,8,0.038
2015,05,09,8,0.038
2015,05,09,8,0.038
2015,05,09,8,0.038
2015,05,10,9,0.035
2015,05,10,9,0.035
2015,05,10,9,0.035
2015,05,10,9,0.035
2015,05,11,10,0.042
2015,05,11,10,0.042
2015,05,11,10,0.042
2015,05,11,10,0.042
2015,05,12,11,0.049
2015,05,12,11,0.049
2015,05,12,11,0.049
2015,05,12,11,0.049
2015,05,13,10,0.06
2015,05,13,10,0.06
2015,05,13,10,0.06
2015,05,13,10,0.06
2015,05,14,11,0.041
2015,05,14,11,0.041
2015,05,14,11,0.041
2015,05,14,11,0.041
2015,05,15,11,0.046
2015,05,15,11,0.046
2015,05,15,11,0.046
2015,05,15,11,0.046
2015,05,16,10,0.053
2015,05,16,10,0.053
2015,05,16,10,0.053
2015,05,16,10,0.053
2015,05,17,9,0.05
2015,05,17,9,0.05
2015,05,17,9,0.05
2015,05,17,9,0.05
2015,05,18,10,0.049
2015,05,18,10,0.049
2015,05,18,10,0.049
2015,05,18,10,0.049
2015,05,19,9,0.042
2015,05,19,9,0.042
2015,05,19,9,0.042
2015,05,19,9,0.042
2015,05,20,11,0.065
2015,05,20,11,0.065
2015,05,20,11,0.065
2015,05,20,11,0.065
2015,05,21,0,0.045
2015,05,21,0,0.045
2015,05,21,0,0.045
2015,05,21,0,0.045
2015,05,22,11,0.053
2015,05,22,11,0.053
2015,05,22,11,0.053
2015,05,22,11,0.053
2015,05,23,10,0.057
2015,05,23,10,0.057
2015,05,23,10,0.057
2015,05,23,10,0.057
2015,05,24,9,0.058
2015,05,24,9,0.058
2015,05,24,9,0.058
2015,05,24,9,0.058
2015,05,25,8,0.057
2015,05,25,8,0.057
2015,05,25,8,0.057
2015,05,25,8,0.057
2015,05,26,8,0.04
2015,05,26,8,0.04
2015,05,26,8,0.04
2015,05,26,8,0.04
2015,05,27,11,0.04
2015,05,27,11,0.04
2015,05,27,11,0.04
2015,05,27,11,0.04
2015,05,28,10,0.044
2015,05,28,10,0.044
2015,05,28,10,0.044
2015,05,28,10,0.044
2015,05,29,10,0.048
2015,05,29,10,0.048
2015,05,29,10,0.048
2015,05,29,10,0.048
2015,06,02,11,0.041
2015,06,02,11,0.041
2015,06,02,11,0.041
2015,06,02,11,0.041
2015,06,03,9,0.014
2015,06,03,9,0.014
2015,06,03,9,0.014
2015,06,03,9,0.014
2015,06,04,11,0.015
2015,06,04,11,0.015
2015,06,04,11,0.015
2015,06,04,11,0.015
2015,06,05,11,0.025
2015,06,05,11,0.025
2015,06,05,11,0.025
2015,06,05,11,0.025
2015,06,06,11,0.056
2015,06,06,11,0.056
2015,06,06,11,0.056
2015,06,06,11,0.056
2015,06,07,11,0.05
2015,06,07,11,0.05
2015,06,07,11,0.05
2015,06,07,11,0.05
2015,06,08,11,0.05
2015,06,08,11,0.05
2015,06,08,11,0.05
2015,06,08,11,0.05
2015,06,09,11,0.049
2015,06,09,11,0.049
2015,06,09,11,0.049
2015,06,09,11,0.049
2015,06,10,9,0.055
2015,06,10,9,0.055
2015,06,10,9,0.055
2015,06,10,9,0.055
2015,06,11,9,0.046
2015,06,11,9,0.046
2015,06,11,9,0.046
2015,06,11,9,0.046
2015,06,12,9,0.043
2015,06,12,9,0.043
2015,06,12,9,0.043
2015,06,12,9,0.043
2015,06,13,8,0.045
2015,06,13,8,0.045
2015,06,13,8,0.045
2015,06,13,8,0.045
2015,06,14,9,0.036
2015,06,14,9,0.036
2015,06,14,9,0.036
2015,06,14,9,0.036
2015,06,15,12,0.039
2015,06,15,12,0.039
2015,06,15,12,0.039
2015,06,15,12,0.039
2015,06,16,12,0.049
2015,06,16,12,0.049
2015,06,16,12,0.049
2015,06,16,12,0.049
2015,06,17,9,0.049
2015,06,17,9,0.049
2015,06,17,9,0.049
2015,06,17,9,0.049
2015,06,18,10,0.061
2015,06,18,10,0.061
2015,06,18,10,0.061
2015,06,18,10,0.061
2015,06,19,9,0.053
2015,06,19,9,0.053
2015,06,19,9,0.053
2015,06,19,9,0.053
2015,06,20,8,0.039
2015,06,20,8,0.039
2015,06,20,8,0.039
2015,06,20,8,0.039
2015,06,23,9,0.061
2015,06,23,9,0.061
2015,06,23,9,0.061
2015,06,23,9,0.061
2015,06,24,12,0.058
2015,06,24,12,0.058
2015,06,24,12,0.058
2015,06,24,12,0.058
2015,06,25,11,0.056
2015,06,25,11,0.056
2015,06,25,11,0.056
2015,06,25,11,0.056
2015,06,26,8,0.053
2015,06,26,8,0.053
2015,06,26,8,0.053
2015,06,26,8,0.053
2015,06,27,9,0.036
2015,06,27,9,0.036
2015,06,27,9,0.036
2015,06,27,9,0.036
2015,06,28,10,0.051
2015,06,28,10,0.051
2015,06,28,10,0.051
2015,06,28,10,0.051
2015,06,29,10,0.057
2015,06,29,10,0.057
2015,06,29,10,0.057
2015,06,29,10,0.057
2015,06,30,9,0.059
2015,06,30,9,0.059
2015,06,30,9,0.059
2015,06,30,9,0.059
2015,07,01,11,0.055
2015,07,01,11,0.055
2015,07,01,11,0.055
2015,07,01,11,0.055
2015,07,02,10,0.05
2015,07,02,10,0.05
2015,07,02,10,0.05
2015,07,02,10,0.05
2015,07,03,9,0.03
2015,07,03,9,0.03
2015,07,03,9,0.03
2015,07,03,9,0.03
2015,07,04,11,0.032
2015,07,04,11,0.032
2015,07,04,11,0.032
2015,07,04,11,0.032
2015,07,05,8,0.034
2015,07,05,8,0.034
2015,07,05,8,0.034
2015,07,05,8,0.034
2015,07,06,11,0.045
2015,07,06,11,0.045
2015,07,06,11,0.045
2015,07,06,11,0.045
2015,07,07,9,0.05
2015,07,07,9,0.05
2015,07,07,9,0.05
2015,07,07,9,0.05
2015,07,08,9,0.037
2015,07,08,9,0.037
2015,07,08,9,0.037
2015,07,08,9,0.037
2015,07,09,11,0.046
2015,07,09,11,0.046
2015,07,09,11,0.046
2015,07,09,11,0.046
2015,07,10,11,0.049
2015,07,10,11,0.049
2015,07,10,11,0.049
2015,07,10,11,0.049
2015,07,11,8,0.042
2015,07,11,8,0.042
2015,07,11,8,0.042
2015,07,11,8,0.042
2015,07,12,11,0.05
2015,07,12,11,0.05
2015,07,12,11,0.05
2015,07,12,11,0.05
2015,07,13,10,0.044
2015,07,13,10,0.044
2015,07,13,10,0.044
2015,07,13,10,0.044
2015,07,14,13,0.052
2015,07,14,13,0.052
2015,07,14,13,0.052
2015,07,14,13,0.052
2015,07,15,8,0.048
2015,07,15,8,0.048
2015,07,15,8,0.048
2015,07,15,8,0.048
2015,07,16,9,0.046
2015,07,16,9,0.046
2015,07,16,9,0.046
2015,07,16,9,0.046
2015,07,17,10,0.049
2015,07,17,10,0.049
2015,07,17,10,0.049
2015,07,17,10,0.049
2015,07,18,8,0.045
2015,07,18,8,0.045
2015,07,18,8,0.045
2015,07,18,8,0.045
2015,07,19,9,0.045
2015,07,19,9,0.045
2015,07,19,9,0.045
2015,07,19,9,0.045
2015,07,20,11,0.057
2015,07,20,11,0.057
2015,07,20,11,0.057
2015,07,20,11,0.057
2015,07,21,10,0.05
2015,07,21,10,0.05
2015,07,21,10,0.05
2015,07,21,10,0.05
2015,07,22,11,0.052
2015,07,22,11,0.052
2015,07,22,11,0.052
2015,07,22,11,0.052
2015,07,23,8,0.038
2015,07,23,8,0.038
2015,07,23,8,0.038
2015,07,23,8,0.038
2015,07,24,10,0.055
2015,07,24,10,0.055
2015,07,24,10,0.055
2015,07,24,10,0.055
2015,07,25,10,0.058
2015,07,25,10,0.058
2015,07,25,10,0.058
2015,07,25,10,0.058
2015,07,26,9,0.058
2015,07,26,9,0.058
2015,07,26,9,0.058
2015,07,26,9,0.058
2015,07,27,10,0.044
2015,07,27,10,0.044
2015,07,27,10,0.044
2015,07,27,10,0.044
2015,07,28,9,0.045
2015,07,28,9,0.045
2015,07,28,9,0.045
2015,07,28,9,0.045
2015,07,29,11,0.045
2015,07,29,11,0.045
2015,07,29,11,0.045
2015,07,29,11,0.045
2015,07,30,10,0.056
2015,07,30,10,0.056
2015,07,30,10,0.056
2015,07,30,10,0.056
2015,07,31,11,0.059
2015,07,31,11,0.059
2015,07,31,11,0.059
2015,07,31,11,0.059
2015,08,01,10,0.06
2015,08,01,10,0.06
2015,08,01,10,0.06
2015,08,01,10,0.06
2015,08,02,10,0.054
2015,08,02,10,0.054
2015,08,02,10,0.054
2015,08,02,10,0.054
2015,08,03,10,0.057
2015,08,03,10,0.057
2015,08,03,10,0.057
2015,08,03,10,0.057
2015,08,04,11,0.044
2015,08,04,11,0.044
2015,08,04,11,0.044
2015,08,04,11,0.044
2015,08,05,10,0.065
2015,08,05,10,0.065
2015,08,05,10,0.065
2015,08,05,10,0.065
2015,08,06,9,0.057
2015,08,06,9,0.057
2015,08,06,9,0.057
2015,08,06,9,0.057
2015,08,07,19,0.029
2015,08,07,19,0.029
2015,08,07,19,0.029
2015,08,07,19,0.029
2015,08,08,12,0.046
2015,08,08,12,0.046
2015,08,08,12,0.046
2015,08,08,12,0.046
2015,08,09,11,0.056
2015,08,09,11,0.056
2015,08,09,11,0.056
2015,08,09,11,0.056
2015,08,10,11,0.039
2015,08,10,11,0.039
2015,08,10,11,0.039
2015,08,10,11,0.039
2015,08,11,12,0.036
2015,08,11,12,0.036
2015,08,11,12,0.036
2015,08,11,12,0.036
2015,08,12,11,0.047
2015,08,12,11,0.047
2015,08,12,11,0.047
2015,08,12,11,0.047
2015,08,13,9,0.056
2015,08,13,9,0.056
2015,08,13,9,0.056
2015,08,13,9,0.056
2015,08,14,9,0.052
2015,08,14,9,0.052
2015,08,14,9,0.052
2015,08,14,9,0.052
2015,08,15,9,0.055
2015,08,15,9,0.055
2015,08,15,9,0.055
2015,08,15,9,0.055
2015,08,16,10,0.056
2015,08,16,10,0.056
2015,08,16,10,0.056
2015,08,16,10,0.056
2015,08,17,10,0.071
2015,08,17,10,0.071
2015,08,17,10,0.071
2015,08,17,10,0.071
2015,08,18,8,0.037
2015,08,18,8,0.037
2015,08,18,8,0.037
2015,08,18,8,0.037
2015,08,19,13,0.034
2015,08,19,13,0.034
2015,08,19,13,0.034
2015,08,19,13,0.034
2015,08,20,11,0.037
2015,08,20,11,0.037
2015,08,20,11,0.037
2015,08,20,11,0.037
2015,08,21,11,0.048
2015,08,21,11,0.048
2015,08,21,11,0.048
2015,08,21,11,0.048
2015,08,22,9,0.056
2015,08,22,9,0.056
2015,08,22,9,0.056
2015,08,22,9,0.056
2015,08,23,11,0.062
2015,08,23,11,0.062
2015,08,23,11,0.062
2015,08,23,11,0.062
2015,08,24,8,0.046
2015,08,24,8,0.046
2015,08,24,8,0.046
2015,08,24,8,0.046
2015,08,25,10,0.053
2015,08,25,10,0.053
2015,08,25,10,0.053
2015,08,25,10,0.053
2015,08,26,12,0.054
2015,08,26,12,0.054
2015,08,26,12,0.054
2015,08,26,12,0.054
2015,08,27,10,0.054
2015,08,27,10,0.054
2015,08,27,10,0.054
2015,08,27,10,0.054
2015,08,28,9,0.054
2015,08,28,9,0.054
2015,08,28,9,0.054
2015,08,28,9,0.054
2015,08,29,10,0.053
2015,08,29,10,0.053
2015,08,29,10,0.053
2015,08,29,10,0.053
2015,08,30,9,0.059
2015,08,30,9,0.059
2015,08,30,9,0.059
2015,08,30,9,0.059
2015,08,31,0,0.028
2015,08,31,0,0.028
2015,08,31,0,0.028
2015,08,31,0,0.028
2015,09,01,10,0.051
2015,09,01,10,0.051
2015,09,01,10,0.051
2015,09,01,10,0.051
2015,09,02,9,0.068
2015,09,02,9,0.068
2015,09,02,9,0.068
2015,09,02,9,0.068
2015,09,03,10,0.06
2015,09,03,10,0.06
2015,09,03,10,0.06
2015,09,03,10,0.06
2015,09,04,9,0.057
2015,09,04,9,0.057
2015,09,04,9,0.057
2015,09,04,9,0.057
2015,09,05,7,0.038
2015,09,05,7,0.038
2015,09,05,7,0.038
2015,09,05,7,0.038
2015,09,06,10,0.026
2015,09,06,10,0.026
2015,09,06,10,0.026
2015,09,06,10,0.026
2015,09,07,9,0.032
2015,09,07,9,0.032
2015,09,07,9,0.032
2015,09,07,9,0.032
2015,09,08,9,0.028
2015,09,08,9,0.028
2015,09,08,9,0.028
2015,09,08,9,0.028
2015,09,09,10,0.034
2015,09,09,10,0.034
2015,09,09,10,0.034
2015,09,09,10,0.034
2015,09,10,10,0.039
2015,09,10,10,0.039
2015,09,10,10,0.039
2015,09,10,10,0.039
2015,09,11,9,0.039
2015,09,11,9,0.039
2015,09,11,9,0.039
2015,09,11,9,0.039
2015,09,12,13,0.029
2015,09,12,13,0.029
2015,09,12,13,0.029
2015,09,12,13,0.029
2015,09,13,10,0.038
2015,09,13,10,0.038
2015,09,13,10,0.038
2015,09,13,10,0.038
2015,09,14,10,0.049
2015,09,14,10,0.049
2015,09,14,10,0.049
2015,09,14,10,0.049
2015,09,15,10,0.057
2015,09,15,10,0.057
2015,09,15,10,0.057
2015,09,15,10,0.057
2015,09,16,9,0.055
2015,09,16,9,0.055
2015,09,16,9,0.055
2015,09,16,9,0.055
2015,09,17,9,0.05
2015,09,17,9,0.05
2015,09,17,9,0.05
2015,09,17,9,0.05
2015,09,18,10,0.046
2015,09,18,10,0.046
2015,09,18,10,0.046
2015,09,18,10,0.046
2015,09,19,10,0.036
2015,09,19,10,0.036
2015,09,19,10,0.036
2015,09,19,10,0.036
2015,09,20,8,0.042
2015,09,20,8,0.042
2015,09,20,8,0.042
2015,09,20,8,0.042
2015,09,21,8,0.038
2015,09,21,8,0.038
2015,09,21,8,0.038
2015,09,21,8,0.038
2015,09,22,12,0.035
2015,09,22,12,0.035
2015,09,22,12,0.035
2015,09,22,12,0.035
2015,09,23,10,0.037
2015,09,23,10,0.037
2015,09,23,10,0.037
2015,09,23,10,0.037
2015,09,24,11,0.04
2015,09,24,11,0.04
2015,09,24,11,0.04
2015,09,24,11,0.04
2015,09,25,14,0.033
2015,09,25,14,0.033
2015,09,25,14,0.033
2015,09,25,14,0.033
2015,09,26,5,0.034
2015,09,26,5,0.034
2015,09,26,5,0.034
2015,09,26,5,0.034
2015,09,27,9,0.028
2015,09,27,9,0.028
2015,09,27,9,0.028
2015,09,27,9,0.028
2015,09,28,7,0.026
2015,09,28,7,0.026
2015,09,28,7,0.026
2015,09,28,7,0.026
2015,09,29,0,0.019
2015,09,29,0,0.019
2015,09,29,0,0.019
2015,09,29,0,0.019
2015,09,30,11,0.028
2015,09,30,11,0.028
2015,09,30,11,0.028
2015,09,30,11,0.028
2015,10,01,0,0.019
2015,10,01,0,0.019
2015,10,01,0,0.019
2015,10,01,0,0.019
2015,10,02,2,0.016
2015,10,02,2,0.016
2015,10,02,2,0.016
2015,10,02,2,0.016
2015,10,03,22,0.02
2015,10,03,22,0.02
2015,10,03,22,0.02
2015,10,03,22,0.02
2015,10,04,22,0.022
2015,10,04,22,0.022
2015,10,04,22,0.022
2015,10,04,22,0.022
2015,10,05,19,0.025
2015,10,05,19,0.025
2015,10,05,19,0.025
2015,10,05,19,0.025
2015,10,06,10,0.039
2015,10,06,10,0.039
2015,10,06,10,0.039
2015,10,06,10,0.039
2015,10,07,10,0.041
2015,10,07,10,0.041
2015,10,07,10,0.041
2015,10,07,10,0.041
2015,10,08,9,0.044
2015,10,08,9,0.044
2015,10,08,9,0.044
2015,10,08,9,0.044
2015,10,09,9,0.042
2015,10,09,9,0.042
2015,10,09,9,0.042
2015,10,09,9,0.042
2015,10,10,3,0.024
2015,10,10,3,0.024
2015,10,10,3,0.024
2015,10,10,3,0.024
2015,10,11,9,0.034
2015,10,11,9,0.034
2015,10,11,9,0.034
2015,10,11,9,0.034
2015,10,12,10,0.041
2015,10,12,10,0.041
2015,10,12,10,0.041
2015,10,12,10,0.041
2015,10,13,10,0.037
2015,10,13,10,0.037
2015,10,13,10,0.037
2015,10,13,10,0.037
2015,10,14,10,0.041
2015,10,14,10,0.041
2015,10,14,10,0.041
2015,10,14,10,0.041
2015,10,15,9,0.041
2015,10,15,9,0.041
2015,10,15,9,0.041
2015,10,15,9,0.041
2015,10,16,9,0.02
2015,10,16,9,0.02
2015,10,16,9,0.02
2015,10,16,9,0.02
2015,10,17,10,0.043
2015,10,17,10,0.043
2015,10,17,10,0.043
2015,10,17,10,0.043
2015,10,18,9,0.037
2015,10,18,9,0.037
2015,10,18,9,0.037
2015,10,18,9,0.037
2015,10,19,9,0.037
2015,10,19,9,0.037
2015,10,19,9,0.037
2015,10,19,9,0.037
2015,10,20,9,0.042
2015,10,20,9,0.042
2015,10,20,9,0.042
2015,10,20,9,0.042
2015,10,21,9,0.04
2015,10,21,9,0.04
2015,10,21,9,0.04
2015,10,21,9,0.04
2015,10,22,9,0.046
2015,10,22,9,0.046
2015,10,22,9,0.046
2015,10,22,9,0.046
2015,10,23,10,0.051
2015,10,23,10,0.051
2015,10,23,10,0.051
2015,10,23,10,0.051
2015,10,24,9,0.042
2015,10,24,9,0.042
2015,10,24,9,0.042
2015,10,24,9,0.042
2015,10,25,10,0.038
2015,10,25,10,0.038
2015,10,25,10,0.038
2015,10,25,10,0.038
2015,10,26,9,0.025
2015,10,26,9,0.025
2015,10,26,9,0.025
2015,10,26,9,0.025
2015,10,27,20,0.026
2015,10,27,20,0.026
2015,10,27,20,0.026
2015,10,27,20,0.026
2015,10,28,0,0.024
2015,10,28,0,0.024
2015,10,28,0,0.024
2015,10,28,0,0.024
2015,10,29,11,0.029
2015,10,29,11,0.029
2015,10,29,11,0.029
2015,10,29,11,0.029
2015,10,30,9,0.038
2015,10,30,9,0.038
2015,10,30,9,0.038
2015,10,30,9,0.038
2015,10,31,9,0.029
2015,10,31,9,0.029
2015,10,31,9,0.029
2015,10,31,9,0.029
2015,11,01,0,0.016
2015,11,01,0,0.016
2015,11,01,0,0.016
2015,11,01,0,0.016
2015,11,02,9,0.02
2015,11,02,9,0.02
2015,11,02,9,0.02
2015,11,02,9,0.02
2015,11,03,12,0.023
2015,11,03,12,0.023
2015,11,03,12,0.023
2015,11,03,12,0.023
2015,11,04,5,0.03
2015,11,04,5,0.03
2015,11,04,5,0.03
2015,11,04,5,0.03
2015,11,05,9,0.017
2015,11,05,9,0.017
2015,11,05,9,0.017
2015,11,05,9,0.017
2015,11,06,9,0.015
2015,11,06,9,0.015
2015,11,06,9,0.015
2015,11,06,9,0.015
2015,11,07,18,0.025
2015,11,07,18,0.025
2015,11,07,18,0.025
2015,11,07,18,0.025
2015,11,08,8,0.032
2015,11,08,8,0.032
2015,11,08,8,0.032
2015,11,08,8,0.032
2015,11,09,0,0.027
2015,11,09,0,0.027
2015,11,09,0,0.027
2015,11,09,0,0.027
2015,11,10,21,0.029
2015,11,10,21,0.029
2015,11,10,21,0.029
2015,11,10,21,0.029
2015,11,11,9,0.037
2015,11,11,9,0.037
2015,11,11,9,0.037
2015,11,11,9,0.037
2015,11,12,22,0.034
2015,11,12,22,0.034
2015,11,12,22,0.034
2015,11,12,22,0.034
2015,11,13,9,0.038
2015,11,13,9,0.038
2015,11,13,9,0.038
2015,11,13,9,0.038
2015,11,14,9,0.037
2015,11,14,9,0.037
2015,11,14,9,0.037
2015,11,14,9,0.037
2015,11,15,9,0.031
2015,11,15,9,0.031
2015,11,15,9,0.031
2015,11,15,9,0.031
2015,11,16,9,0.026
2015,11,16,9,0.026
2015,11,16,9,0.026
2015,11,16,9,0.026
2015,11,17,10,0.041
2015,11,17,10,0.041
2015,11,17,10,0.041
2015,11,17,10,0.041
2015,11,18,10,0.036
2015,11,18,10,0.036
2015,11,18,10,0.036
2015,11,18,10,0.036
2015,11,19,7,0.027
2015,11,19,7,0.027
2015,11,19,7,0.027
2015,11,19,7,0.027
2015,11,20,9,0.036
2015,11,20,9,0.036
2015,11,20,9,0.036
2015,11,20,9,0.036
2015,11,21,9,0.034
2015,11,21,9,0.034
2015,11,21,9,0.034
2015,11,21,9,0.034
2015,11,22,21,0.028
2015,11,22,21,0.028
2015,11,22,21,0.028
2015,11,22,21,0.028
2015,11,23,9,0.036
2015,11,23,9,0.036
2015,11,23,9,0.036
2015,11,23,9,0.036
2015,11,24,9,0.035
2015,11,24,9,0.035
2015,11,24,9,0.035
2015,11,24,9,0.035
2015,11,25,10,0.039
2015,11,25,10,0.039
2015,11,25,10,0.039
2015,11,25,10,0.039
2015,11,26,10,0.038
2015,11,26,10,0.038
2015,11,26,10,0.038
2015,11,26,10,0.038
2015,11,27,9,0.034
2015,11,27,9,0.034
2015,11,27,9,0.034
2015,11,27,9,0.034
2015,11,28,9,0.031
2015,11,28,9,0.031
2015,11,28,9,0.031
2015,11,28,9,0.031
2015,11,29,10,0.035
2015,11,29,10,0.035
2015,11,29,10,0.035
2015,11,29,10,0.035
2015,11,30,7,0.011
2015,11,30,7,0.011
2015,11,30,7,0.011
2015,11,30,7,0.011
2015,12,01,0,0.006
2015,12,01,0,0.006
2015,12,01,0,0.006
2015,12,01,0,0.006
2015,12,02,18,0.024
2015,12,02,18,0.024
2015,12,02,18,0.024
2015,12,02,18,0.024
2015,12,03,5,0.026
2015,12,03,5,0.026
2015,12,03,5,0.026
2015,12,03,5,0.026
2015,12,04,9,0.03
2015,12,04,9,0.03
2015,12,04,9,0.03
2015,12,04,9,0.03
2015,12,05,10,0.028
2015,12,05,10,0.028
2015,12,05,10,0.028
2015,12,05,10,0.028
2015,12,06,9,0.031
2015,12,06,9,0.031
2015,12,06,9,0.031
2015,12,06,9,0.031
2015,12,07,9,0.008
2015,12,07,9,0.008
2015,12,07,9,0.008
2015,12,07,9,0.008
2015,12,08,9,0.016
2015,12,08,9,0.016
2015,12,08,9,0.016
2015,12,08,9,0.016
2015,12,09,10,0.03
2015,12,09,10,0.03
2015,12,09,10,0.03
2015,12,09,10,0.03
2015,12,10,10,0.034
2015,12,10,10,0.034
2015,12,10,10,0.034
2015,12,10,10,0.034
2015,12,11,9,0.034
2015,12,11,9,0.034
2015,12,11,9,0.034
2015,12,11,9,0.034
2015,12,12,9,0.026
2015,12,12,9,0.026
2015,12,12,9,0.026
2015,12,12,9,0.026
2015,12,13,10,0.027
2015,12,13,10,0.027
2015,12,13,10,0.027
2015,12,13,10,0.027
2015,12,14,21,0.027
2015,12,14,21,0.027
2015,12,14,21,0.027
2015,12,14,21,0.027
2015,12,15,9,0.031
2015,12,15,9,0.031
2015,12,15,9,0.031
2015,12,15,9,0.031
2015,12,16,9,0.017
2015,12,16,9,0.017
2015,12,16,9,0.017
2015,12,16,9,0.017
2015,12,17,0,0.007
2015,12,17,0,0.007
2015,12,17,0,0.007
2015,12,17,0,0.007
2015,12,18,20,0.029
2015,12,18,20,0.029
2015,12,18,20,0.029
2015,12,18,20,0.029
2015,12,19,9,0.033
2015,12,19,9,0.033
2015,12,19,9,0.033
2015,12,19,9,0.033
2015,12,20,9,0.032
2015,12,20,9,0.032
2015,12,20,9,0.032
2015,12,20,9,0.032
2015,12,21,8,0.006
2015,12,21,8,0.006
2015,12,21,8,0.006
2015,12,21,8,0.006
2015,12,22,10,0.019
2015,12,22,10,0.019
2015,12,22,10,0.019
2015,12,22,10,0.019
2015,12,23,21,0.024
2015,12,23,21,0.024
2015,12,23,21,0.024
2015,12,23,21,0.024
2015,12,24,0,0.022
2015,12,24,0,0.022
2015,12,24,0,0.022
2015,12,24,0,0.022
2015,12,25,9,0.018
2015,12,25,9,0.018
2015,12,25,9,0.018
2015,12,25,9,0.018
2015,12,26,10,0.013
2015,12,26,10,0.013
2015,12,26,10,0.013
2015,12,26,10,0.013
2015,12,27,9,0.026
2015,12,27,9,0.026
2015,12,27,9,0.026
2015,12,27,9,0.026
2015,12,28,18,0.021
2015,12,28,18,0.021
2015,12,28,18,0.021
2015,12,28,18,0.021
2015,12,29,10,0.022
2015,12,29,10,0.022
2015,12,29,10,0.022
2015,12,29,10,0.022
2015,12,30,20,0.024
2015,12,30,20,0.024
2015,12,30,20,0.024
2015,12,30,20,0.024
2015,12,31,0,0.02
2015,12,31,0,0.02
2015,12,31,0,0.02
2015,12,31,0,0.02
2016,01,01,9,0.027
2016,01,01,9,0.027
2016,01,01,9,0.027
2016,01,01,9,0.027
2016,01,02,8,0.033
2016,01,02,8,0.033
2016,01,02,8,0.033
2016,01,02,8,0.033
2016,01,03,9,0.028
2016,01,03,9,0.028
2016,01,03,9,0.028
2016,01,03,9,0.028
2016,01,04,19,0.03
2016,01,04,19,0.03
2016,01,04,19,0.03
2016,01,04,19,0.03
2016,01,05,9,0.033
2016,01,05,9,0.033
2016,01,05,9,0.033
2016,01,05,9,0.033
2016,01,06,10,0.031
2016,01,06,10,0.031
2016,01,06,10,0.031
2016,01,06,10,0.031
2016,01,07,0,0.023
2016,01,07,0,0.023
2016,01,07,0,0.023
2016,01,07,0,0.023
2016,01,08,12,0.013
2016,01,08,12,0.013
2016,01,08,12,0.013
2016,01,08,12,0.013
2016,01,09,21,0.03
2016,01,09,21,0.03
2016,01,09,21,0.03
2016,01,09,21,0.03
2016,01,10,8,0.032
2016,01,10,8,0.032
2016,01,10,8,0.032
2016,01,10,8,0.032
2016,01,11,9,0.032
2016,01,11,9,0.032
2016,01,11,9,0.032
2016,01,11,9,0.032
2016,01,12,12,0.035
2016,01,12,12,0.035
2016,01,12,12,0.035
2016,01,12,12,0.035
2016,01,13,8,0.037
2016,01,13,8,0.037
2016,01,13,8,0.037
2016,01,13,8,0.037
2016,01,14,9,0.034
2016,01,14,9,0.034
2016,01,14,9,0.034
2016,01,14,9,0.034
2016,01,15,19,0.031
2016,01,15,19,0.031
2016,01,15,19,0.031
2016,01,15,19,0.031
2016,01,16,9,0.031
2016,01,16,9,0.031
2016,01,16,9,0.031
2016,01,16,9,0.031
2016,01,17,0,0.024
2016,01,17,0,0.024
2016,01,17,0,0.024
2016,01,17,0,0.024
2016,01,18,9,0.034
2016,01,18,9,0.034
2016,01,18,9,0.034
2016,01,18,9,0.034
2016,01,19,9,0.033
2016,01,19,9,0.033
2016,01,19,9,0.033
2016,01,19,9,0.033
2016,01,20,19,0.026
2016,01,20,19,0.026
2016,01,20,19,0.026
2016,01,20,19,0.026
2016,01,21,9,0.034
2016,01,21,9,0.034
2016,01,21,9,0.034
2016,01,21,9,0.034
2016,01,22,16,0.031
2016,01,22,16,0.031
2016,01,22,16,0.031
2016,01,22,16,0.031
2016,01,23,10,0.038
2016,01,23,10,0.038
2016,01,23,10,0.038
2016,01,23,10,0.038
2016,01,24,9,0.038
2016,01,24,9,0.038
2016,01,24,9,0.038
2016,01,24,9,0.038
2016,01,25,10,0.027
2016,01,25,10,0.027
2016,01,25,10,0.027
2016,01,25,10,0.027
2016,01,26,10,0.033
2016,01,26,10,0.033
2016,01,26,10,0.033
2016,01,26,10,0.033
2016,01,27,9,0.027
2016,01,27,9,0.027
2016,01,27,9,0.027
2016,01,27,9,0.027
2016,01,28,9,0.023
2016,01,28,9,0.023
2016,01,28,9,0.023
2016,01,28,9,0.023
2016,01,29,11,0.037
2016,01,29,11,0.037
2016,01,29,11,0.037
2016,01,29,11,0.037
2016,01,30,10,0.037
2016,01,30,10,0.037
2016,01,30,10,0.037
2016,01,30,10,0.037
2016,01,31,10,0.047
2016,01,31,10,0.047
2016,01,31,10,0.047
2016,01,31,10,0.047
2016,02,01,9,0.04
2016,02,01,9,0.04
2016,02,01,9,0.04
2016,02,01,9,0.04
2016,02,02,14,0.036
2016,02,02,14,0.036
2016,02,02,14,0.036
2016,02,02,14,0.036
2016,02,03,10,0.033
2016,02,03,10,0.033
2016,02,03,10,0.033
2016,02,03,10,0.033
2016,02,04,21,0.026
2016,02,04,21,0.026
2016,02,04,21,0.026
2016,02,04,21,0.026
2016,02,05,10,0.035
2016,02,05,10,0.035
2016,02,05,10,0.035
2016,02,05,10,0.035
2016,02,06,10,0.037
2016,02,06,10,0.037
2016,02,06,10,0.037
2016,02,06,10,0.037
2016,02,07,13,0.038
2016,02,07,13,0.038
2016,02,07,13,0.038
2016,02,07,13,0.038
2016,02,08,11,0.041
2016,02,08,11,0.041
2016,02,08,11,0.041
2016,02,08,11,0.041
2016,02,09,20,0.026
2016,02,09,20,0.026
2016,02,09,20,0.026
2016,02,09,20,0.026
2016,02,10,20,0.034
2016,02,10,20,0.034
2016,02,10,20,0.034
2016,02,10,20,0.034
2016,02,11,10,0.04
2016,02,11,10,0.04
2016,02,11,10,0.04
2016,02,11,10,0.04
2016,02,12,8,0.031
2016,02,12,8,0.031
2016,02,12,8,0.031
2016,02,12,8,0.031
2016,02,13,11,0.042
2016,02,13,11,0.042
2016,02,13,11,0.042
2016,02,13,11,0.042
2016,02,14,9,0.04
2016,02,14,9,0.04
2016,02,14,9,0.04
2016,02,14,9,0.04
2016,02,15,0,0.035
2016,02,15,0,0.035
2016,02,15,0,0.035
2016,02,15,0,0.035
2016,02,16,10,0.037
2016,02,16,10,0.037
2016,02,16,10,0.037
2016,02,16,10,0.037
2016,02,17,10,0.039
2016,02,17,10,0.039
2016,02,17,10,0.039
2016,02,17,10,0.039
2016,02,18,10,0.038
2016,02,18,10,0.038
2016,02,18,10,0.038
2016,02,18,10,0.038
2016,02,19,10,0.04
2016,02,19,10,0.04
2016,02,19,10,0.04
2016,02,19,10,0.04
2016,02,20,10,0.042
2016,02,20,10,0.042
2016,02,20,10,0.042
2016,02,20,10,0.042
2016,02,21,10,0.033
2016,02,21,10,0.033
2016,02,21,10,0.033
2016,02,21,10,0.033
2016,02,22,17,0.032
2016,02,22,17,0.032
2016,02,22,17,0.032
2016,02,22,17,0.032
2016,02,23,0,0.028
2016,02,23,0,0.028
2016,02,23,0,0.028
2016,02,23,0,0.028
2016,02,24,15,0.036
2016,02,24,15,0.036
2016,02,24,15,0.036
2016,02,24,15,0.036
2016,02,25,12,0.04
2016,02,25,12,0.04
2016,02,25,12,0.04
2016,02,25,12,0.04
2016,02,26,9,0.038
2016,02,26,9,0.038
2016,02,26,9,0.038
2016,02,26,9,0.038
2016,02,27,10,0.04
2016,02,27,10,0.04
2016,02,27,10,0.04
2016,02,27,10,0.04
2016,02,28,11,0.048
2016,02,28,11,0.048
2016,02,28,11,0.048
2016,02,28,11,0.048
2016,02,29,10,0.053
2016,02,29,10,0.053
2016,02,29,10,0.053
2016,02,29,10,0.053
2016,03,01,11,0.053
2016,03,01,11,0.053
2016,03,01,11,0.053
2016,03,01,11,0.053
2016,03,02,0,0.042
2016,03,02,0,0.042
2016,03,02,0,0.042
2016,03,02,0,0.042
2016,03,03,11,0.038
2016,03,03,11,0.038
2016,03,03,11,0.038
2016,03,03,11,0.038
2016,03,04,10,0.034
2016,03,04,10,0.034
2016,03,04,10,0.034
2016,03,04,10,0.034
2016,03,05,11,0.038
2016,03,05,11,0.038
2016,03,05,11,0.038
2016,03,05,11,0.038
2016,03,06,10,0.037
2016,03,06,10,0.037
2016,03,06,10,0.037
2016,03,06,10,0.037
2016,03,07,10,0.042
2016,03,07,10,0.042
2016,03,07,10,0.042
2016,03,07,10,0.042
2016,03,08,10,0.052
2016,03,08,10,0.052
2016,03,08,10,0.052
2016,03,08,10,0.052
2016,03,09,9,0.043
2016,03,09,9,0.043
2016,03,09,9,0.043
2016,03,09,9,0.043
2016,03,10,10,0.045
2016,03,10,10,0.045
2016,03,10,10,0.045
2016,03,10,10,0.045
2016,03,11,11,0.044
2016,03,11,11,0.044
2016,03,11,11,0.044
2016,03,11,11,0.044
2016,03,12,9,0.046
2016,03,12,9,0.046
2016,03,12,9,0.046
2016,03,12,9,0.046
2016,03,13,9,0.037
2016,03,13,9,0.037
2016,03,13,9,0.037
2016,03,13,9,0.037
2016,03,14,10,0.035
2016,03,14,10,0.035
2016,03,14,10,0.035
2016,03,14,10,0.035
2016,03,15,10,0.045
2016,03,15,10,0.045
2016,03,15,10,0.045
2016,03,15,10,0.045
2016,03,16,10,0.056
2016,03,16,10,0.056
2016,03,16,10,0.056
2016,03,16,10,0.056
2016,03,17,10,0.053
2016,03,17,10,0.053
2016,03,17,10,0.053
2016,03,17,10,0.053
2016,03,18,10,0.055
2016,03,18,10,0.055
2016,03,18,10,0.055
2016,03,18,10,0.055
2016,03,19,13,0.035
2016,03,19,13,0.035
2016,03,19,13,0.035
2016,03,19,13,0.035
2016,03,20,0,0.027
2016,03,20,0,0.027
2016,03,20,0,0.027
2016,03,20,0,0.027
2016,03,21,10,0.048
2016,03,21,10,0.048
2016,03,21,10,0.048
2016,03,21,10,0.048
2016,03,22,10,0.049
2016,03,22,10,0.049
2016,03,22,10,0.049
2016,03,22,10,0.049
2016,03,23,11,0.053
2016,03,23,11,0.053
2016,03,23,11,0.053
2016,03,23,11,0.053
2016,03,24,10,0.053
2016,03,24,10,0.053
2016,03,24,10,0.053
2016,03,24,10,0.053
2016,03,25,10,0.043
2016,03,25,10,0.043
2016,03,25,10,0.043
2016,03,25,10,0.043
2016,03,26,10,0.036
2016,03,26,10,0.036
2016,03,26,10,0.036
2016,03,26,10,0.036
2016,03,27,0,0.025
2016,03,27,0,0.025
2016,03,27,0,0.025
2016,03,27,0,0.025
2016,03,28,12,0.049
2016,03,28,12,0.049
2016,03,28,12,0.049
2016,03,28,12,0.049
2016,03,29,10,0.047
2016,03,29,10,0.047
2016,03,29,10,0.047
2016,03,29,10,0.047
2016,03,30,10,0.053
2016,03,30,10,0.053
2016,03,30,10,0.053
2016,03,30,10,0.053
2016,03,31,9,0.047
2016,03,31,9,0.047
2016,03,31,9,0.047
2016,03,31,9,0.047
