,Site Name,Date,DMean PM10,PM10 Units,PM10 AQI,Lat,Lng,DMax NO2,NO2 Units,NO2 AQI,DMax Ozone,Ozone Units,Ozone AQI,DMax SO2,SO2 Units,SO2 AQI,DMax CO,CO Units,CO AQI
0,Cheyenne SLAMS site,1/4/2020,3.0,ug/m3 SC,3.0,41.13684585,-104.8182395,,,,,,,,,,,,
1,Cheyenne SLAMS site,1/4/2020,3.0,ug/m3 SC,3.0,41.13684585,-104.8182395,,,,,,,,,,,,
2,Cheyenne SLAMS site,1/10/2020,6.0,ug/m3 SC,6.0,41.13684585,-104.8182395,,,,,,,,,,,,
3,Cheyenne SLAMS site,1/16/2020,27.0,ug/m3 SC,25.0,41.13684585,-104.8182395,,,,,,,,,,,,
4,Cheyenne SLAMS site,1/16/2020,22.0,ug/m3 SC,20.0,41.13684585,-104.8182395,,,,,,,,,,,,
5,Cheyenne SLAMS site,1/22/2020,6.0,ug/m3 SC,6.0,41.13684585,-104.8182395,,,,,,,,,,,,
6,Cheyenne SLAMS site,1/28/2020,3.0,ug/m3 SC,3.0,41.13684585,-104.8182395,,,,,,,,,,,,
7,Cheyenne SLAMS site,1/28/2020,3.0,ug/m3 SC,3.0,41.13684585,-104.8182395,,,,,,,,,,,,
8,Cheyenne SLAMS site,2/3/2020,7.0,ug/m3 SC,6.0,41.13684585,-104.8182395,,,,,,,,,,,,
9,Cheyenne SLAMS site,2/9/2020,2.0,ug/m3 SC,2.0,41.13684585,-104.8182395,,,,,,,,,,,,
10,Cheyenne SLAMS site,2/9/2020,3.0,ug/m3 SC,3.0,41.13684585,-104.8182395,,,,,,,,,,,,
11,Cheyenne SLAMS site,2/15/2020,5.0,ug/m3 SC,5.0,41.13684585,-104.8182395,,,,,,,,,,,,
12,Cheyenne SLAMS site,2/21/2020,10.0,ug/m3 SC,9.0,41.13684585,-104.8182395,,,,,,,,,,,,
13,Cheyenne SLAMS site,2/21/2020,10.0,ug/m3 SC,9.0,41.13684585,-104.8182395,,,,,,,,,,,,
14,Cheyenne SLAMS site,2/27/2020,4.0,ug/m3 SC,4.0,41.13684585,-104.8182395,,,,,,,,,,,,
15,Cheyenne SLAMS site,3/4/2020,4.0,ug/m3 SC,4.0,41.13684585,-104.8182395,,,,,,,,,,,,
16,Cheyenne SLAMS site,3/4/2020,6.0,ug/m3 SC,6.0,41.13684585,-104.8182395,,,,,,,,,,,,
17,Cheyenne SLAMS site,3/10/2020,5.0,ug/m3 SC,5.0,41.13684585,-104.8182395,,,,,,,,,,,,
18,Cheyenne SLAMS site,3/16/2020,6.0,ug/m3 SC,6.0,41.13684585,-104.8182395,,,,,,,,,,,,
19,Cheyenne SLAMS site,3/16/2020,6.0,ug/m3 SC,6.0,41.13684585,-104.8182395,,,,,,,,,,,,
20,Cheyenne SLAMS site,3/22/2020,4.0,ug/m3 SC,4.0,41.13684585,-104.8182395,,,,,,,,,,,,
21,Cheyenne SLAMS site,3/28/2020,8.0,ug/m3 SC,7.0,41.13684585,-104.8182395,,,,,,,,,,,,
22,Cheyenne SLAMS site,3/28/2020,5.0,ug/m3 SC,5.0,41.13684585,-104.8182395,,,,,,,,,,,,
23,Cheyenne SLAMS site,4/3/2020,10.0,ug/m3 SC,9.0,41.13684585,-104.8182395,,,,,,,,,,,,
24,Cheyenne SLAMS site,4/9/2020,14.0,ug/m3 SC,13.0,41.13684585,-104.8182395,,,,,,,,,,,,
25,Cheyenne SLAMS site,4/9/2020,15.0,ug/m3 SC,14.0,41.13684585,-104.8182395,,,,,,,,,,,,
26,Cheyenne SLAMS site,4/15/2020,8.0,ug/m3 SC,7.0,41.13684585,-104.8182395,,,,,,,,,,,,
27,Cheyenne SLAMS site,4/21/2020,11.0,ug/m3 SC,10.0,41.13684585,-104.8182395,,,,,,,,,,,,
28,Cheyenne SLAMS site,4/21/2020,11.0,ug/m3 SC,10.0,41.13684585,-104.8182395,,,,,,,,,,,,
29,Cheyenne SLAMS site,4/27/2020,9.0,ug/m3 SC,8.0,41.13684585,-104.8182395,,,,,,,,,,,,
30,Cheyenne SLAMS site,5/3/2020,6.0,ug/m3 SC,6.0,41.13684585,-104.8182395,,,,,,,,,,,,
31,Cheyenne SLAMS site,5/3/2020,6.0,ug/m3 SC,6.0,41.13684585,-104.8182395,,,,,,,,,,,,
32,Cheyenne SLAMS site,5/9/2020,4.0,ug/m3 SC,4.0,41.13684585,-104.8182395,,,,,,,,,,,,
33,Cheyenne SLAMS site,5/15/2020,5.0,ug/m3 SC,5.0,41.13684585,-104.8182395,,,,,,,,,,,,
34,Cheyenne SLAMS site,5/15/2020,5.0,ug/m3 SC,5.0,41.13684585,-104.8182395,,,,,,,,,,,,
35,Cheyenne SLAMS site,5/21/2020,8.0,ug/m3 SC,7.0,41.13684585,-104.8182395,,,,,,,,,,,,
36,Cheyenne SLAMS site,5/27/2020,7.0,ug/m3 SC,6.0,41.13684585,-104.8182395,,,,,,,,,,,,
37,Cheyenne SLAMS site,5/27/2020,6.0,ug/m3 SC,6.0,41.13684585,-104.8182395,,,,,,,,,,,,
38,Cheyenne SLAMS site,6/2/2020,14.0,ug/m3 SC,13.0,41.13684585,-104.8182395,,,,,,,,,,,,
39,Cheyenne SLAMS site,6/8/2020,10.0,ug/m3 SC,9.0,41.13684585,-104.8182395,,,,,,,,,,,,
40,Cheyenne SLAMS site,6/8/2020,10.0,ug/m3 SC,9.0,41.13684585,-104.8182395,,,,,,,,,,,,
41,Cheyenne SLAMS site,6/14/2020,11.0,ug/m3 SC,10.0,41.13684585,-104.8182395,,,,,,,,,,,,
42,Cheyenne SLAMS site,6/26/2020,8.0,ug/m3 SC,7.0,41.13684585,-104.8182395,,,,,,,,,,,,
43,Cheyenne SLAMS site,6/20/2020,7.0,ug/m3 SC,6.0,41.13684585,-104.8182395,,,,,,,,,,,,
44,Cheyenne SLAMS site,1/1/2020,5.0,ug/m3 SC,5.0,41.13684585,-104.8182395,,,,,,,,,,,,
45,Cheyenne SLAMS site,1/7/2020,9.0,ug/m3 SC,8.0,41.13684585,-104.8182395,,,,,,,,,,,,
46,Cheyenne SLAMS site,1/13/2020,8.0,ug/m3 SC,7.0,41.13684585,-104.8182395,,,,,,,,,,,,
47,Cheyenne SLAMS site,1/19/2020,5.0,ug/m3 SC,5.0,41.13684585,-104.8182395,,,,,,,,,,,,
48,Cheyenne SLAMS site,1/25/2020,3.0,ug/m3 SC,3.0,41.13684585,-104.8182395,,,,,,,,,,,,
49,Cheyenne SLAMS site,1/31/2020,4.0,ug/m3 SC,4.0,41.13684585,-104.8182395,,,,,,,,,,,,
50,Cheyenne SLAMS site,2/6/2020,4.0,ug/m3 SC,4.0,41.13684585,-104.8182395,,,,,,,,,,,,
51,Cheyenne SLAMS site,2/12/2020,4.0,ug/m3 SC,4.0,41.13684585,-104.8182395,,,,,,,,,,,,
52,Cheyenne SLAMS site,2/18/2020,6.0,ug/m3 SC,6.0,41.13684585,-104.8182395,,,,,,,,,,,,
53,Cheyenne SLAMS site,2/24/2020,6.0,ug/m3 SC,6.0,41.13684585,-104.8182395,,,,,,,,,,,,
54,Cheyenne SLAMS site,3/1/2020,4.0,ug/m3 SC,4.0,41.13684585,-104.8182395,,,,,,,,,,,,
55,Cheyenne SLAMS site,3/7/2020,12.0,ug/m3 SC,11.0,41.13684585,-104.8182395,,,,,,,,,,,,
56,Cheyenne SLAMS site,3/13/2020,6.0,ug/m3 SC,6.0,41.13684585,-104.8182395,,,,,,,,,,,,
57,Cheyenne SLAMS site,3/19/2020,3.0,ug/m3 SC,3.0,41.13684585,-104.8182395,,,,,,,,,,,,
58,Cheyenne SLAMS site,3/25/2020,7.0,ug/m3 SC,6.0,41.13684585,-104.8182395,,,,,,,,,,,,
59,Cheyenne SLAMS site,3/31/2020,11.0,ug/m3 SC,10.0,41.13684585,-104.8182395,,,,,,,,,,,,
60,Cheyenne SLAMS site,4/6/2020,10.0,ug/m3 SC,9.0,41.13684585,-104.8182395,,,,,,,,,,,,
61,Cheyenne SLAMS site,4/12/2020,4.0,ug/m3 SC,4.0,41.13684585,-104.8182395,,,,,,,,,,,,
62,Cheyenne SLAMS site,4/18/2020,5.0,ug/m3 SC,5.0,41.13684585,-104.8182395,,,,,,,,,,,,
63,Cheyenne SLAMS site,4/24/2020,2.0,ug/m3 SC,2.0,41.13684585,-104.8182395,,,,,,,,,,,,
64,Cheyenne SLAMS site,4/30/2020,15.0,ug/m3 SC,14.0,41.13684585,-104.8182395,,,,,,,,,,,,
65,Cheyenne SLAMS site,5/6/2020,6.0,ug/m3 SC,6.0,41.13684585,-104.8182395,,,,,,,,,,,,
66,Cheyenne SLAMS site,5/18/2020,25.0,ug/m3 SC,23.0,41.13684585,-104.8182395,,,,,,,,,,,,
67,Cheyenne SLAMS site,5/24/2020,4.0,ug/m3 SC,4.0,41.13684585,-104.8182395,,,,,,,,,,,,
68,Cheyenne SLAMS site,5/30/2020,18.0,ug/m3 SC,17.0,41.13684585,-104.8182395,,,,,,,,,,,,
69,Cheyenne SLAMS site,6/5/2020,18.0,ug/m3 SC,17.0,41.13684585,-104.8182395,,,,,,,,,,,,
70,Cheyenne SLAMS site,6/13/2020,24.0,ug/m3 SC,22.0,41.13684585,-104.8182395,,,,,,,,,,,,
71,Cheyenne SLAMS site,6/17/2020,18.0,ug/m3 SC,17.0,41.13684585,-104.8182395,,,,,,,,,,,,
72,Cheyenne SLAMS site,6/23/2020,12.0,ug/m3 SC,11.0,41.13684585,-104.8182395,,,,,,,,,,,,
73,Cheyenne SLAMS site,6/29/2020,23.0,ug/m3 SC,21.0,41.13684585,-104.8182395,,,,,,,,,,,,
74,Laramie County Mobile,1/2/2020,4.0,ug/m3 SC,4.0,41.085359999999994,-104.52277,3.7,ppb,3.0,0.039,ppm,36.0,0.2,ppb,0.0,,,
75,Laramie County Mobile,1/3/2020,7.0,ug/m3 SC,6.0,41.085359999999994,-104.52277,4.7,ppb,4.0,0.039,ppm,36.0,2.4,ppb,3.0,,,
76,Laramie County Mobile,1/4/2020,11.0,ug/m3 SC,10.0,41.085359999999994,-104.52277,4.2,ppb,4.0,0.04,ppm,37.0,0.5,ppb,0.0,,,
77,Laramie County Mobile,1/5/2020,5.0,ug/m3 SC,5.0,41.085359999999994,-104.52277,2.0,ppb,2.0,0.038,ppm,35.0,0.3,ppb,0.0,,,
78,Laramie County Mobile,1/6/2020,8.0,ug/m3 SC,7.0,41.085359999999994,-104.52277,2.0,ppb,2.0,0.040999999999999995,ppm,38.0,0.2,ppb,0.0,,,
79,Laramie County Mobile,1/7/2020,7.0,ug/m3 SC,6.0,41.085359999999994,-104.52277,3.9,ppb,3.0,0.040999999999999995,ppm,38.0,0.3,ppb,0.0,,,
80,Laramie County Mobile,1/8/2020,17.0,ug/m3 SC,16.0,41.085359999999994,-104.52277,10.3,ppb,9.0,0.037000000000000005,ppm,34.0,0.3,ppb,0.0,,,
81,Laramie County Mobile,1/9/2020,16.0,ug/m3 SC,15.0,41.085359999999994,-104.52277,6.8,ppb,6.0,0.039,ppm,36.0,0.3,ppb,0.0,,,
82,Laramie County Mobile,1/10/2020,6.0,ug/m3 SC,6.0,41.085359999999994,-104.52277,26.9,ppb,25.0,0.028999999999999998,ppm,27.0,0.0,ppb,0.0,,,
83,Laramie County Mobile,1/11/2020,7.0,ug/m3 SC,6.0,41.085359999999994,-104.52277,5.9,ppb,5.0,0.04,ppm,37.0,0.2,ppb,0.0,,,
84,Laramie County Mobile,1/12/2020,8.0,ug/m3 SC,7.0,41.085359999999994,-104.52277,5.0,ppb,5.0,0.038,ppm,35.0,0.1,ppb,0.0,,,
85,Laramie County Mobile,1/13/2020,14.0,ug/m3 SC,13.0,41.085359999999994,-104.52277,11.8,ppb,10.0,0.040999999999999995,ppm,38.0,0.1,ppb,0.0,,,
86,Laramie County Mobile,1/14/2020,14.0,ug/m3 SC,13.0,41.085359999999994,-104.52277,6.5,ppb,6.0,0.043,ppm,40.0,0.1,ppb,0.0,,,
87,Laramie County Mobile,1/15/2020,21.0,ug/m3 SC,19.0,41.085359999999994,-104.52277,3.1,ppb,3.0,0.040999999999999995,ppm,38.0,0.1,ppb,0.0,,,
88,Laramie County Mobile,1/16/2020,58.0,ug/m3 SC,52.0,41.085359999999994,-104.52277,6.3,ppb,6.0,0.032,ppm,30.0,0.0,ppb,0.0,,,
89,Laramie County Mobile,1/17/2020,39.0,ug/m3 SC,36.0,41.085359999999994,-104.52277,7.0,ppb,7.0,0.040999999999999995,ppm,38.0,0.0,ppb,0.0,,,
90,Laramie County Mobile,1/18/2020,15.0,ug/m3 SC,14.0,41.085359999999994,-104.52277,5.9,ppb,5.0,0.04,ppm,37.0,0.0,ppb,0.0,,,
91,Laramie County Mobile,1/19/2020,9.0,ug/m3 SC,8.0,41.085359999999994,-104.52277,10.6,ppb,9.0,0.042,ppm,39.0,0.3,ppb,0.0,,,
92,Laramie County Mobile,1/20/2020,27.0,ug/m3 SC,25.0,41.085359999999994,-104.52277,7.1,ppb,7.0,0.044000000000000004,ppm,41.0,0.1,ppb,0.0,,,
93,Laramie County Mobile,1/21/2020,30.0,ug/m3 SC,28.0,41.085359999999994,-104.52277,10.9,ppb,9.0,0.035,ppm,32.0,0.1,ppb,0.0,,,
94,Laramie County Mobile,1/22/2020,20.0,ug/m3 SC,19.0,41.085359999999994,-104.52277,3.1,ppb,3.0,0.046,ppm,43.0,0.0,ppb,0.0,,,
95,Laramie County Mobile,1/23/2020,12.0,ug/m3 SC,11.0,41.085359999999994,-104.52277,3.0,ppb,3.0,0.044000000000000004,ppm,41.0,0.0,ppb,0.0,,,
96,Laramie County Mobile,1/24/2020,36.0,ug/m3 SC,33.0,41.085359999999994,-104.52277,4.9,ppb,4.0,0.038,ppm,35.0,0.1,ppb,0.0,,,
97,Laramie County Mobile,1/25/2020,11.0,ug/m3 SC,10.0,41.085359999999994,-104.52277,5.3,ppb,5.0,0.039,ppm,36.0,0.0,ppb,0.0,,,
98,Laramie County Mobile,1/26/2020,14.0,ug/m3 SC,13.0,41.085359999999994,-104.52277,4.5,ppb,4.0,0.040999999999999995,ppm,38.0,0.0,ppb,0.0,,,
99,Laramie County Mobile,1/27/2020,19.0,ug/m3 SC,18.0,41.085359999999994,-104.52277,3.4,ppb,3.0,0.036000000000000004,ppm,33.0,0.0,ppb,0.0,,,
100,Laramie County Mobile,1/28/2020,20.0,ug/m3 SC,19.0,41.085359999999994,-104.52277,3.4,ppb,3.0,0.044000000000000004,ppm,41.0,0.0,ppb,0.0,,,
101,Laramie County Mobile,1/29/2020,20.0,ug/m3 SC,19.0,41.085359999999994,-104.52277,12.2,ppb,11.0,0.037000000000000005,ppm,34.0,0.0,ppb,0.0,,,
102,Laramie County Mobile,1/30/2020,11.0,ug/m3 SC,10.0,41.085359999999994,-104.52277,7.0,ppb,7.0,0.039,ppm,36.0,0.0,ppb,0.0,,,
103,Laramie County Mobile,1/31/2020,18.0,ug/m3 SC,17.0,41.085359999999994,-104.52277,6.9,ppb,6.0,0.040999999999999995,ppm,38.0,0.0,ppb,0.0,,,
104,Laramie County Mobile,2/1/2020,19.0,ug/m3 SC,18.0,41.085359999999994,-104.52277,3.9,ppb,3.0,0.045,ppm,42.0,0.4,ppb,0.0,,,
105,Laramie County Mobile,2/2/2020,24.0,ug/m3 SC,22.0,41.085359999999994,-104.52277,14.3,ppb,13.0,0.05,ppm,46.0,0.5,ppb,0.0,,,
106,Laramie County Mobile,2/3/2020,10.0,ug/m3 SC,9.0,41.085359999999994,-104.52277,0.7,ppb,0.0,0.036000000000000004,ppm,33.0,-0.2,ppb,0.0,,,
107,Laramie County Mobile,2/4/2020,6.0,ug/m3 SC,6.0,41.085359999999994,-104.52277,5.8,ppb,5.0,0.038,ppm,35.0,-0.1,ppb,0.0,,,
108,Laramie County Mobile,2/5/2020,7.0,ug/m3 SC,6.0,41.085359999999994,-104.52277,7.6,ppb,7.0,0.040999999999999995,ppm,38.0,0.0,ppb,0.0,,,
109,Laramie County Mobile,2/6/2020,5.0,ug/m3 SC,5.0,41.085359999999994,-104.52277,3.1,ppb,3.0,0.039,ppm,36.0,0.0,ppb,0.0,,,
110,Laramie County Mobile,2/7/2020,5.0,ug/m3 SC,5.0,41.085359999999994,-104.52277,4.2,ppb,4.0,0.039,ppm,36.0,-0.1,ppb,0.0,,,
111,Laramie County Mobile,2/8/2020,5.0,ug/m3 SC,5.0,41.085359999999994,-104.52277,2.5,ppb,2.0,0.042,ppm,39.0,-0.1,ppb,0.0,,,
112,Laramie County Mobile,2/9/2020,2.0,ug/m3 SC,2.0,41.085359999999994,-104.52277,4.1,ppb,4.0,0.035,ppm,32.0,-0.2,ppb,0.0,,,
113,Laramie County Mobile,2/10/2020,8.0,ug/m3 SC,7.0,41.085359999999994,-104.52277,5.6,ppb,5.0,0.039,ppm,36.0,-0.2,ppb,0.0,,,
114,Laramie County Mobile,2/11/2020,11.0,ug/m3 SC,10.0,41.085359999999994,-104.52277,8.3,ppb,8.0,0.040999999999999995,ppm,38.0,-0.1,ppb,0.0,,,
115,Laramie County Mobile,2/12/2020,12.0,ug/m3 SC,11.0,41.085359999999994,-104.52277,1.5,ppb,1.0,0.038,ppm,35.0,-0.1,ppb,0.0,,,
116,Laramie County Mobile,2/13/2020,8.0,ug/m3 SC,7.0,41.085359999999994,-104.52277,7.7,ppb,7.0,0.037000000000000005,ppm,34.0,-0.1,ppb,0.0,,,
117,Laramie County Mobile,2/14/2020,6.0,ug/m3 SC,6.0,41.085359999999994,-104.52277,7.4,ppb,7.0,0.04,ppm,37.0,-0.1,ppb,0.0,,,
118,Laramie County Mobile,2/15/2020,7.0,ug/m3 SC,6.0,41.085359999999994,-104.52277,3.0,ppb,3.0,0.039,ppm,36.0,-0.1,ppb,0.0,,,
119,Laramie County Mobile,2/16/2020,6.0,ug/m3 SC,6.0,41.085359999999994,-104.52277,3.8,ppb,3.0,0.039,ppm,36.0,-0.1,ppb,0.0,,,
120,Laramie County Mobile,2/17/2020,15.0,ug/m3 SC,14.0,41.085359999999994,-104.52277,2.8,ppb,2.0,0.045,ppm,42.0,-0.1,ppb,0.0,,,
121,Laramie County Mobile,2/18/2020,18.0,ug/m3 SC,17.0,41.085359999999994,-104.52277,4.3,ppb,4.0,0.044000000000000004,ppm,41.0,0.0,ppb,0.0,,,
122,Laramie County Mobile,2/19/2020,7.0,ug/m3 SC,6.0,41.085359999999994,-104.52277,,,,,,,,,,,,
123,Laramie County Mobile,2/20/2020,21.0,ug/m3 SC,19.0,41.085359999999994,-104.52277,,,,,,,,,,,,
124,Laramie County Mobile,2/21/2020,33.0,ug/m3 SC,31.0,41.085359999999994,-104.52277,11.9,ppb,10.0,0.045,ppm,42.0,0.6,ppb,0.0,,,
125,Laramie County Mobile,2/22/2020,37.0,ug/m3 SC,34.0,41.085359999999994,-104.52277,17.2,ppb,16.0,0.043,ppm,40.0,0.6,ppb,0.0,,,
126,Laramie County Mobile,2/23/2020,12.0,ug/m3 SC,11.0,41.085359999999994,-104.52277,9.5,ppb,8.0,0.042,ppm,39.0,0.7,ppb,0.0,,,
127,Laramie County Mobile,2/24/2020,25.0,ug/m3 SC,23.0,41.085359999999994,-104.52277,2.5,ppb,2.0,0.04,ppm,37.0,0.6,ppb,0.0,,,
128,Laramie County Mobile,2/26/2020,31.0,ug/m3 SC,29.0,41.085359999999994,-104.52277,8.1,ppb,8.0,0.038,ppm,35.0,0.8,ppb,0.0,,,
129,Laramie County Mobile,2/27/2020,43.0,ug/m3 SC,40.0,41.085359999999994,-104.52277,5.3,ppb,5.0,0.042,ppm,39.0,0.6,ppb,0.0,,,
130,Laramie County Mobile,2/28/2020,55.0,ug/m3 SC,51.0,41.085359999999994,-104.52277,4.7,ppb,4.0,0.04,ppm,37.0,0.7,ppb,0.0,,,
131,Laramie County Mobile,2/29/2020,39.0,ug/m3 SC,36.0,41.085359999999994,-104.52277,9.6,ppb,8.0,0.039,ppm,36.0,0.7,ppb,0.0,,,
132,Laramie County Mobile,3/1/2020,11.0,ug/m3 SC,10.0,41.085359999999994,-104.52277,7.7,ppb,7.0,0.036000000000000004,ppm,33.0,0.8,ppb,0.0,,,
133,Laramie County Mobile,3/2/2020,7.0,ug/m3 SC,6.0,41.085359999999994,-104.52277,4.0,ppb,4.0,0.040999999999999995,ppm,38.0,0.7,ppb,0.0,,,
134,Laramie County Mobile,3/3/2020,8.0,ug/m3 SC,7.0,41.085359999999994,-104.52277,9.1,ppb,8.0,0.037000000000000005,ppm,34.0,0.7,ppb,0.0,,,
135,Laramie County Mobile,3/4/2020,16.0,ug/m3 SC,15.0,41.085359999999994,-104.52277,8.1,ppb,8.0,0.043,ppm,40.0,0.8,ppb,0.0,,,
136,Laramie County Mobile,3/5/2020,31.0,ug/m3 SC,29.0,41.085359999999994,-104.52277,5.6,ppb,5.0,0.035,ppm,32.0,0.7,ppb,0.0,,,
137,Laramie County Mobile,3/6/2020,42.0,ug/m3 SC,39.0,41.085359999999994,-104.52277,20.8,ppb,19.0,0.044000000000000004,ppm,41.0,0.8,ppb,0.0,,,
138,Laramie County Mobile,3/7/2020,47.0,ug/m3 SC,44.0,41.085359999999994,-104.52277,22.4,ppb,21.0,0.046,ppm,43.0,0.7,ppb,0.0,,,
139,Laramie County Mobile,3/8/2020,19.0,ug/m3 SC,18.0,41.085359999999994,-104.52277,18.9,ppb,17.0,0.040999999999999995,ppm,38.0,0.8,ppb,0.0,,,
140,Laramie County Mobile,3/9/2020,7.0,ug/m3 SC,6.0,41.085359999999994,-104.52277,5.1,ppb,5.0,0.043,ppm,40.0,0.9,ppb,0.0,,,
141,Laramie County Mobile,3/10/2020,7.0,ug/m3 SC,6.0,41.085359999999994,-104.52277,9.0,ppb,8.0,0.042,ppm,39.0,1.0,ppb,1.0,,,
142,Laramie County Mobile,3/11/2020,12.0,ug/m3 SC,11.0,41.085359999999994,-104.52277,3.9,ppb,3.0,0.040999999999999995,ppm,38.0,0.7,ppb,0.0,,,
143,Laramie County Mobile,3/12/2020,6.0,ug/m3 SC,6.0,41.085359999999994,-104.52277,2.5,ppb,2.0,0.037000000000000005,ppm,34.0,0.7,ppb,0.0,,,
144,Laramie County Mobile,3/13/2020,8.0,ug/m3 SC,7.0,41.085359999999994,-104.52277,1.5,ppb,1.0,0.031,ppm,29.0,0.0,ppb,0.0,,,
145,Laramie County Mobile,3/14/2020,2.0,ug/m3 SC,2.0,41.085359999999994,-104.52277,1.6,ppb,1.0,0.026000000000000002,ppm,24.0,0.0,ppb,0.0,,,
146,Laramie County Mobile,3/15/2020,7.0,ug/m3 SC,6.0,41.085359999999994,-104.52277,4.4,ppb,4.0,0.027000000000000003,ppm,25.0,0.1,ppb,0.0,,,
147,Laramie County Mobile,3/16/2020,4.0,ug/m3 SC,4.0,41.085359999999994,-104.52277,17.5,ppb,16.0,0.023,ppm,21.0,0.0,ppb,0.0,,,
148,Laramie County Mobile,3/17/2020,10.0,ug/m3 SC,9.0,41.085359999999994,-104.52277,4.6,ppb,4.0,0.021,ppm,19.0,0.1,ppb,0.0,,,
149,Laramie County Mobile,3/18/2020,8.0,ug/m3 SC,7.0,41.085359999999994,-104.52277,13.0,ppb,12.0,0.032,ppm,30.0,0.1,ppb,0.0,,,
150,Laramie County Mobile,3/19/2020,3.0,ug/m3 SC,3.0,41.085359999999994,-104.52277,1.6,ppb,1.0,0.033,ppm,31.0,0.0,ppb,0.0,,,
151,Laramie County Mobile,3/20/2020,9.0,ug/m3 SC,8.0,41.085359999999994,-104.52277,3.4,ppb,3.0,0.042,ppm,39.0,0.0,ppb,0.0,,,
152,Laramie County Mobile,3/21/2020,4.0,ug/m3 SC,4.0,41.085359999999994,-104.52277,10.3,ppb,9.0,0.045,ppm,42.0,0.0,ppb,0.0,,,
153,Laramie County Mobile,3/22/2020,4.0,ug/m3 SC,4.0,41.085359999999994,-104.52277,9.1,ppb,8.0,0.044000000000000004,ppm,41.0,0.1,ppb,0.0,,,
154,Laramie County Mobile,3/23/2020,6.0,ug/m3 SC,6.0,41.085359999999994,-104.52277,10.8,ppb,9.0,0.047,ppm,44.0,0.1,ppb,0.0,,,
155,Laramie County Mobile,3/24/2020,7.0,ug/m3 SC,6.0,41.085359999999994,-104.52277,4.3,ppb,4.0,0.045,ppm,42.0,0.0,ppb,0.0,,,
156,Laramie County Mobile,3/25/2020,14.0,ug/m3 SC,13.0,41.085359999999994,-104.52277,6.6,ppb,6.0,0.046,ppm,43.0,0.0,ppb,0.0,,,
157,Laramie County Mobile,3/26/2020,11.0,ug/m3 SC,10.0,41.085359999999994,-104.52277,3.5,ppb,3.0,0.04,ppm,37.0,0.0,ppb,0.0,,,
158,Laramie County Mobile,3/27/2020,7.0,ug/m3 SC,6.0,41.085359999999994,-104.52277,1.9,ppb,1.0,0.042,ppm,39.0,0.0,ppb,0.0,,,
159,Laramie County Mobile,3/28/2020,5.0,ug/m3 SC,5.0,41.085359999999994,-104.52277,5.1,ppb,5.0,0.043,ppm,40.0,0.0,ppb,0.0,,,
160,Laramie County Mobile,3/29/2020,6.0,ug/m3 SC,6.0,41.085359999999994,-104.52277,4.5,ppb,4.0,0.044000000000000004,ppm,41.0,0.0,ppb,0.0,,,
161,Laramie County Mobile,3/30/2020,12.0,ug/m3 SC,11.0,41.085359999999994,-104.52277,12.2,ppb,11.0,0.042,ppm,39.0,0.0,ppb,0.0,,,
162,Laramie County Mobile,3/31/2020,17.0,ug/m3 SC,16.0,41.085359999999994,-104.52277,6.4,ppb,6.0,0.044000000000000004,ppm,41.0,0.0,ppb,0.0,,,
163,Laramie County Mobile,4/1/2020,20.0,ug/m3 SC,19.0,41.085359999999994,-104.52277,2.2,ppb,2.0,0.044000000000000004,ppm,41.0,0.0,ppb,0.0,,,
164,Laramie County Mobile,4/2/2020,8.0,ug/m3 SC,7.0,41.085359999999994,-104.52277,2.9,ppb,2.0,0.034,ppm,31.0,0.0,ppb,0.0,,,
165,Laramie County Mobile,4/3/2020,15.0,ug/m3 SC,14.0,41.085359999999994,-104.52277,5.0,ppb,5.0,0.040999999999999995,ppm,38.0,0.0,ppb,0.0,,,
166,Laramie County Mobile,4/4/2020,21.0,ug/m3 SC,19.0,41.085359999999994,-104.52277,1.9,ppb,1.0,0.043,ppm,40.0,0.0,ppb,0.0,,,
167,Laramie County Mobile,4/5/2020,19.0,ug/m3 SC,18.0,41.085359999999994,-104.52277,7.6,ppb,7.0,0.045,ppm,42.0,0.0,ppb,0.0,,,
168,Laramie County Mobile,4/6/2020,29.0,ug/m3 SC,27.0,41.085359999999994,-104.52277,14.4,ppb,13.0,0.05,ppm,46.0,0.0,ppb,0.0,,,
169,Laramie County Mobile,4/7/2020,32.0,ug/m3 SC,30.0,41.085359999999994,-104.52277,10.5,ppb,9.0,0.047,ppm,44.0,0.1,ppb,0.0,,,
170,Laramie County Mobile,4/8/2020,22.0,ug/m3 SC,20.0,41.085359999999994,-104.52277,13.1,ppb,12.0,0.037000000000000005,ppm,34.0,0.0,ppb,0.0,,,
171,Laramie County Mobile,4/9/2020,24.0,ug/m3 SC,22.0,41.085359999999994,-104.52277,14.9,ppb,13.0,0.045,ppm,42.0,0.0,ppb,0.0,,,
172,Laramie County Mobile,4/10/2020,30.0,ug/m3 SC,28.0,41.085359999999994,-104.52277,3.9,ppb,3.0,0.048,ppm,44.0,0.1,ppb,0.0,,,
173,Laramie County Mobile,4/11/2020,23.0,ug/m3 SC,21.0,41.085359999999994,-104.52277,4.3,ppb,4.0,0.049,ppm,45.0,0.1,ppb,0.0,,,
174,Laramie County Mobile,4/12/2020,13.0,ug/m3 SC,12.0,41.085359999999994,-104.52277,0.9,ppb,0.0,0.038,ppm,35.0,0.0,ppb,0.0,,,
175,Laramie County Mobile,4/13/2020,8.0,ug/m3 SC,7.0,41.085359999999994,-104.52277,3.4,ppb,3.0,0.040999999999999995,ppm,38.0,0.0,ppb,0.0,,,
176,Laramie County Mobile,4/14/2020,19.0,ug/m3 SC,18.0,41.085359999999994,-104.52277,9.9,ppb,8.0,0.046,ppm,43.0,0.0,ppb,0.0,,,
177,Laramie County Mobile,4/15/2020,11.0,ug/m3 SC,10.0,41.085359999999994,-104.52277,4.2,ppb,4.0,0.04,ppm,37.0,0.0,ppb,0.0,,,
178,Laramie County Mobile,4/16/2020,8.0,ug/m3 SC,7.0,41.085359999999994,-104.52277,19.9,ppb,18.0,0.045,ppm,42.0,-0.1,ppb,0.0,,,
179,Laramie County Mobile,4/17/2020,11.0,ug/m3 SC,10.0,41.085359999999994,-104.52277,8.7,ppb,8.0,0.051,ppm,47.0,-0.1,ppb,0.0,,,
180,Laramie County Mobile,4/18/2020,8.0,ug/m3 SC,7.0,41.085359999999994,-104.52277,7.4,ppb,7.0,0.044000000000000004,ppm,41.0,0.0,ppb,0.0,,,
181,Laramie County Mobile,4/19/2020,8.0,ug/m3 SC,7.0,41.085359999999994,-104.52277,4.4,ppb,4.0,0.044000000000000004,ppm,41.0,0.0,ppb,0.0,,,
182,Laramie County Mobile,4/20/2020,9.0,ug/m3 SC,8.0,41.085359999999994,-104.52277,10.6,ppb,9.0,0.047,ppm,44.0,0.0,ppb,0.0,,,
183,Laramie County Mobile,4/21/2020,15.0,ug/m3 SC,14.0,41.085359999999994,-104.52277,2.5,ppb,2.0,0.055,ppm,51.0,0.0,ppb,0.0,,,
184,Laramie County Mobile,4/22/2020,13.0,ug/m3 SC,12.0,41.085359999999994,-104.52277,4.9,ppb,4.0,0.047,ppm,44.0,0.2,ppb,0.0,,,
185,Laramie County Mobile,4/23/2020,17.0,ug/m3 SC,16.0,41.085359999999994,-104.52277,5.7,ppb,5.0,0.042,ppm,39.0,0.0,ppb,0.0,,,
186,Laramie County Mobile,4/24/2020,6.0,ug/m3 SC,6.0,41.085359999999994,-104.52277,2.4,ppb,2.0,0.039,ppm,36.0,0.0,ppb,0.0,,,
187,Laramie County Mobile,4/25/2020,12.0,ug/m3 SC,11.0,41.085359999999994,-104.52277,7.5,ppb,7.0,0.045,ppm,42.0,0.0,ppb,0.0,,,
188,Laramie County Mobile,4/26/2020,7.0,ug/m3 SC,6.0,41.085359999999994,-104.52277,5.6,ppb,5.0,0.039,ppm,36.0,0.0,ppb,0.0,,,
189,Laramie County Mobile,4/27/2020,11.0,ug/m3 SC,10.0,41.085359999999994,-104.52277,6.5,ppb,6.0,0.047,ppm,44.0,0.0,ppb,0.0,,,
190,Laramie County Mobile,4/28/2020,14.0,ug/m3 SC,13.0,41.085359999999994,-104.52277,3.0,ppb,3.0,0.046,ppm,43.0,-0.1,ppb,0.0,,,
191,Laramie County Mobile,4/29/2020,26.0,ug/m3 SC,24.0,41.085359999999994,-104.52277,3.9,ppb,3.0,0.055,ppm,51.0,0.1,ppb,0.0,,,
192,Laramie County Mobile,4/30/2020,48.0,ug/m3 SC,44.0,41.085359999999994,-104.52277,2.9,ppb,2.0,0.048,ppm,44.0,0.1,ppb,0.0,,,
193,Laramie County Mobile,5/1/2020,16.0,ug/m3 SC,15.0,41.085359999999994,-104.52277,2.4,ppb,2.0,0.046,ppm,43.0,-0.1,ppb,0.0,,,
194,Laramie County Mobile,5/2/2020,9.0,ug/m3 SC,8.0,41.085359999999994,-104.52277,2.0,ppb,2.0,0.036000000000000004,ppm,33.0,-0.1,ppb,0.0,,,
195,Laramie County Mobile,5/7/2020,57.0,ug/m3 SC,52.0,41.085359999999994,-104.52277,1.5,ppb,1.0,0.055999999999999994,ppm,54.0,-0.1,ppb,0.0,,,
196,Laramie County Mobile,5/8/2020,16.0,ug/m3 SC,15.0,41.085359999999994,-104.52277,,,,0.044000000000000004,ppm,41.0,-0.1,ppb,0.0,,,
197,Laramie County Mobile,5/9/2020,18.0,ug/m3 SC,17.0,41.085359999999994,-104.52277,,,,0.039,ppm,36.0,-0.1,ppb,0.0,,,
198,Laramie County Mobile,5/10/2020,12.0,ug/m3 SC,11.0,41.085359999999994,-104.52277,0.8,ppb,0.0,0.042,ppm,39.0,-0.1,ppb,0.0,,,
199,Laramie County Mobile,5/11/2020,13.0,ug/m3 SC,12.0,41.085359999999994,-104.52277,1.9,ppb,1.0,0.031,ppm,29.0,-0.1,ppb,0.0,,,
200,Laramie County Mobile,5/12/2020,7.0,ug/m3 SC,6.0,41.085359999999994,-104.52277,2.4,ppb,2.0,0.036000000000000004,ppm,33.0,0.0,ppb,0.0,,,
201,Laramie County Mobile,5/13/2020,26.0,ug/m3 SC,24.0,41.085359999999994,-104.52277,9.4,ppb,8.0,0.042,ppm,39.0,0.0,ppb,0.0,,,
202,Laramie County Mobile,5/14/2020,25.0,ug/m3 SC,23.0,41.085359999999994,-104.52277,2.5,ppb,2.0,0.047,ppm,44.0,-0.1,ppb,0.0,,,
203,Laramie County Mobile,5/15/2020,5.0,ug/m3 SC,5.0,41.085359999999994,-104.52277,3.5,ppb,3.0,0.044000000000000004,ppm,41.0,-0.1,ppb,0.0,,,
204,Laramie County Mobile,5/16/2020,5.0,ug/m3 SC,5.0,41.085359999999994,-104.52277,2.7,ppb,2.0,0.048,ppm,44.0,-0.2,ppb,0.0,,,
205,Laramie County Mobile,5/17/2020,5.0,ug/m3 SC,5.0,41.085359999999994,-104.52277,2.1,ppb,2.0,0.045,ppm,42.0,0.0,ppb,0.0,,,
206,Laramie County Mobile,5/18/2020,11.0,ug/m3 SC,10.0,41.085359999999994,-104.52277,2.4,ppb,2.0,0.051,ppm,47.0,-0.1,ppb,0.0,,,
207,Laramie County Mobile,5/19/2020,24.0,ug/m3 SC,22.0,41.085359999999994,-104.52277,2.4,ppb,2.0,0.057999999999999996,ppm,61.0,-0.1,ppb,0.0,,,
208,Laramie County Mobile,5/20/2020,21.0,ug/m3 SC,19.0,41.085359999999994,-104.52277,2.0,ppb,2.0,0.05,ppm,46.0,0.0,ppb,0.0,,,
209,Laramie County Mobile,5/21/2020,8.0,ug/m3 SC,7.0,41.085359999999994,-104.52277,3.9,ppb,3.0,0.054000000000000006,ppm,50.0,0.0,ppb,0.0,,,
210,Laramie County Mobile,5/22/2020,17.0,ug/m3 SC,16.0,41.085359999999994,-104.52277,6.0,ppb,6.0,0.062,ppm,74.0,0.1,ppb,0.0,,,
211,Laramie County Mobile,5/23/2020,10.0,ug/m3 SC,9.0,41.085359999999994,-104.52277,2.2,ppb,2.0,0.052000000000000005,ppm,48.0,0.0,ppb,0.0,,,
212,Laramie County Mobile,5/24/2020,6.0,ug/m3 SC,6.0,41.085359999999994,-104.52277,3.2,ppb,3.0,0.036000000000000004,ppm,33.0,0.0,ppb,0.0,,,
213,Laramie County Mobile,5/25/2020,3.0,ug/m3 SC,3.0,41.085359999999994,-104.52277,3.0,ppb,3.0,0.04,ppm,37.0,-0.1,ppb,0.0,,,
214,Laramie County Mobile,5/26/2020,10.0,ug/m3 SC,9.0,41.085359999999994,-104.52277,3.3,ppb,3.0,0.044000000000000004,ppm,41.0,0.0,ppb,0.0,,,
215,Laramie County Mobile,5/27/2020,13.0,ug/m3 SC,12.0,41.085359999999994,-104.52277,2.3,ppb,2.0,0.032,ppm,30.0,0.0,ppb,0.0,,,
216,Laramie County Mobile,5/28/2020,10.0,ug/m3 SC,9.0,41.085359999999994,-104.52277,1.7,ppb,1.0,0.038,ppm,35.0,0.0,ppb,0.0,,,
217,Laramie County Mobile,5/29/2020,15.0,ug/m3 SC,14.0,41.085359999999994,-104.52277,2.1,ppb,2.0,0.052000000000000005,ppm,48.0,0.0,ppb,0.0,,,
218,Laramie County Mobile,5/30/2020,18.0,ug/m3 SC,17.0,41.085359999999994,-104.52277,3.9,ppb,3.0,0.05,ppm,46.0,0.0,ppb,0.0,,,
219,Laramie County Mobile,5/31/2020,18.0,ug/m3 SC,17.0,41.085359999999994,-104.52277,2.9,ppb,2.0,0.046,ppm,43.0,0.0,ppb,0.0,,,
220,Laramie County Mobile,6/1/2020,17.0,ug/m3 SC,16.0,41.085359999999994,-104.52277,4.8,ppb,4.0,0.045,ppm,42.0,0.0,ppb,0.0,,,
221,Laramie County Mobile,6/2/2020,19.0,ug/m3 SC,18.0,41.085359999999994,-104.52277,7.0,ppb,7.0,0.047,ppm,44.0,0.4,ppb,0.0,,,
222,Laramie County Mobile,6/3/2020,19.0,ug/m3 SC,18.0,41.085359999999994,-104.52277,2.9,ppb,2.0,0.042,ppm,39.0,0.0,ppb,0.0,,,
223,Laramie County Mobile,6/4/2020,20.0,ug/m3 SC,19.0,41.085359999999994,-104.52277,11.2,ppb,10.0,0.043,ppm,40.0,-0.1,ppb,0.0,,,
224,Laramie County Mobile,6/5/2020,25.0,ug/m3 SC,23.0,41.085359999999994,-104.52277,8.2,ppb,8.0,0.051,ppm,47.0,0.0,ppb,0.0,,,
225,Laramie County Mobile,6/6/2020,30.0,ug/m3 SC,28.0,41.085359999999994,-104.52277,7.0,ppb,7.0,0.044000000000000004,ppm,41.0,-0.1,ppb,0.0,,,
226,Laramie County Mobile,6/7/2020,14.0,ug/m3 SC,13.0,41.085359999999994,-104.52277,8.2,ppb,8.0,0.05,ppm,46.0,-0.1,ppb,0.0,,,
227,Laramie County Mobile,6/8/2020,14.0,ug/m3 SC,13.0,41.085359999999994,-104.52277,0.9,ppb,0.0,0.05,ppm,46.0,0.0,ppb,0.0,,,
228,Laramie County Mobile,6/9/2020,7.0,ug/m3 SC,6.0,41.085359999999994,-104.52277,2.0,ppb,2.0,,,,0.0,ppb,0.0,,,
229,Laramie County Mobile,6/10/2020,10.0,ug/m3 SC,9.0,41.085359999999994,-104.52277,9.0,ppb,8.0,0.037000000000000005,ppm,34.0,-0.2,ppb,0.0,,,
230,Laramie County Mobile,6/11/2020,14.0,ug/m3 SC,13.0,41.085359999999994,-104.52277,6.1,ppb,6.0,0.052000000000000005,ppm,48.0,-0.1,ppb,0.0,,,
231,Laramie County Mobile,6/12/2020,27.0,ug/m3 SC,25.0,41.085359999999994,-104.52277,2.4,ppb,2.0,0.062,ppm,74.0,-0.1,ppb,0.0,,,
232,Laramie County Mobile,6/13/2020,25.0,ug/m3 SC,23.0,41.085359999999994,-104.52277,3.2,ppb,3.0,0.057,ppm,58.0,-0.1,ppb,0.0,,,
233,Laramie County Mobile,6/15/2020,26.0,ug/m3 SC,24.0,41.085359999999994,-104.52277,4.1,ppb,4.0,0.063,ppm,77.0,-0.1,ppb,0.0,,,
234,Laramie County Mobile,6/16/2020,42.0,ug/m3 SC,39.0,41.085359999999994,-104.52277,3.9,ppb,3.0,0.06,ppm,67.0,0.0,ppb,0.0,,,
235,Laramie County Mobile,6/17/2020,29.0,ug/m3 SC,27.0,41.085359999999994,-104.52277,3.5,ppb,3.0,0.053,ppm,49.0,-0.3,ppb,0.0,,,
236,Laramie County Mobile,6/18/2020,19.0,ug/m3 SC,18.0,41.085359999999994,-104.52277,1.8,ppb,1.0,0.045,ppm,42.0,-0.3,ppb,0.0,,,
237,Laramie County Mobile,6/19/2020,6.0,ug/m3 SC,6.0,41.085359999999994,-104.52277,4.8,ppb,4.0,0.040999999999999995,ppm,38.0,-0.4,ppb,0.0,,,
238,Laramie County Mobile,6/20/2020,10.0,ug/m3 SC,9.0,41.085359999999994,-104.52277,5.7,ppb,5.0,0.051,ppm,47.0,-0.3,ppb,0.0,,,
239,Laramie County Mobile,6/21/2020,33.0,ug/m3 SC,31.0,41.085359999999994,-104.52277,6.2,ppb,6.0,0.039,ppm,36.0,0.2,ppb,0.0,,,
240,Laramie County Mobile,6/22/2020,13.0,ug/m3 SC,12.0,41.085359999999994,-104.52277,3.9,ppb,3.0,0.047,ppm,44.0,0.3,ppb,0.0,,,
241,Laramie County Mobile,6/23/2020,19.0,ug/m3 SC,18.0,41.085359999999994,-104.52277,2.6,ppb,2.0,0.047,ppm,44.0,0.3,ppb,0.0,,,
242,Laramie County Mobile,6/24/2020,22.0,ug/m3 SC,20.0,41.085359999999994,-104.52277,,,,0.043,ppm,40.0,0.2,ppb,0.0,,,
243,Laramie County Mobile,6/25/2020,50.0,ug/m3 SC,46.0,41.085359999999994,-104.52277,2.9,ppb,2.0,0.043,ppm,40.0,0.2,ppb,0.0,,,
244,Laramie County Mobile,6/26/2020,8.0,ug/m3 SC,7.0,41.085359999999994,-104.52277,4.6,ppb,4.0,0.046,ppm,43.0,0.2,ppb,0.0,,,
245,Laramie County Mobile,6/27/2020,37.0,ug/m3 SC,34.0,41.085359999999994,-104.52277,4.7,ppb,4.0,0.059000000000000004,ppm,64.0,0.2,ppb,0.0,,,
246,Laramie County Mobile,6/28/2020,14.0,ug/m3 SC,13.0,41.085359999999994,-104.52277,7.6,ppb,7.0,0.049,ppm,45.0,0.1,ppb,0.0,,,
247,Laramie County Mobile,6/29/2020,31.0,ug/m3 SC,29.0,41.085359999999994,-104.52277,,,,0.05,ppm,46.0,,,,,,
248,Laramie County Mobile,6/30/2020,37.0,ug/m3 SC,34.0,41.085359999999994,-104.52277,1.8,ppb,1.0,0.055,ppm,51.0,0.0,ppb,0.0,,,
249,Cheyenne NCore,1/1/2020,4.0,ug/m3 SC,4.0,41.18222711,-104.7783342,1.5,ppb,1.0,0.036000000000000004,ppm,33.0,0.6,ppb,0.0,0.1,ppm,1.0
250,Cheyenne NCore,1/2/2020,0.0,ug/m3 SC,0.0,41.18222711,-104.7783342,2.8,ppb,2.0,0.035,ppm,32.0,0.2,ppb,0.0,0.1,ppm,1.0
251,Cheyenne NCore,1/3/2020,3.0,ug/m3 SC,3.0,41.18222711,-104.7783342,4.2,ppb,4.0,0.034,ppm,31.0,0.0,ppb,0.0,0.1,ppm,1.0
252,Cheyenne NCore,1/4/2020,5.0,ug/m3 SC,5.0,41.18222711,-104.7783342,2.8,ppb,2.0,0.035,ppm,32.0,0.0,ppb,0.0,0.1,ppm,1.0
253,Cheyenne NCore,1/5/2020,5.0,ug/m3 SC,5.0,41.18222711,-104.7783342,8.3,ppb,8.0,0.034,ppm,31.0,,,,0.1,ppm,1.0
254,Cheyenne NCore,1/6/2020,8.0,ug/m3 SC,7.0,41.18222711,-104.7783342,1.5,ppb,1.0,0.036000000000000004,ppm,33.0,,,,0.1,ppm,1.0
255,Cheyenne NCore,1/7/2020,5.0,ug/m3 SC,5.0,41.18222711,-104.7783342,6.1,ppb,6.0,0.035,ppm,32.0,,,,0.1,ppm,1.0
256,Cheyenne NCore,1/8/2020,4.0,ug/m3 SC,4.0,41.18222711,-104.7783342,19.5,ppb,18.0,0.036000000000000004,ppm,33.0,,,,0.2,ppm,2.0
257,Cheyenne NCore,1/9/2020,6.0,ug/m3 SC,6.0,41.18222711,-104.7783342,16.6,ppb,15.0,0.034,ppm,31.0,-1.2,ppb,0.0,0.2,ppm,2.0
258,Cheyenne NCore,1/10/2020,4.0,ug/m3 SC,4.0,41.18222711,-104.7783342,11.5,ppb,10.0,0.03,ppm,28.0,-1.4,ppb,0.0,0.2,ppm,2.0
259,Cheyenne NCore,1/11/2020,5.0,ug/m3 SC,5.0,41.18222711,-104.7783342,12.8,ppb,11.0,0.039,ppm,36.0,-1.1,ppb,0.0,0.2,ppm,2.0
260,Cheyenne NCore,1/12/2020,0.0,ug/m3 SC,0.0,41.18222711,-104.7783342,5.0,ppb,5.0,0.036000000000000004,ppm,33.0,-1.1,ppb,0.0,0.1,ppm,1.0
261,Cheyenne NCore,1/13/2020,3.0,ug/m3 SC,3.0,41.18222711,-104.7783342,21.2,ppb,20.0,0.037000000000000005,ppm,34.0,-0.6,ppb,0.0,0.2,ppm,2.0
262,Cheyenne NCore,1/14/2020,6.0,ug/m3 SC,6.0,41.18222711,-104.7783342,28.0,ppb,26.0,0.04,ppm,37.0,1.1,ppb,1.0,0.2,ppm,2.0
263,Cheyenne NCore,1/15/2020,11.0,ug/m3 SC,10.0,41.18222711,-104.7783342,23.3,ppb,22.0,0.037000000000000005,ppm,34.0,-1.0,ppb,0.0,0.2,ppm,2.0
264,Cheyenne NCore,1/16/2020,38.0,ug/m3 SC,35.0,41.18222711,-104.7783342,,,,,,,,,,0.2,ppm,2.0
265,Cheyenne NCore,1/17/2020,17.0,ug/m3 SC,16.0,41.18222711,-104.7783342,23.6,ppb,22.0,0.037000000000000005,ppm,34.0,0.6,ppb,0.0,0.2,ppm,2.0
266,Cheyenne NCore,1/18/2020,7.0,ug/m3 SC,6.0,41.18222711,-104.7783342,4.7,ppb,4.0,0.040999999999999995,ppm,38.0,0.1,ppb,0.0,0.1,ppm,1.0
267,Cheyenne NCore,1/19/2020,5.0,ug/m3 SC,5.0,41.18222711,-104.7783342,14.0,ppb,13.0,0.037000000000000005,ppm,34.0,-0.3,ppb,0.0,0.2,ppm,2.0
268,Cheyenne NCore,1/20/2020,20.0,ug/m3 SC,19.0,41.18222711,-104.7783342,31.8,ppb,29.0,0.036000000000000004,ppm,33.0,2.3,ppb,3.0,0.2,ppm,2.0
269,Cheyenne NCore,1/21/2020,14.0,ug/m3 SC,13.0,41.18222711,-104.7783342,18.7,ppb,17.0,0.032,ppm,30.0,0.2,ppb,0.0,0.2,ppm,2.0
270,Cheyenne NCore,1/22/2020,6.0,ug/m3 SC,6.0,41.18222711,-104.7783342,3.3,ppb,3.0,0.040999999999999995,ppm,38.0,0.0,ppb,0.0,0.1,ppm,1.0
271,Cheyenne NCore,1/23/2020,3.0,ug/m3 SC,3.0,41.18222711,-104.7783342,5.6,ppb,5.0,0.038,ppm,35.0,-0.2,ppb,0.0,0.1,ppm,1.0
272,Cheyenne NCore,1/24/2020,4.0,ug/m3 SC,4.0,41.18222711,-104.7783342,11.7,ppb,10.0,0.034,ppm,31.0,0.1,ppb,0.0,0.2,ppm,2.0
273,Cheyenne NCore,1/25/2020,2.0,ug/m3 SC,2.0,41.18222711,-104.7783342,2.8,ppb,2.0,0.034,ppm,31.0,-0.1,ppb,0.0,0.1,ppm,1.0
274,Cheyenne NCore,1/26/2020,5.0,ug/m3 SC,5.0,41.18222711,-104.7783342,11.9,ppb,10.0,0.036000000000000004,ppm,33.0,0.0,ppb,0.0,0.2,ppm,2.0
275,Cheyenne NCore,1/27/2020,7.0,ug/m3 SC,6.0,41.18222711,-104.7783342,,,,,,,,,,0.2,ppm,2.0
276,Cheyenne NCore,1/28/2020,4.0,ug/m3 SC,4.0,41.18222711,-104.7783342,3.4,ppb,3.0,0.039,ppm,36.0,-0.1,ppb,0.0,0.1,ppm,1.0
277,Cheyenne NCore,1/29/2020,4.0,ug/m3 SC,4.0,41.18222711,-104.7783342,9.2,ppb,8.0,0.032,ppm,30.0,-0.2,ppb,0.0,0.2,ppm,2.0
278,Cheyenne NCore,1/30/2020,2.0,ug/m3 SC,2.0,41.18222711,-104.7783342,4.6,ppb,4.0,0.037000000000000005,ppm,34.0,0.0,ppb,0.0,0.2,ppm,2.0
279,Cheyenne NCore,1/31/2020,5.0,ug/m3 SC,5.0,41.18222711,-104.7783342,1.9,ppb,1.0,0.037000000000000005,ppm,34.0,-0.2,ppb,0.0,0.1,ppm,1.0
280,Cheyenne NCore,2/1/2020,5.0,ug/m3 SC,5.0,41.18222711,-104.7783342,1.7,ppb,1.0,0.042,ppm,39.0,-0.3,ppb,0.0,0.1,ppm,1.0
281,Cheyenne NCore,2/2/2020,5.0,ug/m3 SC,5.0,41.18222711,-104.7783342,22.8,ppb,21.0,0.042,ppm,39.0,0.2,ppb,0.0,0.2,ppm,2.0
282,Cheyenne NCore,2/3/2020,2.0,ug/m3 SC,2.0,41.18222711,-104.7783342,1.9,ppb,1.0,0.032,ppm,30.0,0.0,ppb,0.0,0.1,ppm,1.0
283,Cheyenne NCore,2/6/2020,3.0,ug/m3 SC,3.0,41.18222711,-104.7783342,2.8,ppb,2.0,0.035,ppm,32.0,-0.2,ppb,0.0,0.1,ppm,1.0
284,Cheyenne NCore,2/7/2020,1.0,ug/m3 SC,1.0,41.18222711,-104.7783342,15.7,ppb,14.0,0.036000000000000004,ppm,33.0,-0.5,ppb,0.0,0.2,ppm,2.0
285,Cheyenne NCore,2/8/2020,1.0,ug/m3 SC,1.0,41.18222711,-104.7783342,13.9,ppb,12.0,0.038,ppm,35.0,-0.2,ppb,0.0,0.2,ppm,2.0
286,Cheyenne NCore,2/9/2020,1.0,ug/m3 SC,1.0,41.18222711,-104.7783342,8.6,ppb,8.0,0.032,ppm,30.0,-0.6,ppb,0.0,0.2,ppm,2.0
287,Cheyenne NCore,2/10/2020,3.0,ug/m3 SC,3.0,41.18222711,-104.7783342,8.6,ppb,8.0,0.034,ppm,31.0,-0.7,ppb,0.0,0.2,ppm,2.0
288,Cheyenne NCore,2/11/2020,6.0,ug/m3 SC,6.0,41.18222711,-104.7783342,18.2,ppb,17.0,,,,0.1,ppb,0.0,0.2,ppm,2.0
289,Cheyenne NCore,2/12/2020,0.0,ug/m3 SC,0.0,41.18222711,-104.7783342,,,,0.033,ppm,31.0,0.0,ppb,0.0,0.1,ppm,1.0
290,Cheyenne NCore,2/13/2020,8.0,ug/m3 SC,7.0,41.18222711,-104.7783342,,,,0.032,ppm,30.0,0.1,ppb,0.0,0.2,ppm,2.0
291,Cheyenne NCore,2/14/2020,5.0,ug/m3 SC,5.0,41.18222711,-104.7783342,,,,0.036000000000000004,ppm,33.0,0.2,ppb,0.0,0.2,ppm,2.0
292,Cheyenne NCore,2/15/2020,3.0,ug/m3 SC,3.0,41.18222711,-104.7783342,,,,0.039,ppm,36.0,-0.1,ppb,0.0,0.2,ppm,2.0
293,Cheyenne NCore,2/16/2020,2.0,ug/m3 SC,2.0,41.18222711,-104.7783342,,,,0.037000000000000005,ppm,34.0,0.0,ppb,0.0,0.2,ppm,2.0
294,Cheyenne NCore,2/17/2020,4.0,ug/m3 SC,4.0,41.18222711,-104.7783342,,,,0.04,ppm,37.0,0.3,ppb,0.0,0.2,ppm,2.0
295,Cheyenne NCore,2/18/2020,5.0,ug/m3 SC,5.0,41.18222711,-104.7783342,,,,,,,-0.3,ppb,0.0,0.1,ppm,1.0
296,Cheyenne NCore,2/19/2020,5.0,ug/m3 SC,5.0,41.18222711,-104.7783342,,,,,,,,,,0.1,ppm,1.0
297,Cheyenne NCore,2/20/2020,11.0,ug/m3 SC,10.0,41.18222711,-104.7783342,19.4,ppb,18.0,0.036000000000000004,ppm,33.0,0.1,ppb,0.0,0.2,ppm,2.0
298,Cheyenne NCore,2/21/2020,8.0,ug/m3 SC,7.0,41.18222711,-104.7783342,19.8,ppb,18.0,0.042,ppm,39.0,0.0,ppb,0.0,0.2,ppm,2.0
299,Cheyenne NCore,2/22/2020,8.0,ug/m3 SC,7.0,41.18222711,-104.7783342,12.4,ppb,11.0,0.037000000000000005,ppm,34.0,-0.1,ppb,0.0,0.2,ppm,2.0
300,Cheyenne NCore,2/23/2020,6.0,ug/m3 SC,6.0,41.18222711,-104.7783342,20.6,ppb,19.0,0.036000000000000004,ppm,33.0,0.0,ppb,0.0,0.2,ppm,2.0
301,Cheyenne NCore,2/24/2020,5.0,ug/m3 SC,5.0,41.18222711,-104.7783342,3.2,ppb,3.0,0.037000000000000005,ppm,34.0,0.0,ppb,0.0,0.2,ppm,2.0
302,Cheyenne NCore,2/25/2020,6.0,ug/m3 SC,6.0,41.18222711,-104.7783342,7.4,ppb,7.0,0.035,ppm,32.0,-0.1,ppb,0.0,0.2,ppm,2.0
303,Cheyenne NCore,2/26/2020,6.0,ug/m3 SC,6.0,41.18222711,-104.7783342,13.0,ppb,12.0,0.035,ppm,32.0,-0.1,ppb,0.0,0.2,ppm,2.0
304,Cheyenne NCore,2/27/2020,4.0,ug/m3 SC,4.0,41.18222711,-104.7783342,2.2,ppb,2.0,0.038,ppm,35.0,-0.2,ppb,0.0,0.1,ppm,1.0
305,Cheyenne NCore,2/28/2020,5.0,ug/m3 SC,5.0,41.18222711,-104.7783342,25.2,ppb,24.0,0.035,ppm,32.0,-0.2,ppb,0.0,0.2,ppm,2.0
306,Cheyenne NCore,2/29/2020,6.0,ug/m3 SC,6.0,41.18222711,-104.7783342,12.8,ppb,11.0,0.036000000000000004,ppm,33.0,0.0,ppb,0.0,0.2,ppm,2.0
307,Cheyenne NCore,3/1/2020,2.0,ug/m3 SC,2.0,41.18222711,-104.7783342,5.2,ppb,5.0,0.032,ppm,30.0,0.0,ppb,0.0,0.2,ppm,2.0
308,Cheyenne NCore,3/2/2020,4.0,ug/m3 SC,4.0,41.18222711,-104.7783342,14.2,ppb,13.0,0.039,ppm,36.0,0.2,ppb,0.0,0.2,ppm,2.0
309,Cheyenne NCore,3/3/2020,2.0,ug/m3 SC,2.0,41.18222711,-104.7783342,7.3,ppb,7.0,0.034,ppm,31.0,0.0,ppb,0.0,0.1,ppm,1.0
310,Cheyenne NCore,3/4/2020,5.0,ug/m3 SC,5.0,41.18222711,-104.7783342,11.0,ppb,10.0,0.039,ppm,36.0,-0.1,ppb,0.0,0.1,ppm,1.0
311,Cheyenne NCore,3/5/2020,14.0,ug/m3 SC,13.0,41.18222711,-104.7783342,20.5,ppb,19.0,0.028999999999999998,ppm,27.0,-0.1,ppb,0.0,0.2,ppm,2.0
312,Cheyenne NCore,3/6/2020,13.0,ug/m3 SC,12.0,41.18222711,-104.7783342,28.2,ppb,26.0,0.04,ppm,37.0,-0.1,ppb,0.0,0.2,ppm,2.0
313,Cheyenne NCore,3/7/2020,13.0,ug/m3 SC,12.0,41.18222711,-104.7783342,14.9,ppb,13.0,0.026000000000000002,ppm,24.0,0.0,ppb,0.0,0.2,ppm,2.0
314,Cheyenne NCore,3/8/2020,6.0,ug/m3 SC,6.0,41.18222711,-104.7783342,5.5,ppb,5.0,,,,0.0,ppb,0.0,0.2,ppm,2.0
315,Cheyenne NCore,3/9/2020,6.0,ug/m3 SC,6.0,41.18222711,-104.7783342,17.4,ppb,16.0,,,,0.0,ppb,0.0,0.2,ppm,2.0
316,Cheyenne NCore,3/10/2020,6.0,ug/m3 SC,6.0,41.18222711,-104.7783342,8.4,ppb,8.0,,,,-0.2,ppb,0.0,0.2,ppm,2.0
317,Cheyenne NCore,3/11/2020,5.0,ug/m3 SC,5.0,41.18222711,-104.7783342,1.8,ppb,1.0,,,,0.0,ppb,0.0,0.2,ppm,2.0
318,Cheyenne NCore,3/12/2020,3.0,ug/m3 SC,3.0,41.18222711,-104.7783342,2.1,ppb,2.0,,,,0.1,ppb,0.0,0.2,ppm,2.0
319,Cheyenne NCore,3/13/2020,4.0,ug/m3 SC,4.0,41.18222711,-104.7783342,2.7,ppb,2.0,,,,0.0,ppb,0.0,0.2,ppm,2.0
320,Cheyenne NCore,3/14/2020,0.0,ug/m3 SC,0.0,41.18222711,-104.7783342,3.3,ppb,3.0,0.021,ppm,19.0,-0.1,ppb,0.0,0.2,ppm,2.0
321,Cheyenne NCore,3/15/2020,9.0,ug/m3 SC,8.0,41.18222711,-104.7783342,16.3,ppb,15.0,0.027999999999999997,ppm,26.0,0.2,ppb,0.0,0.2,ppm,2.0
322,Cheyenne NCore,3/16/2020,5.0,ug/m3 SC,5.0,41.18222711,-104.7783342,4.5,ppb,4.0,0.023,ppm,21.0,0.0,ppb,0.0,0.2,ppm,2.0
323,Cheyenne NCore,3/17/2020,7.0,ug/m3 SC,6.0,41.18222711,-104.7783342,24.7,ppb,23.0,0.026000000000000002,ppm,24.0,0.3,ppb,0.0,0.3,ppm,3.0
324,Cheyenne NCore,3/18/2020,4.0,ug/m3 SC,4.0,41.18222711,-104.7783342,9.6,ppb,8.0,0.031,ppm,29.0,0.4,ppb,0.0,0.2,ppm,2.0
325,Cheyenne NCore,3/19/2020,3.0,ug/m3 SC,3.0,41.18222711,-104.7783342,2.0,ppb,2.0,0.033,ppm,31.0,0.0,ppb,0.0,0.2,ppm,2.0
326,Cheyenne NCore,3/20/2020,8.0,ug/m3 SC,7.0,41.18222711,-104.7783342,13.2,ppb,12.0,0.035,ppm,32.0,-0.1,ppb,0.0,0.2,ppm,2.0
327,Cheyenne NCore,3/21/2020,6.0,ug/m3 SC,6.0,41.18222711,-104.7783342,17.3,ppb,16.0,0.040999999999999995,ppm,38.0,0.0,ppb,0.0,0.2,ppm,2.0
328,Cheyenne NCore,3/22/2020,3.0,ug/m3 SC,3.0,41.18222711,-104.7783342,5.1,ppb,5.0,0.040999999999999995,ppm,38.0,0.0,ppb,0.0,0.2,ppm,2.0
329,Cheyenne NCore,3/23/2020,4.0,ug/m3 SC,4.0,41.18222711,-104.7783342,6.1,ppb,6.0,,,,0.0,ppb,0.0,0.2,ppm,2.0
330,Cheyenne NCore,3/24/2020,1.0,ug/m3 SC,1.0,41.18222711,-104.7783342,6.2,ppb,6.0,0.04,ppm,37.0,0.0,ppb,0.0,0.1,ppm,1.0
331,Cheyenne NCore,3/25/2020,2.0,ug/m3 SC,2.0,41.18222711,-104.7783342,18.6,ppb,17.0,0.04,ppm,37.0,0.1,ppb,0.0,0.2,ppm,2.0
332,Cheyenne NCore,3/26/2020,10.0,ug/m3 SC,9.0,41.18222711,-104.7783342,8.4,ppb,8.0,0.037000000000000005,ppm,34.0,0.0,ppb,0.0,0.1,ppm,1.0
333,Cheyenne NCore,3/27/2020,2.0,ug/m3 SC,2.0,41.18222711,-104.7783342,1.1,ppb,1.0,0.036000000000000004,ppm,33.0,0.0,ppb,0.0,0.1,ppm,1.0
334,Cheyenne NCore,3/28/2020,2.0,ug/m3 SC,2.0,41.18222711,-104.7783342,2.5,ppb,2.0,0.04,ppm,37.0,0.0,ppb,0.0,0.1,ppm,1.0
335,Cheyenne NCore,3/29/2020,2.0,ug/m3 SC,2.0,41.18222711,-104.7783342,8.9,ppb,8.0,0.040999999999999995,ppm,38.0,0.1,ppb,0.0,0.1,ppm,1.0
336,Cheyenne NCore,3/30/2020,4.0,ug/m3 SC,4.0,41.18222711,-104.7783342,10.7,ppb,9.0,0.037000000000000005,ppm,34.0,-0.2,ppb,0.0,0.2,ppm,2.0
337,Cheyenne NCore,3/31/2020,5.0,ug/m3 SC,5.0,41.18222711,-104.7783342,11.8,ppb,10.0,0.04,ppm,37.0,0.0,ppb,0.0,0.1,ppm,1.0
338,Cheyenne NCore,4/1/2020,8.0,ug/m3 SC,7.0,41.18222711,-104.7783342,12.2,ppb,11.0,0.038,ppm,35.0,0.2,ppb,0.0,0.2,ppm,2.0
339,Cheyenne NCore,4/2/2020,2.0,ug/m3 SC,2.0,41.18222711,-104.7783342,3.8,ppb,3.0,0.032,ppm,30.0,0.0,ppb,0.0,0.2,ppm,2.0
340,Cheyenne NCore,4/3/2020,11.0,ug/m3 SC,10.0,41.18222711,-104.7783342,19.8,ppb,18.0,0.036000000000000004,ppm,33.0,0.1,ppb,0.0,0.2,ppm,2.0
341,Cheyenne NCore,4/4/2020,11.0,ug/m3 SC,10.0,41.18222711,-104.7783342,10.0,ppb,9.0,0.039,ppm,36.0,0.2,ppb,0.0,0.2,ppm,2.0
342,Cheyenne NCore,4/5/2020,10.0,ug/m3 SC,9.0,41.18222711,-104.7783342,21.0,ppb,20.0,0.04,ppm,37.0,0.4,ppb,0.0,0.2,ppm,2.0
343,Cheyenne NCore,4/6/2020,8.0,ug/m3 SC,7.0,41.18222711,-104.7783342,8.2,ppb,8.0,0.044000000000000004,ppm,41.0,0.0,ppb,0.0,0.2,ppm,2.0
344,Cheyenne NCore,4/7/2020,9.0,ug/m3 SC,8.0,41.18222711,-104.7783342,11.7,ppb,10.0,0.040999999999999995,ppm,38.0,0.0,ppb,0.0,0.2,ppm,2.0
345,Cheyenne NCore,4/8/2020,9.0,ug/m3 SC,8.0,41.18222711,-104.7783342,3.3,ppb,3.0,,,,-0.2,ppb,0.0,0.2,ppm,2.0
346,Cheyenne NCore,4/9/2020,15.0,ug/m3 SC,14.0,41.18222711,-104.7783342,9.1,ppb,8.0,0.039,ppm,36.0,-0.2,ppb,0.0,0.2,ppm,2.0
347,Cheyenne NCore,4/10/2020,13.0,ug/m3 SC,12.0,41.18222711,-104.7783342,22.7,ppb,21.0,0.043,ppm,40.0,0.0,ppb,0.0,0.2,ppm,2.0
348,Cheyenne NCore,4/11/2020,7.0,ug/m3 SC,6.0,41.18222711,-104.7783342,2.1,ppb,2.0,0.043,ppm,40.0,0.1,ppb,0.0,0.1,ppm,1.0
349,Cheyenne NCore,4/12/2020,2.0,ug/m3 SC,2.0,41.18222711,-104.7783342,1.0,ppb,1.0,0.035,ppm,32.0,-0.1,ppb,0.0,0.1,ppm,1.0
350,Cheyenne NCore,4/13/2020,4.0,ug/m3 SC,4.0,41.18222711,-104.7783342,8.8,ppb,8.0,0.038,ppm,35.0,-0.3,ppb,0.0,0.2,ppm,2.0
351,Cheyenne NCore,4/14/2020,9.0,ug/m3 SC,8.0,41.18222711,-104.7783342,3.0,ppb,3.0,0.04,ppm,37.0,-0.2,ppb,0.0,0.2,ppm,2.0
352,Cheyenne NCore,4/15/2020,5.0,ug/m3 SC,5.0,41.18222711,-104.7783342,4.9,ppb,4.0,0.034,ppm,31.0,-0.1,ppb,0.0,0.2,ppm,2.0
353,Cheyenne NCore,4/16/2020,6.0,ug/m3 SC,6.0,41.18222711,-104.7783342,5.7,ppb,5.0,0.04,ppm,37.0,-0.2,ppb,0.0,0.2,ppm,2.0
354,Cheyenne NCore,4/17/2020,6.0,ug/m3 SC,6.0,41.18222711,-104.7783342,16.5,ppb,15.0,0.040999999999999995,ppm,38.0,0.4,ppb,0.0,0.2,ppm,2.0
355,Cheyenne NCore,4/18/2020,5.0,ug/m3 SC,5.0,41.18222711,-104.7783342,9.5,ppb,8.0,0.039,ppm,36.0,0.0,ppb,0.0,0.2,ppm,2.0
356,Cheyenne NCore,4/19/2020,5.0,ug/m3 SC,5.0,41.18222711,-104.7783342,3.9,ppb,3.0,0.039,ppm,36.0,0.0,ppb,0.0,0.2,ppm,2.0
357,Cheyenne NCore,4/20/2020,6.0,ug/m3 SC,6.0,41.18222711,-104.7783342,8.1,ppb,8.0,0.042,ppm,39.0,0.0,ppb,0.0,0.2,ppm,2.0
358,Cheyenne NCore,4/21/2020,11.0,ug/m3 SC,10.0,41.18222711,-104.7783342,11.0,ppb,10.0,0.047,ppm,44.0,0.1,ppb,0.0,0.1,ppm,1.0
359,Cheyenne NCore,4/22/2020,10.0,ug/m3 SC,9.0,41.18222711,-104.7783342,13.3,ppb,12.0,0.042,ppm,39.0,0.3,ppb,0.0,0.2,ppm,2.0
360,Cheyenne NCore,4/23/2020,7.0,ug/m3 SC,6.0,41.18222711,-104.7783342,2.2,ppb,2.0,0.038,ppm,35.0,0.1,ppb,0.0,0.2,ppm,2.0
361,Cheyenne NCore,4/24/2020,2.0,ug/m3 SC,2.0,41.18222711,-104.7783342,1.4,ppb,1.0,0.036000000000000004,ppm,33.0,0.1,ppb,0.0,0.2,ppm,2.0
362,Cheyenne NCore,4/25/2020,5.0,ug/m3 SC,5.0,41.18222711,-104.7783342,8.6,ppb,8.0,0.042,ppm,39.0,0.1,ppb,0.0,0.2,ppm,2.0
363,Cheyenne NCore,4/26/2020,7.0,ug/m3 SC,6.0,41.18222711,-104.7783342,7.3,ppb,7.0,0.036000000000000004,ppm,33.0,0.2,ppb,0.0,0.2,ppm,2.0
364,Cheyenne NCore,4/27/2020,9.0,ug/m3 SC,8.0,41.18222711,-104.7783342,3.2,ppb,3.0,0.042,ppm,39.0,0.2,ppb,0.0,0.2,ppm,2.0
365,Cheyenne NCore,4/28/2020,7.0,ug/m3 SC,6.0,41.18222711,-104.7783342,1.3,ppb,1.0,0.044000000000000004,ppm,41.0,0.3,ppb,0.0,0.2,ppm,2.0
366,Cheyenne NCore,4/29/2020,19.0,ug/m3 SC,18.0,41.18222711,-104.7783342,10.5,ppb,9.0,0.046,ppm,43.0,0.7,ppb,0.0,0.2,ppm,2.0
367,Cheyenne NCore,4/30/2020,16.0,ug/m3 SC,15.0,41.18222711,-104.7783342,12.2,ppb,11.0,0.038,ppm,35.0,0.6,ppb,0.0,0.2,ppm,2.0
368,Cheyenne NCore,5/1/2020,8.0,ug/m3 SC,7.0,41.18222711,-104.7783342,2.2,ppb,2.0,0.039,ppm,36.0,0.4,ppb,0.0,0.2,ppm,2.0
369,Cheyenne NCore,5/2/2020,7.0,ug/m3 SC,6.0,41.18222711,-104.7783342,6.4,ppb,6.0,0.033,ppm,31.0,0.5,ppb,0.0,0.2,ppm,2.0
370,Cheyenne NCore,5/3/2020,7.0,ug/m3 SC,6.0,41.18222711,-104.7783342,6.3,ppb,6.0,0.040999999999999995,ppm,38.0,0.5,ppb,0.0,0.2,ppm,2.0
371,Cheyenne NCore,5/4/2020,6.0,ug/m3 SC,6.0,41.18222711,-104.7783342,3.8,ppb,3.0,0.045,ppm,42.0,0.3,ppb,0.0,0.2,ppm,2.0
372,Cheyenne NCore,5/5/2020,6.0,ug/m3 SC,6.0,41.18222711,-104.7783342,3.9,ppb,3.0,0.05,ppm,46.0,0.2,ppb,0.0,0.1,ppm,1.0
373,Cheyenne NCore,5/6/2020,14.0,ug/m3 SC,13.0,41.18222711,-104.7783342,15.8,ppb,14.0,0.048,ppm,44.0,0.5,ppb,0.0,0.2,ppm,2.0
374,Cheyenne NCore,5/7/2020,25.0,ug/m3 SC,23.0,41.18222711,-104.7783342,9.4,ppb,8.0,0.054000000000000006,ppm,50.0,0.5,ppb,0.0,0.2,ppm,2.0
375,Cheyenne NCore,5/8/2020,10.0,ug/m3 SC,9.0,41.18222711,-104.7783342,3.0,ppb,3.0,0.042,ppm,39.0,0.5,ppb,0.0,0.2,ppm,2.0
376,Cheyenne NCore,5/9/2020,5.0,ug/m3 SC,5.0,41.18222711,-104.7783342,1.8,ppb,1.0,0.036000000000000004,ppm,33.0,0.5,ppb,0.0,0.2,ppm,2.0
377,Cheyenne NCore,5/10/2020,11.0,ug/m3 SC,10.0,41.18222711,-104.7783342,4.5,ppb,4.0,0.040999999999999995,ppm,38.0,0.5,ppb,0.0,0.2,ppm,2.0
378,Cheyenne NCore,5/11/2020,13.0,ug/m3 SC,12.0,41.18222711,-104.7783342,4.5,ppb,4.0,0.028999999999999998,ppm,27.0,0.8,ppb,0.0,0.2,ppm,2.0
379,Cheyenne NCore,5/12/2020,8.0,ug/m3 SC,7.0,41.18222711,-104.7783342,5.0,ppb,5.0,0.034,ppm,31.0,1.0,ppb,1.0,0.2,ppm,2.0
380,Cheyenne NCore,5/13/2020,13.0,ug/m3 SC,12.0,41.18222711,-104.7783342,9.9,ppb,8.0,0.042,ppm,39.0,1.0,ppb,1.0,0.2,ppm,2.0
381,Cheyenne NCore,5/14/2020,9.0,ug/m3 SC,8.0,41.18222711,-104.7783342,,,,,,,,,,0.1,ppm,1.0
382,Cheyenne NCore,5/15/2020,6.0,ug/m3 SC,6.0,41.18222711,-104.7783342,,,,0.04,ppm,37.0,0.5,ppb,0.0,0.2,ppm,2.0
383,Cheyenne NCore,5/16/2020,4.0,ug/m3 SC,4.0,41.18222711,-104.7783342,5.1,ppb,5.0,0.045,ppm,42.0,0.4,ppb,0.0,0.2,ppm,2.0
384,Cheyenne NCore,5/17/2020,7.0,ug/m3 SC,6.0,41.18222711,-104.7783342,8.6,ppb,8.0,0.045,ppm,42.0,0.4,ppb,0.0,0.2,ppm,2.0
385,Cheyenne NCore,5/18/2020,17.0,ug/m3 SC,16.0,41.18222711,-104.7783342,6.3,ppb,6.0,0.05,ppm,46.0,0.7,ppb,0.0,0.2,ppm,2.0
386,Cheyenne NCore,5/19/2020,28.0,ug/m3 SC,26.0,41.18222711,-104.7783342,13.4,ppb,12.0,0.057,ppm,58.0,0.8,ppb,0.0,0.2,ppm,2.0
387,Cheyenne NCore,5/20/2020,26.0,ug/m3 SC,24.0,41.18222711,-104.7783342,4.6,ppb,4.0,0.052000000000000005,ppm,48.0,0.7,ppb,0.0,0.2,ppm,2.0
388,Cheyenne NCore,5/21/2020,12.0,ug/m3 SC,11.0,41.18222711,-104.7783342,6.0,ppb,6.0,0.053,ppm,49.0,0.6,ppb,0.0,0.1,ppm,1.0
389,Cheyenne NCore,5/22/2020,17.0,ug/m3 SC,16.0,41.18222711,-104.7783342,11.4,ppb,10.0,0.06,ppm,67.0,0.8,ppb,0.0,0.2,ppm,2.0
390,Cheyenne NCore,5/23/2020,10.0,ug/m3 SC,9.0,41.18222711,-104.7783342,4.8,ppb,4.0,0.05,ppm,46.0,0.8,ppb,0.0,0.2,ppm,2.0
391,Cheyenne NCore,5/24/2020,2.0,ug/m3 SC,2.0,41.18222711,-104.7783342,5.9,ppb,5.0,0.032,ppm,30.0,0.5,ppb,0.0,0.2,ppm,2.0
392,Cheyenne NCore,5/25/2020,3.0,ug/m3 SC,3.0,41.18222711,-104.7783342,8.0,ppb,8.0,0.038,ppm,35.0,0.6,ppb,0.0,0.1,ppm,1.0
393,Cheyenne NCore,5/26/2020,6.0,ug/m3 SC,6.0,41.18222711,-104.7783342,8.5,ppb,8.0,,,,0.5,ppb,0.0,0.1,ppm,1.0
394,Cheyenne NCore,5/27/2020,9.0,ug/m3 SC,8.0,41.18222711,-104.7783342,8.7,ppb,8.0,0.027999999999999997,ppm,26.0,1.1,ppb,1.0,0.1,ppm,1.0
395,Cheyenne NCore,5/28/2020,9.0,ug/m3 SC,8.0,41.18222711,-104.7783342,5.4,ppb,5.0,0.03,ppm,28.0,0.4,ppb,0.0,0.2,ppm,2.0
396,Cheyenne NCore,5/29/2020,21.0,ug/m3 SC,19.0,41.18222711,-104.7783342,19.4,ppb,18.0,0.043,ppm,40.0,0.6,ppb,0.0,0.2,ppm,2.0
397,Cheyenne NCore,5/30/2020,20.0,ug/m3 SC,19.0,41.18222711,-104.7783342,9.8,ppb,8.0,0.04,ppm,37.0,0.8,ppb,0.0,0.2,ppm,2.0
398,Cheyenne NCore,5/31/2020,19.0,ug/m3 SC,18.0,41.18222711,-104.7783342,11.9,ppb,10.0,0.035,ppm,32.0,0.7,ppb,0.0,0.2,ppm,2.0
399,Cheyenne NCore,6/1/2020,12.0,ug/m3 SC,11.0,41.18222711,-104.7783342,6.0,ppb,6.0,0.035,ppm,32.0,0.7,ppb,0.0,0.2,ppm,2.0
400,Cheyenne NCore,6/2/2020,23.0,ug/m3 SC,21.0,41.18222711,-104.7783342,5.6,ppb,5.0,0.036000000000000004,ppm,33.0,1.0,ppb,1.0,0.2,ppm,2.0
401,Cheyenne NCore,6/3/2020,16.0,ug/m3 SC,15.0,41.18222711,-104.7783342,11.2,ppb,10.0,0.031,ppm,29.0,0.8,ppb,0.0,0.2,ppm,2.0
402,Cheyenne NCore,6/4/2020,15.0,ug/m3 SC,14.0,41.18222711,-104.7783342,3.3,ppb,3.0,0.032,ppm,30.0,0.6,ppb,0.0,0.1,ppm,1.0
403,Cheyenne NCore,6/5/2020,22.0,ug/m3 SC,20.0,41.18222711,-104.7783342,5.8,ppb,5.0,0.039,ppm,36.0,0.7,ppb,0.0,0.1,ppm,1.0
404,Cheyenne NCore,6/6/2020,32.0,ug/m3 SC,30.0,41.18222711,-104.7783342,11.7,ppb,10.0,0.032,ppm,30.0,1.2,ppb,1.0,0.2,ppm,2.0
405,Cheyenne NCore,6/7/2020,15.0,ug/m3 SC,14.0,41.18222711,-104.7783342,9.3,ppb,8.0,0.04,ppm,37.0,1.1,ppb,1.0,0.2,ppm,2.0
406,Cheyenne NCore,6/8/2020,10.0,ug/m3 SC,9.0,41.18222711,-104.7783342,2.2,ppb,2.0,0.036000000000000004,ppm,33.0,0.8,ppb,0.0,0.1,ppm,1.0
407,Cheyenne NCore,6/9/2020,7.0,ug/m3 SC,6.0,41.18222711,-104.7783342,2.9,ppb,2.0,0.03,ppm,28.0,0.6,ppb,0.0,0.1,ppm,1.0
408,Cheyenne NCore,6/10/2020,8.0,ug/m3 SC,7.0,41.18222711,-104.7783342,8.5,ppb,8.0,0.027999999999999997,ppm,26.0,0.5,ppb,0.0,0.1,ppm,1.0
409,Cheyenne NCore,6/11/2020,13.0,ug/m3 SC,12.0,41.18222711,-104.7783342,4.1,ppb,4.0,,,,0.5,ppb,0.0,0.1,ppm,1.0
410,Cheyenne NCore,6/12/2020,27.0,ug/m3 SC,25.0,41.18222711,-104.7783342,8.7,ppb,8.0,0.045,ppm,42.0,0.7,ppb,0.0,0.1,ppm,1.0
411,Cheyenne NCore,6/13/2020,27.0,ug/m3 SC,25.0,41.18222711,-104.7783342,8.7,ppb,8.0,0.042,ppm,39.0,0.8,ppb,0.0,0.1,ppm,1.0
412,Cheyenne NCore,6/14/2020,14.0,ug/m3 SC,13.0,41.18222711,-104.7783342,7.1,ppb,7.0,0.044000000000000004,ppm,41.0,0.9,ppb,0.0,0.1,ppm,1.0
413,Cheyenne NCore,6/15/2020,27.0,ug/m3 SC,25.0,41.18222711,-104.7783342,6.9,ppb,6.0,0.044000000000000004,ppm,41.0,0.8,ppb,0.0,0.1,ppm,1.0
414,Cheyenne NCore,6/16/2020,30.0,ug/m3 SC,28.0,41.18222711,-104.7783342,9.9,ppb,8.0,0.044000000000000004,ppm,41.0,1.0,ppb,1.0,0.1,ppm,1.0
415,Cheyenne NCore,6/17/2020,20.0,ug/m3 SC,19.0,41.18222711,-104.7783342,8.0,ppb,8.0,0.035,ppm,32.0,1.2,ppb,1.0,0.1,ppm,1.0
416,Cheyenne NCore,6/18/2020,10.0,ug/m3 SC,9.0,41.18222711,-104.7783342,8.2,ppb,8.0,0.03,ppm,28.0,0.9,ppb,0.0,0.1,ppm,1.0
417,Cheyenne NCore,6/19/2020,9.0,ug/m3 SC,8.0,41.18222711,-104.7783342,11.8,ppb,10.0,0.03,ppm,28.0,1.2,ppb,1.0,0.2,ppm,2.0
418,Cheyenne NCore,6/20/2020,11.0,ug/m3 SC,10.0,41.18222711,-104.7783342,14.7,ppb,13.0,0.033,ppm,31.0,1.0,ppb,1.0,0.2,ppm,2.0
419,Cheyenne NCore,6/21/2020,8.0,ug/m3 SC,7.0,41.18222711,-104.7783342,4.3,ppb,4.0,0.026000000000000002,ppm,24.0,1.2,ppb,1.0,0.1,ppm,1.0
420,Cheyenne NCore,6/22/2020,8.0,ug/m3 SC,7.0,41.18222711,-104.7783342,5.6,ppb,5.0,0.032,ppm,30.0,1.1,ppb,1.0,0.1,ppm,1.0
421,Cheyenne NCore,6/23/2020,17.0,ug/m3 SC,16.0,41.18222711,-104.7783342,8.3,ppb,8.0,,,,1.2,ppb,1.0,0.1,ppm,1.0
422,Cheyenne NCore,6/24/2020,10.0,ug/m3 SC,9.0,41.18222711,-104.7783342,12.5,ppb,11.0,0.028999999999999998,ppm,27.0,1.2,ppb,1.0,0.1,ppm,1.0
423,Cheyenne NCore,6/25/2020,10.0,ug/m3 SC,9.0,41.18222711,-104.7783342,14.6,ppb,13.0,0.028999999999999998,ppm,27.0,1.1,ppb,1.0,0.1,ppm,1.0
424,Cheyenne NCore,6/26/2020,8.0,ug/m3 SC,7.0,41.18222711,-104.7783342,12.5,ppb,11.0,0.031,ppm,29.0,1.0,ppb,1.0,0.1,ppm,1.0
425,Cheyenne NCore,6/27/2020,9.0,ug/m3 SC,8.0,41.18222711,-104.7783342,14.7,ppb,13.0,0.039,ppm,36.0,1.4,ppb,1.0,0.1,ppm,1.0
426,Cheyenne NCore,6/28/2020,13.0,ug/m3 SC,12.0,41.18222711,-104.7783342,9.3,ppb,8.0,0.032,ppm,30.0,2.2,ppb,3.0,0.1,ppm,1.0
427,Cheyenne NCore,6/29/2020,24.0,ug/m3 SC,22.0,41.18222711,-104.7783342,12.5,ppb,11.0,0.037000000000000005,ppm,34.0,1.8,ppb,1.0,0.1,ppm,1.0
428,Cheyenne NCore,6/30/2020,11.0,ug/m3 SC,10.0,41.18222711,-104.7783342,3.8,ppb,3.0,0.035,ppm,32.0,1.3,ppb,1.0,0.1,ppm,1.0
429,Cheyenne NCore,7/1/2020,24.0,ug/m3 SC,22.0,41.18222711,-104.7783342,5.9,ppb,5.0,0.040999999999999995,ppm,38.0,1.1,ppb,1.0,0.1,ppm,1.0
430,Cheyenne NCore,7/2/2020,39.0,ug/m3 SC,36.0,41.18222711,-104.7783342,5.5,ppb,5.0,0.039,ppm,36.0,1.1,ppb,1.0,0.2,ppm,2.0
431,Cheyenne NCore,7/3/2020,28.0,ug/m3 SC,26.0,41.18222711,-104.7783342,6.8,ppb,6.0,0.034,ppm,31.0,1.3,ppb,1.0,0.1,ppm,1.0
432,Cheyenne NCore,7/4/2020,17.0,ug/m3 SC,16.0,41.18222711,-104.7783342,11.2,ppb,10.0,0.031,ppm,29.0,1.1,ppb,1.0,0.2,ppm,2.0
433,Cheyenne NCore,7/5/2020,13.0,ug/m3 SC,12.0,41.18222711,-104.7783342,14.4,ppb,13.0,0.034,ppm,31.0,1.5,ppb,1.0,0.2,ppm,2.0
434,Cheyenne NCore,7/6/2020,14.0,ug/m3 SC,13.0,41.18222711,-104.7783342,15.4,ppb,14.0,0.035,ppm,32.0,1.3,ppb,1.0,0.2,ppm,2.0
435,Cheyenne NCore,7/7/2020,22.0,ug/m3 SC,20.0,41.18222711,-104.7783342,13.4,ppb,12.0,0.034,ppm,31.0,1.7,ppb,1.0,0.2,ppm,2.0
436,Cheyenne NCore,7/8/2020,29.0,ug/m3 SC,27.0,41.18222711,-104.7783342,6.5,ppb,6.0,0.037000000000000005,ppm,34.0,1.4,ppb,1.0,0.2,ppm,2.0
437,Cheyenne NCore,7/9/2020,28.0,ug/m3 SC,26.0,41.18222711,-104.7783342,5.5,ppb,5.0,0.038,ppm,35.0,1.3,ppb,1.0,0.2,ppm,2.0
438,Cheyenne NCore,7/10/2020,31.0,ug/m3 SC,29.0,41.18222711,-104.7783342,7.5,ppb,7.0,0.045,ppm,42.0,1.5,ppb,1.0,0.3,ppm,3.0
439,Cheyenne NCore,7/11/2020,23.0,ug/m3 SC,21.0,41.18222711,-104.7783342,4.3,ppb,4.0,0.039,ppm,36.0,1.4,ppb,1.0,0.2,ppm,2.0
440,Cheyenne NCore,7/12/2020,20.0,ug/m3 SC,19.0,41.18222711,-104.7783342,13.2,ppb,12.0,0.034,ppm,31.0,1.7,ppb,1.0,0.3,ppm,3.0
441,Cheyenne NCore,7/13/2020,17.0,ug/m3 SC,16.0,41.18222711,-104.7783342,15.6,ppb,14.0,0.031,ppm,29.0,1.7,ppb,1.0,0.3,ppm,3.0
442,Cheyenne NCore,7/14/2020,19.0,ug/m3 SC,18.0,41.18222711,-104.7783342,5.4,ppb,5.0,0.033,ppm,31.0,1.5,ppb,1.0,0.3,ppm,3.0
443,Cheyenne NCore,7/15/2020,15.0,ug/m3 SC,14.0,41.18222711,-104.7783342,7.5,ppb,7.0,0.032,ppm,30.0,1.4,ppb,1.0,0.3,ppm,3.0
444,Cheyenne NCore,7/16/2020,23.0,ug/m3 SC,21.0,41.18222711,-104.7783342,15.8,ppb,14.0,0.04,ppm,37.0,1.6,ppb,1.0,0.3,ppm,3.0
445,Cheyenne NCore,7/17/2020,20.0,ug/m3 SC,19.0,41.18222711,-104.7783342,14.0,ppb,13.0,0.035,ppm,32.0,1.7,ppb,1.0,0.3,ppm,3.0
446,Cheyenne NCore,7/18/2020,19.0,ug/m3 SC,18.0,41.18222711,-104.7783342,7.2,ppb,7.0,0.032,ppm,30.0,1.7,ppb,1.0,0.3,ppm,3.0
447,Cheyenne NCore,7/19/2020,28.0,ug/m3 SC,26.0,41.18222711,-104.7783342,6.5,ppb,6.0,0.035,ppm,32.0,1.6,ppb,1.0,0.3,ppm,3.0
448,Cheyenne NCore,7/20/2020,21.0,ug/m3 SC,19.0,41.18222711,-104.7783342,9.1,ppb,8.0,0.034,ppm,31.0,1.8,ppb,1.0,0.3,ppm,3.0
449,Cheyenne NCore,7/21/2020,22.0,ug/m3 SC,20.0,41.18222711,-104.7783342,,,,,,,,,,0.4,ppm,5.0
450,Cheyenne NCore,7/22/2020,15.0,ug/m3 SC,14.0,41.18222711,-104.7783342,9.7,ppb,8.0,0.048,ppm,44.0,2.0,ppb,3.0,0.0,ppm,0.0
451,Cheyenne NCore,7/23/2020,11.0,ug/m3 SC,10.0,41.18222711,-104.7783342,5.7,ppb,5.0,0.036000000000000004,ppm,33.0,1.6,ppb,1.0,0.0,ppm,0.0
452,Cheyenne NCore,7/24/2020,10.0,ug/m3 SC,9.0,41.18222711,-104.7783342,15.0,ppb,14.0,0.034,ppm,31.0,1.9,ppb,1.0,0.0,ppm,0.0
453,Cheyenne NCore,7/25/2020,13.0,ug/m3 SC,12.0,41.18222711,-104.7783342,12.0,ppb,11.0,0.037000000000000005,ppm,34.0,2.0,ppb,3.0,0.0,ppm,0.0
454,Cheyenne NCore,7/26/2020,13.0,ug/m3 SC,12.0,41.18222711,-104.7783342,5.5,ppb,5.0,0.035,ppm,32.0,1.9,ppb,1.0,0.0,ppm,0.0
455,Cheyenne NCore,7/27/2020,15.0,ug/m3 SC,14.0,41.18222711,-104.7783342,4.4,ppb,4.0,0.043,ppm,40.0,1.8,ppb,1.0,0.0,ppm,0.0
456,Cheyenne NCore,7/28/2020,10.0,ug/m3 SC,9.0,41.18222711,-104.7783342,17.6,ppb,16.0,0.037000000000000005,ppm,34.0,1.9,ppb,1.0,0.3,ppm,3.0
457,Cheyenne NCore,7/29/2020,9.0,ug/m3 SC,8.0,41.18222711,-104.7783342,12.4,ppb,11.0,0.036000000000000004,ppm,33.0,1.9,ppb,1.0,0.3,ppm,3.0
458,Cheyenne NCore,7/30/2020,4.0,ug/m3 SC,4.0,41.18222711,-104.7783342,,,,0.036000000000000004,ppm,33.0,,,,,,
459,Cheyenne NCore,7/31/2020,12.0,ug/m3 SC,11.0,41.18222711,-104.7783342,,,,0.046,ppm,43.0,,,,,,
460,Cheyenne NCore,8/1/2020,20.0,ug/m3 SC,19.0,41.18222711,-104.7783342,,,,0.040999999999999995,ppm,38.0,,,,,,
461,Cheyenne NCore,8/2/2020,18.0,ug/m3 SC,17.0,41.18222711,-104.7783342,,,,0.038,ppm,35.0,,,,,,
462,Cheyenne NCore,8/3/2020,16.0,ug/m3 SC,15.0,41.18222711,-104.7783342,,,,0.040999999999999995,ppm,38.0,,,,,,
463,Cheyenne NCore,8/4/2020,19.0,ug/m3 SC,18.0,41.18222711,-104.7783342,,,,0.04,ppm,37.0,,,,,,
464,Cheyenne NCore,8/5/2020,17.0,ug/m3 SC,16.0,41.18222711,-104.7783342,,,,0.045,ppm,42.0,,,,,,
465,Cheyenne NCore,8/6/2020,21.0,ug/m3 SC,19.0,41.18222711,-104.7783342,,,,0.04,ppm,37.0,,,,,,
466,Cheyenne NCore,8/7/2020,18.0,ug/m3 SC,17.0,41.18222711,-104.7783342,,,,0.040999999999999995,ppm,38.0,,,,,,
467,Cheyenne NCore,8/8/2020,35.0,ug/m3 SC,32.0,41.18222711,-104.7783342,,,,0.044000000000000004,ppm,41.0,,,,,,
468,Cheyenne NCore,8/9/2020,19.0,ug/m3 SC,18.0,41.18222711,-104.7783342,,,,0.047,ppm,44.0,,,,,,
469,Cheyenne NCore,8/10/2020,33.0,ug/m3 SC,31.0,41.18222711,-104.7783342,,,,0.035,ppm,32.0,,,,,,
470,Cheyenne NCore,8/11/2020,31.0,ug/m3 SC,29.0,41.18222711,-104.7783342,,,,0.028999999999999998,ppm,27.0,,,,,,
471,Cheyenne NCore,8/12/2020,35.0,ug/m3 SC,32.0,41.18222711,-104.7783342,,,,0.024,ppm,22.0,,,,,,
472,Cheyenne NCore,8/13/2020,46.0,ug/m3 SC,43.0,41.18222711,-104.7783342,,,,0.023,ppm,21.0,,,,,,
473,Cheyenne NCore,8/14/2020,35.0,ug/m3 SC,32.0,41.18222711,-104.7783342,,,,0.019,ppm,18.0,,,,,,
474,Cheyenne NCore,8/15/2020,30.0,ug/m3 SC,28.0,41.18222711,-104.7783342,,,,0.019,ppm,18.0,,,,,,
475,Cheyenne NCore,8/16/2020,28.0,ug/m3 SC,26.0,41.18222711,-104.7783342,,,,0.021,ppm,19.0,,,,,,
476,Cheyenne NCore,8/17/2020,32.0,ug/m3 SC,30.0,41.18222711,-104.7783342,,,,0.021,ppm,19.0,,,,,,
477,Cheyenne NCore,8/18/2020,33.0,ug/m3 SC,31.0,41.18222711,-104.7783342,,,,0.017,ppm,16.0,,,,,,
478,Cheyenne NCore,8/19/2020,26.0,ug/m3 SC,24.0,41.18222711,-104.7783342,,,,0.015,ppm,14.0,,,,,,
479,Cheyenne NCore,8/20/2020,30.0,ug/m3 SC,28.0,41.18222711,-104.7783342,,,,0.027000000000000003,ppm,25.0,,,,,,
480,Cheyenne NCore,8/21/2020,60.0,ug/m3 SC,53.0,41.18222711,-104.7783342,,,,0.023,ppm,21.0,,,,,,
481,Cheyenne NCore,8/22/2020,72.0,ug/m3 SC,59.0,41.18222711,-104.7783342,,,,0.012,ppm,11.0,,,,,,
482,Cheyenne NCore,8/23/2020,60.0,ug/m3 SC,53.0,41.18222711,-104.7783342,,,,0.013000000000000001,ppm,12.0,,,,,,
483,Cheyenne NCore,8/24/2020,50.0,ug/m3 SC,46.0,41.18222711,-104.7783342,,,,0.011000000000000001,ppm,10.0,,,,0.2,ppm,2.0
484,Cheyenne NCore,8/25/2020,34.0,ug/m3 SC,31.0,41.18222711,-104.7783342,7.1,ppb,7.0,0.008,ppm,7.0,3.0,ppb,4.0,0.3,ppm,3.0
485,Cheyenne NCore,8/26/2020,22.0,ug/m3 SC,20.0,41.18222711,-104.7783342,15.6,ppb,14.0,0.012,ppm,11.0,3.7,ppb,4.0,0.2,ppm,2.0
486,Cheyenne NCore,8/27/2020,19.0,ug/m3 SC,18.0,41.18222711,-104.7783342,11.6,ppb,10.0,0.035,ppm,32.0,2.0,ppb,3.0,0.2,ppm,2.0
487,Cheyenne NCore,8/28/2020,26.0,ug/m3 SC,24.0,41.18222711,-104.7783342,12.6,ppb,11.0,0.052000000000000005,ppm,48.0,1.9,ppb,1.0,0.2,ppm,2.0
488,Cheyenne NCore,8/29/2020,15.0,ug/m3 SC,14.0,41.18222711,-104.7783342,8.1,ppb,8.0,0.054000000000000006,ppm,50.0,3.7,ppb,4.0,0.2,ppm,2.0
489,Cheyenne NCore,8/30/2020,24.0,ug/m3 SC,22.0,41.18222711,-104.7783342,3.4,ppb,3.0,0.057999999999999996,ppm,61.0,1.8,ppb,1.0,0.1,ppm,1.0
490,Cheyenne NCore,8/31/2020,23.0,ug/m3 SC,21.0,41.18222711,-104.7783342,13.4,ppb,12.0,0.05,ppm,46.0,2.1,ppb,3.0,0.1,ppm,1.0
491,Cheyenne NCore,9/1/2020,11.0,ug/m3 SC,10.0,41.18222711,-104.7783342,,,,,,,,,,0.1,ppm,1.0
492,Cheyenne NCore,9/2/2020,13.0,ug/m3 SC,12.0,41.18222711,-104.7783342,18.6,ppb,17.0,0.046,ppm,43.0,2.5,ppb,3.0,0.1,ppm,1.0
493,Cheyenne NCore,9/3/2020,67.0,ug/m3 SC,57.0,41.18222711,-104.7783342,9.9,ppb,8.0,0.052000000000000005,ppm,48.0,2.7,ppb,3.0,0.1,ppm,1.0
494,Cheyenne NCore,9/4/2020,41.0,ug/m3 SC,38.0,41.18222711,-104.7783342,9.6,ppb,8.0,0.052000000000000005,ppm,48.0,,,,0.1,ppm,1.0
495,Cheyenne NCore,9/5/2020,37.0,ug/m3 SC,34.0,41.18222711,-104.7783342,12.4,ppb,11.0,0.059000000000000004,ppm,64.0,,,,0.2,ppm,2.0
496,Cheyenne NCore,9/6/2020,40.0,ug/m3 SC,37.0,41.18222711,-104.7783342,3.3,ppb,3.0,0.06,ppm,67.0,,,,0.2,ppm,2.0
497,Cheyenne NCore,9/7/2020,58.0,ug/m3 SC,52.0,41.18222711,-104.7783342,13.5,ppb,12.0,0.053,ppm,49.0,,,,0.2,ppm,2.0
498,Cheyenne NCore,9/8/2020,1.0,ug/m3 SC,1.0,41.18222711,-104.7783342,2.2,ppb,2.0,0.031,ppm,29.0,,,,0.1,ppm,1.0
499,Cheyenne NCore,9/9/2020,7.0,ug/m3 SC,6.0,41.18222711,-104.7783342,11.7,ppb,10.0,0.027000000000000003,ppm,25.0,0.5,ppb,0.0,0.1,ppm,1.0
500,Cheyenne NCore,9/10/2020,11.0,ug/m3 SC,10.0,41.18222711,-104.7783342,15.9,ppb,14.0,0.037000000000000005,ppm,34.0,0.6,ppb,0.0,0.1,ppm,1.0
501,Cheyenne NCore,9/11/2020,11.0,ug/m3 SC,10.0,41.18222711,-104.7783342,19.3,ppb,18.0,0.045,ppm,42.0,1.1,ppb,1.0,0.1,ppm,1.0
502,Cheyenne NCore,9/12/2020,7.0,ug/m3 SC,6.0,41.18222711,-104.7783342,11.1,ppb,10.0,0.047,ppm,44.0,0.7,ppb,0.0,0.1,ppm,1.0
503,Cheyenne NCore,9/13/2020,9.0,ug/m3 SC,8.0,41.18222711,-104.7783342,11.7,ppb,10.0,0.051,ppm,47.0,1.1,ppb,1.0,0.1,ppm,1.0
504,Cheyenne NCore,9/14/2020,17.0,ug/m3 SC,16.0,41.18222711,-104.7783342,15.6,ppb,14.0,0.057,ppm,58.0,0.8,ppb,0.0,0.1,ppm,1.0
505,Cheyenne NCore,9/15/2020,22.0,ug/m3 SC,20.0,41.18222711,-104.7783342,5.5,ppb,5.0,0.053,ppm,49.0,0.7,ppb,0.0,0.1,ppm,1.0
506,Cheyenne NCore,9/16/2020,73.0,ug/m3 SC,60.0,41.18222711,-104.7783342,12.9,ppb,11.0,0.055,ppm,51.0,1.1,ppb,1.0,0.4,ppm,5.0
507,Cheyenne NCore,9/17/2020,69.0,ug/m3 SC,58.0,41.18222711,-104.7783342,10.9,ppb,9.0,0.059000000000000004,ppm,64.0,1.3,ppb,1.0,0.4,ppm,5.0
508,Cheyenne NCore,9/18/2020,85.0,ug/m3 SC,66.0,41.18222711,-104.7783342,17.4,ppb,16.0,0.066,ppm,87.0,1.0,ppb,1.0,0.3,ppm,3.0
509,Cheyenne NCore,9/19/2020,43.0,ug/m3 SC,40.0,41.18222711,-104.7783342,13.1,ppb,12.0,0.057,ppm,58.0,0.9,ppb,0.0,0.3,ppm,3.0
510,Cheyenne NCore,9/20/2020,36.0,ug/m3 SC,33.0,41.18222711,-104.7783342,4.8,ppb,4.0,0.054000000000000006,ppm,50.0,0.8,ppb,0.0,0.3,ppm,3.0
511,Cheyenne NCore,9/21/2020,47.0,ug/m3 SC,44.0,41.18222711,-104.7783342,11.4,ppb,10.0,0.053,ppm,49.0,1.1,ppb,1.0,0.2,ppm,2.0
512,Cheyenne NCore,9/22/2020,48.0,ug/m3 SC,44.0,41.18222711,-104.7783342,6.0,ppb,6.0,0.057999999999999996,ppm,61.0,1.4,ppb,1.0,0.2,ppm,2.0
513,Cheyenne NCore,9/23/2020,42.0,ug/m3 SC,39.0,41.18222711,-104.7783342,3.0,ppb,3.0,0.054000000000000006,ppm,50.0,1.7,ppb,1.0,0.2,ppm,2.0
514,Cheyenne NCore,9/24/2020,42.0,ug/m3 SC,39.0,41.18222711,-104.7783342,21.1,ppb,20.0,0.057999999999999996,ppm,61.0,2.7,ppb,3.0,0.3,ppm,3.0
515,Cheyenne NCore,9/25/2020,55.0,ug/m3 SC,51.0,41.18222711,-104.7783342,15.7,ppb,14.0,0.051,ppm,47.0,3.2,ppb,4.0,0.2,ppm,2.0
516,Cheyenne NCore,9/26/2020,177.0,ug/m3 SC,112.0,41.18222711,-104.7783342,8.0,ppb,8.0,0.048,ppm,44.0,,,,0.9,ppm,10.0
517,Cheyenne NCore,9/27/2020,11.0,ug/m3 SC,10.0,41.18222711,-104.7783342,3.8,ppb,3.0,0.044000000000000004,ppm,41.0,2.9,ppb,3.0,0.1,ppm,1.0
518,Cheyenne NCore,9/28/2020,9.0,ug/m3 SC,8.0,41.18222711,-104.7783342,4.3,ppb,4.0,,,,2.3,ppb,3.0,0.1,ppm,1.0
519,Cheyenne NCore,9/29/2020,24.0,ug/m3 SC,22.0,41.18222711,-104.7783342,2.3,ppb,2.0,0.042,ppm,39.0,1.4,ppb,1.0,0.2,ppm,2.0
520,Cheyenne NCore,9/30/2020,15.0,ug/m3 SC,14.0,41.18222711,-104.7783342,1.7,ppb,1.0,0.044000000000000004,ppm,41.0,1.3,ppb,1.0,0.1,ppm,1.0
521,Cheyenne NCore,10/1/2020,30.0,ug/m3 SC,28.0,41.18222711,-104.7783342,15.8,ppb,14.0,0.046,ppm,43.0,1.7,ppb,1.0,0.1,ppm,1.0
522,Cheyenne NCore,10/2/2020,34.0,ug/m3 SC,31.0,41.18222711,-104.7783342,11.1,ppb,10.0,0.05,ppm,46.0,1.4,ppb,1.0,0.1,ppm,1.0
523,Cheyenne NCore,10/3/2020,20.0,ug/m3 SC,19.0,41.18222711,-104.7783342,10.2,ppb,9.0,0.045,ppm,42.0,1.3,ppb,1.0,0.1,ppm,1.0
524,Cheyenne NCore,10/4/2020,57.0,ug/m3 SC,52.0,41.18222711,-104.7783342,12.7,ppb,11.0,0.053,ppm,49.0,,,,0.3,ppm,3.0
525,Cheyenne NCore,10/5/2020,99.0,ug/m3 SC,73.0,41.18222711,-104.7783342,12.7,ppb,11.0,0.051,ppm,47.0,,,,1.0,ppm,11.0
526,Cheyenne NCore,10/6/2020,127.0,ug/m3 SC,87.0,41.18222711,-104.7783342,20.2,ppb,19.0,0.057,ppm,58.0,,,,0.7,ppm,8.0
527,Cheyenne NCore,10/7/2020,87.0,ug/m3 SC,67.0,41.18222711,-104.7783342,6.4,ppb,6.0,0.049,ppm,45.0,,,,1.4,ppm,16.0
528,Cheyenne NCore,10/8/2020,110.0,ug/m3 SC,78.0,41.18222711,-104.7783342,9.8,ppb,8.0,0.06,ppm,67.0,1.8,ppb,1.0,0.5,ppm,6.0
529,Cheyenne NCore,10/9/2020,57.0,ug/m3 SC,52.0,41.18222711,-104.7783342,11.2,ppb,10.0,0.052000000000000005,ppm,48.0,1.3,ppb,1.0,0.4,ppm,5.0
530,Cheyenne NCore,10/10/2020,53.0,ug/m3 SC,49.0,41.18222711,-104.7783342,14.7,ppb,13.0,0.054000000000000006,ppm,50.0,2.3,ppb,3.0,0.2,ppm,2.0
531,Cheyenne NCore,10/11/2020,80.0,ug/m3 SC,63.0,41.18222711,-104.7783342,7.1,ppb,7.0,0.05,ppm,46.0,1.2,ppb,1.0,0.2,ppm,2.0
532,Cheyenne NCore,10/12/2020,44.0,ug/m3 SC,41.0,41.18222711,-104.7783342,1.5,ppb,1.0,0.05,ppm,46.0,0.9,ppb,0.0,0.1,ppm,1.0
533,Cheyenne NCore,10/13/2020,23.0,ug/m3 SC,21.0,41.18222711,-104.7783342,11.6,ppb,10.0,0.046,ppm,43.0,1.0,ppb,1.0,0.1,ppm,1.0
534,Cheyenne NCore,10/14/2020,44.0,ug/m3 SC,41.0,41.18222711,-104.7783342,3.2,ppb,3.0,0.042,ppm,39.0,1.0,ppb,1.0,0.1,ppm,1.0
535,Cheyenne NCore,10/15/2020,7.0,ug/m3 SC,6.0,41.18222711,-104.7783342,9.4,ppb,8.0,0.04,ppm,37.0,1.0,ppb,1.0,0.1,ppm,1.0
536,Cheyenne NCore,10/16/2020,34.0,ug/m3 SC,31.0,41.18222711,-104.7783342,13.7,ppb,12.0,0.039,ppm,36.0,1.2,ppb,1.0,0.1,ppm,1.0
537,Cheyenne NCore,10/17/2020,48.0,ug/m3 SC,44.0,41.18222711,-104.7783342,1.1,ppb,1.0,0.03,ppm,28.0,1.1,ppb,1.0,0.1,ppm,1.0
538,Cheyenne NCore,10/18/2020,6.0,ug/m3 SC,6.0,41.18222711,-104.7783342,12.2,ppb,11.0,0.021,ppm,19.0,1.1,ppb,1.0,0.1,ppm,1.0
539,Cheyenne NCore,10/19/2020,19.0,ug/m3 SC,18.0,41.18222711,-104.7783342,17.8,ppb,16.0,0.035,ppm,32.0,1.3,ppb,1.0,0.1,ppm,1.0
540,Cheyenne NCore,10/20/2020,12.0,ug/m3 SC,11.0,41.18222711,-104.7783342,9.5,ppb,8.0,0.038,ppm,35.0,1.2,ppb,1.0,0.1,ppm,1.0
541,Cheyenne NCore,10/21/2020,36.0,ug/m3 SC,33.0,41.18222711,-104.7783342,24.9,ppb,23.0,0.04,ppm,37.0,1.4,ppb,1.0,0.2,ppm,2.0
542,Cheyenne NCore,10/22/2020,5.0,ug/m3 SC,5.0,41.18222711,-104.7783342,2.7,ppb,2.0,0.031,ppm,29.0,1.2,ppb,1.0,0.1,ppm,1.0
543,Cheyenne NCore,10/23/2020,16.0,ug/m3 SC,15.0,41.18222711,-104.7783342,8.1,ppb,8.0,0.027999999999999997,ppm,26.0,1.4,ppb,1.0,0.1,ppm,1.0
544,Cheyenne NCore,10/24/2020,23.0,ug/m3 SC,21.0,41.18222711,-104.7783342,10.9,ppb,9.0,0.032,ppm,30.0,1.3,ppb,1.0,0.1,ppm,1.0
545,Cheyenne NCore,10/25/2020,14.0,ug/m3 SC,13.0,41.18222711,-104.7783342,1.5,ppb,1.0,0.037000000000000005,ppm,34.0,1.1,ppb,1.0,0.1,ppm,1.0
546,Cheyenne NCore,10/26/2020,6.0,ug/m3 SC,6.0,41.18222711,-104.7783342,28.9,ppb,26.0,0.052000000000000005,ppm,48.0,1.3,ppb,1.0,0.2,ppm,2.0
547,Cheyenne NCore,10/27/2020,9.0,ug/m3 SC,8.0,41.18222711,-104.7783342,8.9,ppb,8.0,0.055,ppm,51.0,1.9,ppb,1.0,0.2,ppm,2.0
548,Cheyenne NCore,10/28/2020,2.0,ug/m3 SC,2.0,41.18222711,-104.7783342,3.8,ppb,3.0,0.043,ppm,40.0,1.1,ppb,1.0,0.1,ppm,1.0
549,Cheyenne NCore,10/29/2020,6.0,ug/m3 SC,6.0,41.18222711,-104.7783342,15.9,ppb,14.0,0.036000000000000004,ppm,33.0,1.9,ppb,1.0,0.1,ppm,1.0
550,Cheyenne NCore,10/30/2020,8.0,ug/m3 SC,7.0,41.18222711,-104.7783342,23.9,ppb,22.0,0.039,ppm,36.0,1.4,ppb,1.0,0.1,ppm,1.0
551,Cheyenne NCore,10/31/2020,10.0,ug/m3 SC,9.0,41.18222711,-104.7783342,18.6,ppb,17.0,0.04,ppm,37.0,1.2,ppb,1.0,0.1,ppm,1.0
552,Cheyenne NCore,11/1/2020,15.0,ug/m3 SC,14.0,41.18222711,-104.7783342,11.4,ppb,10.0,0.042,ppm,39.0,1.0,ppb,1.0,0.1,ppm,1.0
553,Cheyenne NCore,11/2/2020,8.0,ug/m3 SC,7.0,41.18222711,-104.7783342,19.8,ppb,18.0,0.044000000000000004,ppm,41.0,0.9,ppb,0.0,0.1,ppm,1.0
554,Cheyenne NCore,11/3/2020,10.0,ug/m3 SC,9.0,41.18222711,-104.7783342,9.5,ppb,8.0,0.04,ppm,37.0,1.0,ppb,1.0,0.1,ppm,1.0
555,Cheyenne NCore,11/4/2020,24.0,ug/m3 SC,22.0,41.18222711,-104.7783342,5.1,ppb,5.0,0.042,ppm,39.0,1.0,ppb,1.0,0.0,ppm,0.0
556,Cheyenne NCore,11/5/2020,15.0,ug/m3 SC,14.0,41.18222711,-104.7783342,13.7,ppb,12.0,,,,1.0,ppb,1.0,0.0,ppm,0.0
557,Cheyenne NCore,11/6/2020,18.0,ug/m3 SC,17.0,41.18222711,-104.7783342,28.5,ppb,26.0,0.039,ppm,36.0,1.4,ppb,1.0,0.1,ppm,1.0
558,Cheyenne NCore,11/7/2020,30.0,ug/m3 SC,28.0,41.18222711,-104.7783342,17.3,ppb,16.0,0.034,ppm,31.0,1.9,ppb,1.0,0.1,ppm,1.0
559,Cheyenne NCore,11/8/2020,9.0,ug/m3 SC,8.0,41.18222711,-104.7783342,6.8,ppb,6.0,0.051,ppm,47.0,1.8,ppb,1.0,0.1,ppm,1.0
560,Cheyenne NCore,11/9/2020,3.0,ug/m3 SC,3.0,41.18222711,-104.7783342,19.8,ppb,18.0,0.027000000000000003,ppm,25.0,1.5,ppb,1.0,0.1,ppm,1.0
561,Cheyenne NCore,11/10/2020,7.0,ug/m3 SC,6.0,41.18222711,-104.7783342,4.1,ppb,4.0,0.039,ppm,36.0,1.4,ppb,1.0,0.1,ppm,1.0
562,Cheyenne NCore,11/11/2020,2.0,ug/m3 SC,2.0,41.18222711,-104.7783342,4.1,ppb,4.0,0.043,ppm,40.0,1.2,ppb,1.0,0.1,ppm,1.0
563,Cheyenne NCore,11/12/2020,7.0,ug/m3 SC,6.0,41.18222711,-104.7783342,15.9,ppb,14.0,0.04,ppm,37.0,1.1,ppb,1.0,0.1,ppm,1.0
564,Cheyenne NCore,11/13/2020,19.0,ug/m3 SC,18.0,41.18222711,-104.7783342,21.3,ppb,20.0,0.045,ppm,42.0,1.5,ppb,1.0,0.2,ppm,2.0
565,Cheyenne NCore,11/14/2020,26.0,ug/m3 SC,24.0,41.18222711,-104.7783342,1.1,ppb,1.0,0.040999999999999995,ppm,38.0,1.5,ppb,1.0,0.1,ppm,1.0
566,Cheyenne NCore,11/15/2020,5.0,ug/m3 SC,5.0,41.18222711,-104.7783342,2.4,ppb,2.0,0.039,ppm,36.0,1.1,ppb,1.0,0.1,ppm,1.0
567,Cheyenne NCore,11/16/2020,9.0,ug/m3 SC,8.0,41.18222711,-104.7783342,17.9,ppb,16.0,0.038,ppm,35.0,1.1,ppb,1.0,0.1,ppm,1.0
568,Cheyenne NCore,11/17/2020,10.0,ug/m3 SC,9.0,41.18222711,-104.7783342,34.4,ppb,32.0,0.035,ppm,32.0,1.6,ppb,1.0,0.1,ppm,1.0
569,Cheyenne NCore,11/18/2020,20.0,ug/m3 SC,19.0,41.18222711,-104.7783342,18.0,ppb,17.0,,,,1.4,ppb,1.0,0.1,ppm,1.0
570,Cheyenne NCore,11/19/2020,24.0,ug/m3 SC,22.0,41.18222711,-104.7783342,3.1,ppb,3.0,0.038,ppm,35.0,1.2,ppb,1.0,0.1,ppm,1.0
571,Cheyenne NCore,11/20/2020,10.0,ug/m3 SC,9.0,41.18222711,-104.7783342,9.8,ppb,8.0,0.038,ppm,35.0,1.2,ppb,1.0,0.1,ppm,1.0
572,Cheyenne NCore,11/21/2020,10.0,ug/m3 SC,9.0,41.18222711,-104.7783342,13.9,ppb,12.0,0.04,ppm,37.0,1.2,ppb,1.0,0.1,ppm,1.0
573,Cheyenne NCore,11/22/2020,14.0,ug/m3 SC,13.0,41.18222711,-104.7783342,22.7,ppb,21.0,0.036000000000000004,ppm,33.0,1.3,ppb,1.0,0.2,ppm,2.0
574,Cheyenne NCore,11/23/2020,9.0,ug/m3 SC,8.0,41.18222711,-104.7783342,19.5,ppb,18.0,0.039,ppm,36.0,1.6,ppb,1.0,0.2,ppm,2.0
575,Cheyenne NCore,11/24/2020,7.0,ug/m3 SC,6.0,41.18222711,-104.7783342,8.3,ppb,8.0,,,,1.6,ppb,1.0,0.1,ppm,1.0
576,Cheyenne NCore,11/25/2020,7.0,ug/m3 SC,6.0,41.18222711,-104.7783342,21.7,ppb,20.0,0.043,ppm,40.0,1.6,ppb,1.0,0.2,ppm,2.0
577,Cheyenne NCore,11/26/2020,1.0,ug/m3 SC,1.0,41.18222711,-104.7783342,10.7,ppb,9.0,0.035,ppm,32.0,1.7,ppb,1.0,0.2,ppm,2.0
578,Cheyenne NCore,11/27/2020,6.0,ug/m3 SC,6.0,41.18222711,-104.7783342,20.8,ppb,19.0,0.034,ppm,31.0,1.6,ppb,1.0,0.2,ppm,2.0
579,Cheyenne NCore,11/28/2020,5.0,ug/m3 SC,5.0,41.18222711,-104.7783342,3.3,ppb,3.0,0.04,ppm,37.0,1.1,ppb,1.0,0.2,ppm,2.0
580,Cheyenne NCore,11/29/2020,7.0,ug/m3 SC,6.0,41.18222711,-104.7783342,20.8,ppb,19.0,0.039,ppm,36.0,1.0,ppb,1.0,0.2,ppm,2.0
581,Cheyenne NCore,11/30/2020,8.0,ug/m3 SC,7.0,41.18222711,-104.7783342,21.7,ppb,20.0,0.044000000000000004,ppm,41.0,1.1,ppb,1.0,0.2,ppm,2.0
582,Cheyenne NCore,12/1/2020,2.0,ug/m3 SC,2.0,41.18222711,-104.7783342,1.2,ppb,1.0,0.037000000000000005,ppm,34.0,,,,0.1,ppm,1.0
583,Cheyenne NCore,12/2/2020,2.0,ug/m3 SC,2.0,41.18222711,-104.7783342,1.3,ppb,1.0,0.039,ppm,36.0,,,,0.0,ppm,0.0
584,Cheyenne NCore,12/3/2020,3.0,ug/m3 SC,3.0,41.18222711,-104.7783342,1.3,ppb,1.0,0.05,ppm,46.0,0.2,ppb,0.0,0.1,ppm,1.0
585,Cheyenne NCore,12/4/2020,7.0,ug/m3 SC,6.0,41.18222711,-104.7783342,1.6,ppb,1.0,0.044000000000000004,ppm,41.0,0.1,ppb,0.0,0.0,ppm,0.0
586,Cheyenne NCore,12/5/2020,8.0,ug/m3 SC,7.0,41.18222711,-104.7783342,3.0,ppb,3.0,0.042,ppm,39.0,-0.1,ppb,0.0,0.0,ppm,0.0
587,Cheyenne NCore,12/6/2020,5.0,ug/m3 SC,5.0,41.18222711,-104.7783342,5.6,ppb,5.0,0.04,ppm,37.0,-0.1,ppb,0.0,0.0,ppm,0.0
588,Cheyenne NCore,12/7/2020,10.0,ug/m3 SC,9.0,41.18222711,-104.7783342,3.5,ppb,3.0,0.042,ppm,39.0,-0.3,ppb,0.0,0.1,ppm,1.0
589,Cheyenne NCore,12/8/2020,16.0,ug/m3 SC,15.0,41.18222711,-104.7783342,10.9,ppb,9.0,0.042,ppm,39.0,-0.2,ppb,0.0,0.1,ppm,1.0
590,Cheyenne NCore,12/9/2020,10.0,ug/m3 SC,9.0,41.18222711,-104.7783342,23.0,ppb,22.0,0.043,ppm,40.0,0.0,ppb,0.0,0.1,ppm,1.0
591,Cheyenne NCore,12/10/2020,2.0,ug/m3 SC,2.0,41.18222711,-104.7783342,2.0,ppb,2.0,0.031,ppm,29.0,0.3,ppb,0.0,0.1,ppm,1.0
592,Cheyenne NCore,12/11/2020,1.0,ug/m3 SC,1.0,41.18222711,-104.7783342,28.0,ppb,26.0,0.04,ppm,37.0,0.0,ppb,0.0,0.1,ppm,1.0
593,Cheyenne NCore,12/12/2020,5.0,ug/m3 SC,5.0,41.18222711,-104.7783342,21.1,ppb,20.0,0.034,ppm,31.0,0.5,ppb,0.0,0.1,ppm,1.0
594,Cheyenne NCore,12/13/2020,7.0,ug/m3 SC,6.0,41.18222711,-104.7783342,34.9,ppb,32.0,0.034,ppm,31.0,1.3,ppb,1.0,0.2,ppm,2.0
595,Cheyenne NCore,12/14/2020,3.0,ug/m3 SC,3.0,41.18222711,-104.7783342,25.7,ppb,24.0,0.042,ppm,39.0,0.6,ppb,0.0,0.2,ppm,2.0
596,Cheyenne NCore,12/15/2020,4.0,ug/m3 SC,4.0,41.18222711,-104.7783342,8.4,ppb,8.0,0.04,ppm,37.0,0.6,ppb,0.0,0.1,ppm,1.0
597,Cheyenne NCore,12/16/2020,7.0,ug/m3 SC,6.0,41.18222711,-104.7783342,7.9,ppb,7.0,0.04,ppm,37.0,0.2,ppb,0.0,0.1,ppm,1.0
598,Cheyenne NCore,12/17/2020,9.0,ug/m3 SC,8.0,41.18222711,-104.7783342,42.6,ppb,40.0,0.04,ppm,37.0,0.7,ppb,0.0,0.2,ppm,2.0
599,Cheyenne NCore,12/18/2020,2.0,ug/m3 SC,2.0,41.18222711,-104.7783342,10.7,ppb,9.0,0.038,ppm,35.0,0.2,ppb,0.0,0.2,ppm,2.0
600,Cheyenne NCore,12/19/2020,6.0,ug/m3 SC,6.0,41.18222711,-104.7783342,6.3,ppb,6.0,0.044000000000000004,ppm,41.0,0.1,ppb,0.0,0.1,ppm,1.0
601,Cheyenne NCore,12/20/2020,4.0,ug/m3 SC,4.0,41.18222711,-104.7783342,6.0,ppb,6.0,0.043,ppm,40.0,0.1,ppb,0.0,0.1,ppm,1.0
602,Cheyenne NCore,12/21/2020,1.0,ug/m3 SC,1.0,41.18222711,-104.7783342,23.3,ppb,22.0,0.034,ppm,31.0,0.1,ppb,0.0,0.1,ppm,1.0
603,Cheyenne NCore,12/22/2020,10.0,ug/m3 SC,9.0,41.18222711,-104.7783342,15.4,ppb,14.0,0.039,ppm,36.0,0.6,ppb,0.0,0.1,ppm,1.0
604,Cheyenne NCore,12/23/2020,10.0,ug/m3 SC,9.0,41.18222711,-104.7783342,1.5,ppb,1.0,0.038,ppm,35.0,0.2,ppb,0.0,0.1,ppm,1.0
605,Cheyenne NCore,12/24/2020,8.0,ug/m3 SC,7.0,41.18222711,-104.7783342,2.2,ppb,2.0,0.042,ppm,39.0,0.0,ppb,0.0,0.1,ppm,1.0
606,Cheyenne NCore,12/25/2020,2.0,ug/m3 SC,2.0,41.18222711,-104.7783342,11.9,ppb,10.0,0.040999999999999995,ppm,38.0,0.1,ppb,0.0,0.1,ppm,1.0
607,Cheyenne NCore,12/26/2020,3.0,ug/m3 SC,3.0,41.18222711,-104.7783342,4.2,ppb,4.0,0.042,ppm,39.0,0.3,ppb,0.0,0.1,ppm,1.0
608,Cheyenne NCore,12/27/2020,1.0,ug/m3 SC,1.0,41.18222711,-104.7783342,2.3,ppb,2.0,0.037000000000000005,ppm,34.0,0.2,ppb,0.0,0.1,ppm,1.0
609,Cheyenne NCore,12/28/2020,4.0,ug/m3 SC,4.0,41.18222711,-104.7783342,10.3,ppb,9.0,0.031,ppm,29.0,0.2,ppb,0.0,0.1,ppm,1.0
610,Cheyenne NCore,12/29/2020,2.0,ug/m3 SC,2.0,41.18222711,-104.7783342,6.4,ppb,6.0,0.040999999999999995,ppm,38.0,,,,0.1,ppm,1.0
611,Cheyenne NCore,12/30/2020,4.0,ug/m3 SC,4.0,41.18222711,-104.7783342,15.1,ppb,14.0,0.044000000000000004,ppm,41.0,0.2,ppb,0.0,0.1,ppm,1.0
612,Cheyenne NCore,12/31/2020,3.0,ug/m3 SC,3.0,41.18222711,-104.7783342,,,,,,,,,,0.1,ppm,1.0
613,Laramie County Mobile,1/1/2020,,,,,,1.8,ppb,1.0,0.043,ppm,40.0,0.2,ppb,0.0,,,
614,Laramie County Mobile,2/25/2020,,,,,,6.3,ppb,6.0,0.037000000000000005,ppm,34.0,0.7,ppb,0.0,,,
615,Laramie County Mobile,5/3/2020,,,,,,2.2,ppb,2.0,0.047,ppm,44.0,-0.1,ppb,0.0,,,
616,Laramie County Mobile,5/4/2020,,,,,,3.2,ppb,3.0,0.048,ppm,44.0,-0.1,ppb,0.0,,,
617,Laramie County Mobile,5/5/2020,,,,,,7.1,ppb,7.0,0.054000000000000006,ppm,50.0,0.0,ppb,0.0,,,
618,Laramie County Mobile,5/6/2020,,,,,,2.4,ppb,2.0,0.052000000000000005,ppm,48.0,-0.1,ppb,0.0,,,
619,Laramie County Mobile,6/14/2020,,,,,,5.7,ppb,5.0,0.057999999999999996,ppm,61.0,-0.1,ppb,0.0,,,
620,Cheyenne NCore,2/4/2020,,,,,,16.1,ppb,15.0,0.034,ppm,31.0,-0.2,ppb,0.0,0.2,ppm,2.0
621,Cheyenne NCore,2/5/2020,,,,,,20.1,ppb,19.0,0.037000000000000005,ppm,34.0,0.5,ppb,0.0,0.2,ppm,2.0
622,Laramie County Mobile,7/1/2020,,,,,,,,,0.057999999999999996,ppm,61.0,,,,,,
