DMax Ozone,Year,Month,Day,OZONE-WEIGHT,Flag,Site Name,Lat,Lng,Date
0.037,2016,1,1,17,0,Los Angeles-North Main Street,34.06659,-118.22688,1/1/2016
0.037,2016,1,1,17,0,Los Angeles-North Main Street,34.06659,-118.22688,1/1/2016
0.03,2016,1,7,13,0,Los Angeles-North Main Street,34.06659,-118.22688,1/7/2016
0.017,2016,1,13,17,0,Los Angeles-North Main Street,34.06659,-118.22688,1/13/2016
0.017,2016,1,13,17,0,Los Angeles-North Main Street,34.06659,-118.22688,1/13/2016
0.017,2016,1,19,17,0,Los Angeles-North Main Street,34.06659,-118.22688,1/19/2016
0.017,2016,1,19,17,0,Los Angeles-North Main Street,34.06659,-118.22688,1/19/2016
0.027,2016,1,25,17,0,Los Angeles-North Main Street,34.06659,-118.22688,1/25/2016
0.027,2016,1,25,17,0,Los Angeles-North Main Street,34.06659,-118.22688,1/25/2016
0.036,2016,1,31,17,0,Los Angeles-North Main Street,34.06659,-118.22688,1/31/2016
0.037,2016,2,6,17,0,Los Angeles-North Main Street,34.06659,-118.22688,2/6/2016
0.044,2016,2,12,17,0,Los Angeles-North Main Street,34.06659,-118.22688,2/12/2016
0.033,2016,2,18,17,0,Los Angeles-North Main Street,34.06659,-118.22688,2/18/2016
0.044,2016,2,24,17,0,Los Angeles-North Main Street,34.06659,-118.22688,2/24/2016
0.041,2016,3,7,17,0,Los Angeles-North Main Street,34.06659,-118.22688,3/7/2016
0.041,2016,3,7,17,0,Los Angeles-North Main Street,34.06659,-118.22688,3/7/2016
0.042,2016,3,13,17,0,Los Angeles-North Main Street,34.06659,-118.22688,3/13/2016
0.042,2016,3,13,17,0,Los Angeles-North Main Street,34.06659,-118.22688,3/13/2016
0.055,2016,3,19,17,0,Los Angeles-North Main Street,34.06659,-118.22688,3/19/2016
0.055,2016,3,19,17,0,Los Angeles-North Main Street,34.06659,-118.22688,3/19/2016
0.045,2016,3,25,17,0,Los Angeles-North Main Street,34.06659,-118.22688,3/25/2016
0.045,2016,3,25,17,0,Los Angeles-North Main Street,34.06659,-118.22688,3/25/2016
0.041,2016,3,31,17,0,Los Angeles-North Main Street,34.06659,-118.22688,3/31/2016
0.041,2016,3,31,17,0,Los Angeles-North Main Street,34.06659,-118.22688,3/31/2016
0.046,2016,4,6,17,0,Los Angeles-North Main Street,34.06659,-118.22688,4/6/2016
0.046,2016,4,6,17,0,Los Angeles-North Main Street,34.06659,-118.22688,4/6/2016
0.037,2016,4,12,14,0,Los Angeles-North Main Street,34.06659,-118.22688,4/12/2016
0.037,2016,4,12,14,0,Los Angeles-North Main Street,34.06659,-118.22688,4/12/2016
0.062,2016,4,18,17,0,Los Angeles-North Main Street,34.06659,-118.22688,4/18/2016
0.062,2016,4,18,17,0,Los Angeles-North Main Street,34.06659,-118.22688,4/18/2016
0.056,2016,4,24,17,0,Los Angeles-North Main Street,34.06659,-118.22688,4/24/2016
0.056,2016,4,24,17,0,Los Angeles-North Main Street,34.06659,-118.22688,4/24/2016
0.049,2016,4,30,17,0,Los Angeles-North Main Street,34.06659,-118.22688,4/30/2016
0.049,2016,4,30,17,0,Los Angeles-North Main Street,34.06659,-118.22688,4/30/2016
0.04,2016,5,7,17,0,Los Angeles-North Main Street,34.06659,-118.22688,5/7/2016
0.04,2016,5,7,17,0,Los Angeles-North Main Street,34.06659,-118.22688,5/7/2016
0.043,2016,5,18,14,0,Los Angeles-North Main Street,34.06659,-118.22688,5/18/2016
0.043,2016,5,18,14,0,Los Angeles-North Main Street,34.06659,-118.22688,5/18/2016
0.033,2016,5,24,14,0,Los Angeles-North Main Street,34.06659,-118.22688,5/24/2016
0.033,2016,5,24,14,0,Los Angeles-North Main Street,34.06659,-118.22688,5/24/2016
0.05,2016,5,30,17,0,Los Angeles-North Main Street,34.06659,-118.22688,5/30/2016
0.05,2016,5,30,17,0,Los Angeles-North Main Street,34.06659,-118.22688,5/30/2016
0.046,2016,6,5,17,0,Los Angeles-North Main Street,34.06659,-118.22688,6/5/2016
0.046,2016,6,5,17,0,Los Angeles-North Main Street,34.06659,-118.22688,6/5/2016
0.029,2016,6,11,14,0,Los Angeles-North Main Street,34.06659,-118.22688,6/11/2016
0.029,2016,6,11,14,0,Los Angeles-North Main Street,34.06659,-118.22688,6/11/2016
0.074,2016,6,17,17,0,Los Angeles-North Main Street,34.06659,-118.22688,6/17/2016
0.074,2016,6,17,17,0,Los Angeles-North Main Street,34.06659,-118.22688,6/17/2016
0.045,2016,6,23,17,0,Los Angeles-North Main Street,34.06659,-118.22688,6/23/2016
0.045,2016,6,23,17,0,Los Angeles-North Main Street,34.06659,-118.22688,6/23/2016
0.056,2016,6,29,14,0,Los Angeles-North Main Street,34.06659,-118.22688,6/29/2016
0.056,2016,6,29,14,0,Los Angeles-North Main Street,34.06659,-118.22688,6/29/2016
0.047,2016,7,5,14,0,Los Angeles-North Main Street,34.06659,-118.22688,7/5/2016
0.047,2016,7,5,14,0,Los Angeles-North Main Street,34.06659,-118.22688,7/5/2016
0.05,2016,7,11,14,0,Los Angeles-North Main Street,34.06659,-118.22688,7/11/2016
0.05,2016,7,11,14,0,Los Angeles-North Main Street,34.06659,-118.22688,7/11/2016
0.052,2016,7,17,17,0,Los Angeles-North Main Street,34.06659,-118.22688,7/17/2016
0.052,2016,7,17,17,0,Los Angeles-North Main Street,34.06659,-118.22688,7/17/2016
0.061,2016,7,23,17,0,Los Angeles-North Main Street,34.06659,-118.22688,7/23/2016
0.061,2016,7,23,17,0,Los Angeles-North Main Street,34.06659,-118.22688,7/23/2016
0.048,2016,8,4,17,0,Los Angeles-North Main Street,34.06659,-118.22688,8/4/2016
0.048,2016,8,4,17,0,Los Angeles-North Main Street,34.06659,-118.22688,8/4/2016
0.054,2016,8,10,17,0,Los Angeles-North Main Street,34.06659,-118.22688,8/10/2016
0.054,2016,8,10,17,0,Los Angeles-North Main Street,34.06659,-118.22688,8/10/2016
0.046,2016,8,22,17,0,Los Angeles-North Main Street,34.06659,-118.22688,8/22/2016
0.046,2016,8,22,17,0,Los Angeles-North Main Street,34.06659,-118.22688,8/22/2016
0.051,2016,8,28,17,0,Los Angeles-North Main Street,34.06659,-118.22688,8/28/2016
0.051,2016,8,28,17,0,Los Angeles-North Main Street,34.06659,-118.22688,8/28/2016
0.044,2016,9,3,17,0,Los Angeles-North Main Street,34.06659,-118.22688,9/3/2016
0.044,2016,9,3,17,0,Los Angeles-North Main Street,34.06659,-118.22688,9/3/2016
0.048,2016,9,9,17,0,Los Angeles-North Main Street,34.06659,-118.22688,9/9/2016
0.048,2016,9,9,17,0,Los Angeles-North Main Street,34.06659,-118.22688,9/9/2016
0.043,2016,9,15,17,0,Los Angeles-North Main Street,34.06659,-118.22688,9/15/2016
0.043,2016,9,15,17,0,Los Angeles-North Main Street,34.06659,-118.22688,9/15/2016
0.055,2016,9,27,17,0,Los Angeles-North Main Street,34.06659,-118.22688,9/27/2016
0.055,2016,9,27,17,0,Los Angeles-North Main Street,34.06659,-118.22688,9/27/2016
0.042,2016,10,3,17,0,Los Angeles-North Main Street,34.06659,-118.22688,10/3/2016
0.042,2016,10,3,17,0,Los Angeles-North Main Street,34.06659,-118.22688,10/3/2016
0.069,2016,10,9,17,0,Los Angeles-North Main Street,34.06659,-118.22688,10/9/2016
0.069,2016,10,9,17,0,Los Angeles-North Main Street,34.06659,-118.22688,10/9/2016
0.03,2016,10,15,17,0,Los Angeles-North Main Street,34.06659,-118.22688,10/15/2016
0.03,2016,10,15,17,0,Los Angeles-North Main Street,34.06659,-118.22688,10/15/2016
0.042,2016,10,21,17,0,Los Angeles-North Main Street,34.06659,-118.22688,10/21/2016
0.042,2016,10,21,17,0,Los Angeles-North Main Street,34.06659,-118.22688,10/21/2016
0.025,2016,10,27,17,0,Los Angeles-North Main Street,34.06659,-118.22688,10/27/2016
0.025,2016,10,27,17,0,Los Angeles-North Main Street,34.06659,-118.22688,10/27/2016
0.028,2016,11,2,17,0,Los Angeles-North Main Street,34.06659,-118.22688,11/2/2016
0.028,2016,11,2,17,0,Los Angeles-North Main Street,34.06659,-118.22688,11/2/2016
0.041,2016,11,8,17,0,Los Angeles-North Main Street,34.06659,-118.22688,11/8/2016
0.041,2016,11,8,17,0,Los Angeles-North Main Street,34.06659,-118.22688,11/8/2016
0.044,2016,11,14,17,0,Los Angeles-North Main Street,34.06659,-118.22688,11/14/2016
0.044,2016,11,14,17,0,Los Angeles-North Main Street,34.06659,-118.22688,11/14/2016
0.028,2016,11,20,17,0,Los Angeles-North Main Street,34.06659,-118.22688,11/20/2016
0.028,2016,11,20,17,0,Los Angeles-North Main Street,34.06659,-118.22688,11/20/2016
0.036,2016,11,26,17,0,Los Angeles-North Main Street,34.06659,-118.22688,11/26/2016
0.036,2016,11,26,17,0,Los Angeles-North Main Street,34.06659,-118.22688,11/26/2016
0.031,2016,12,8,17,0,Los Angeles-North Main Street,34.06659,-118.22688,12/8/2016
0.031,2016,12,8,17,0,Los Angeles-North Main Street,34.06659,-118.22688,12/8/2016
0.015,2016,12,14,17,0,Los Angeles-North Main Street,34.06659,-118.22688,12/14/2016
0.021,2016,12,20,17,0,Los Angeles-North Main Street,34.06659,-118.22688,12/20/2016
0.031,2016,12,26,17,0,Los Angeles-North Main Street,34.06659,-118.22688,12/26/2016
0.031,2016,12,26,17,0,Los Angeles-North Main Street,34.06659,-118.22688,12/26/2016
0.031,2016,1,7,17,0,Long Beach (Hudson),33.8025,-118.22,1/7/2016
0.017,2016,1,13,17,0,Long Beach (Hudson),33.8025,-118.22,1/13/2016
0.019,2016,1,19,17,0,Long Beach (Hudson),33.8025,-118.22,1/19/2016
0.022,2016,1,25,17,0,Long Beach (Hudson),33.8025,-118.22,1/25/2016
0.034,2016,1,31,17,0,Long Beach (Hudson),33.8025,-118.22,1/31/2016
0.029,2016,2,12,17,0,Long Beach (Hudson),33.8025,-118.22,2/12/2016
0.033,2016,2,18,17,0,Long Beach (Hudson),33.8025,-118.22,2/18/2016
0.036,2016,2,24,17,0,Long Beach (Hudson),33.8025,-118.22,2/24/2016
0.039,2016,3,1,17,0,Long Beach (Hudson),33.8025,-118.22,3/1/2016
0.036,2016,3,7,17,0,Long Beach (Hudson),33.8025,-118.22,3/7/2016
0.037,2016,3,13,17,0,Long Beach (Hudson),33.8025,-118.22,3/13/2016
0.05,2016,3,19,17,0,Long Beach (Hudson),33.8025,-118.22,3/19/2016
0.042,2016,3,25,17,0,Long Beach (Hudson),33.8025,-118.22,3/25/2016
0.037,2016,3,31,17,0,Long Beach (Hudson),33.8025,-118.22,3/31/2016
0.03,2016,4,6,17,0,Long Beach (Hudson),33.8025,-118.22,4/6/2016
0.029,2016,4,12,17,0,Long Beach (Hudson),33.8025,-118.22,4/12/2016
0.049,2016,4,18,17,0,Long Beach (Hudson),33.8025,-118.22,4/18/2016
0.046,2016,4,24,17,0,Long Beach (Hudson),33.8025,-118.22,4/24/2016
0.045,2016,4,30,17,0,Long Beach (Hudson),33.8025,-118.22,4/30/2016
0.035,2016,5,6,17,0,Long Beach (Hudson),33.8025,-118.22,5/6/2016
0.039,2016,5,12,17,0,Long Beach (Hudson),33.8025,-118.22,5/12/2016
0.037,2016,5,18,17,0,Long Beach (Hudson),33.8025,-118.22,5/18/2016
0.028,2016,5,24,17,0,Long Beach (Hudson),33.8025,-118.22,5/24/2016
0.043,2016,5,30,17,0,Long Beach (Hudson),33.8025,-118.22,5/30/2016
0.034,2016,6,5,17,0,Long Beach (Hudson),33.8025,-118.22,6/5/2016
0.03,2016,6,11,17,0,Long Beach (Hudson),33.8025,-118.22,6/11/2016
0.055,2016,6,17,17,0,Long Beach (Hudson),33.8025,-118.22,6/17/2016
0.029,2016,6,23,17,0,Long Beach (Hudson),33.8025,-118.22,6/23/2016
0.035,2016,6,29,17,0,Long Beach (Hudson),33.8025,-118.22,6/29/2016
0.04,2016,7,5,17,0,Long Beach (Hudson),33.8025,-118.22,7/5/2016
0.035,2016,7,11,17,0,Long Beach (Hudson),33.8025,-118.22,7/11/2016
0.041,2016,7,17,14,0,Long Beach (Hudson),33.8025,-118.22,7/17/2016
0.037,2016,7,23,14,0,Long Beach (Hudson),33.8025,-118.22,7/23/2016
0.034,2016,7,29,17,0,Long Beach (Hudson),33.8025,-118.22,7/29/2016
0.031,2016,8,4,14,0,Long Beach (Hudson),33.8025,-118.22,8/4/2016
0.042,2016,8,10,14,0,Long Beach (Hudson),33.8025,-118.22,8/10/2016
0.035,2016,8,16,14,0,Long Beach (Hudson),33.8025,-118.22,8/16/2016
0.031,2016,8,22,14,0,Long Beach (Hudson),33.8025,-118.22,8/22/2016
0.041,2016,8,28,14,0,Long Beach (Hudson),33.8025,-118.22,8/28/2016
0.034,2016,9,3,17,0,Long Beach (Hudson),33.8025,-118.22,9/3/2016
0.037,2016,9,9,17,0,Long Beach (Hudson),33.8025,-118.22,9/9/2016
0.028,2016,9,15,17,0,Long Beach (Hudson),33.8025,-118.22,9/15/2016
0.032,2016,9,21,17,0,Long Beach (Hudson),33.8025,-118.22,9/21/2016
0.044,2016,9,27,17,0,Long Beach (Hudson),33.8025,-118.22,9/27/2016
0.035,2016,10,3,17,0,Long Beach (Hudson),33.8025,-118.22,10/3/2016
0.059,2016,10,9,17,0,Long Beach (Hudson),33.8025,-118.22,10/9/2016
0.021,2016,10,15,17,0,Long Beach (Hudson),33.8025,-118.22,10/15/2016
0.009,2016,10,27,17,0,Long Beach (Hudson),33.8025,-118.22,10/27/2016
0.032,2016,11,8,17,0,Long Beach (Hudson),33.8025,-118.22,11/8/2016
0.022,2016,11,14,17,0,Long Beach (Hudson),33.8025,-118.22,11/14/2016
0.025,2016,11,20,17,0,Long Beach (Hudson),33.8025,-118.22,11/20/2016
0.039,2016,11,26,17,0,Long Beach (Hudson),33.8025,-118.22,11/26/2016
0.025,2016,12,2,17,0,Long Beach (Hudson),33.8025,-118.22,12/2/2016
0.025,2016,12,8,17,0,Long Beach (Hudson),33.8025,-118.22,12/8/2016
0.012,2016,12,14,17,0,Long Beach (Hudson),33.8025,-118.22,12/14/2016
0.014,2016,12,20,17,0,Long Beach (Hudson),33.8025,-118.22,12/20/2016
0.03,2016,12,26,17,0,Long Beach (Hudson),33.8025,-118.22,12/26/2016
0.04,2016,1,1,17,0,LAX Hastings,33.95507,-118.43049,1/1/2016
0.043,2016,1,7,17,0,LAX Hastings,33.95507,-118.43049,1/7/2016
0.033,2016,1,13,17,0,LAX Hastings,33.95507,-118.43049,1/13/2016
0.039,2016,1,25,17,0,LAX Hastings,33.95507,-118.43049,1/25/2016
0.043,2016,1,31,17,0,LAX Hastings,33.95507,-118.43049,1/31/2016
0.045,2016,2,6,17,0,LAX Hastings,33.95507,-118.43049,2/6/2016
0.041,2016,2,12,17,0,LAX Hastings,33.95507,-118.43049,2/12/2016
0.046,2016,2,18,17,0,LAX Hastings,33.95507,-118.43049,2/18/2016
0.053,2016,2,24,17,0,LAX Hastings,33.95507,-118.43049,2/24/2016
0.059,2016,3,1,17,0,LAX Hastings,33.95507,-118.43049,3/1/2016
0.047,2016,3,7,17,0,LAX Hastings,33.95507,-118.43049,3/7/2016
0.045,2016,3,13,17,0,LAX Hastings,33.95507,-118.43049,3/13/2016
0.061,2016,3,19,17,0,LAX Hastings,33.95507,-118.43049,3/19/2016
0.07,2016,4,18,17,0,LAX Hastings,33.95507,-118.43049,4/18/2016
0.052,2016,4,24,17,0,LAX Hastings,33.95507,-118.43049,4/24/2016
0.05,2016,4,30,17,0,LAX Hastings,33.95507,-118.43049,4/30/2016
0.041,2016,5,6,17,0,LAX Hastings,33.95507,-118.43049,5/6/2016
0.046,2016,5,18,17,0,LAX Hastings,33.95507,-118.43049,5/18/2016
0.033,2016,5,24,15,0,LAX Hastings,33.95507,-118.43049,5/24/2016
0.047,2016,5,30,17,0,LAX Hastings,33.95507,-118.43049,5/30/2016
0.039,2016,6,5,17,0,LAX Hastings,33.95507,-118.43049,6/5/2016
0.031,2016,6,11,17,0,LAX Hastings,33.95507,-118.43049,6/11/2016
0.051,2016,6,17,17,0,LAX Hastings,33.95507,-118.43049,6/17/2016
0.047,2016,6,23,17,0,LAX Hastings,33.95507,-118.43049,6/23/2016
0.047,2016,6,29,17,0,LAX Hastings,33.95507,-118.43049,6/29/2016
0.045,2016,7,5,17,0,LAX Hastings,33.95507,-118.43049,7/5/2016
0.038,2016,7,11,17,0,LAX Hastings,33.95507,-118.43049,7/11/2016
0.044,2016,7,17,17,0,LAX Hastings,33.95507,-118.43049,7/17/2016
0.042,2016,7,23,17,0,LAX Hastings,33.95507,-118.43049,7/23/2016
0.035,2016,7,29,17,0,LAX Hastings,33.95507,-118.43049,7/29/2016
0.044,2016,8,4,17,0,LAX Hastings,33.95507,-118.43049,8/4/2016
0.038,2016,8,16,17,0,LAX Hastings,33.95507,-118.43049,8/16/2016
0.04,2016,8,28,17,0,LAX Hastings,33.95507,-118.43049,8/28/2016
0.04,2016,9,3,17,0,LAX Hastings,33.95507,-118.43049,9/3/2016
0.045,2016,9,9,17,0,LAX Hastings,33.95507,-118.43049,9/9/2016
0.043,2016,9,15,17,0,LAX Hastings,33.95507,-118.43049,9/15/2016
0.057,2016,9,27,17,0,LAX Hastings,33.95507,-118.43049,9/27/2016
0.045,2016,10,3,17,0,LAX Hastings,33.95507,-118.43049,10/3/2016
0.059,2016,10,9,17,0,LAX Hastings,33.95507,-118.43049,10/9/2016
0.044,2016,10,21,17,0,LAX Hastings,33.95507,-118.43049,10/21/2016
0.029,2016,10,27,17,0,LAX Hastings,33.95507,-118.43049,10/27/2016
0.038,2016,11,2,17,0,LAX Hastings,33.95507,-118.43049,11/2/2016
0.05,2016,11,8,17,0,LAX Hastings,33.95507,-118.43049,11/8/2016
0.044,2016,11,14,17,0,LAX Hastings,33.95507,-118.43049,11/14/2016
0.033,2016,11,20,17,0,LAX Hastings,33.95507,-118.43049,11/20/2016
0.044,2016,11,26,17,0,LAX Hastings,33.95507,-118.43049,11/26/2016
0.045,2016,12,2,17,0,LAX Hastings,33.95507,-118.43049,12/2/2016
0.038,2016,12,8,17,0,LAX Hastings,33.95507,-118.43049,12/8/2016
0.029,2016,12,14,17,0,LAX Hastings,33.95507,-118.43049,12/14/2016
0.024,2016,12,21,17,0,LAX Hastings,33.95507,-118.43049,12/21/2016
0.031,2016,12,26,17,0,LAX Hastings,33.95507,-118.43049,12/26/2016
0.024,2018,1,2,17,0,Los Angeles-North Main Street,34.06659,-118.22688,1/2/2018
0.024,2018,1,2,17,0,Los Angeles-North Main Street,34.06659,-118.22688,1/2/2018
0.017,2018,1,8,17,0,Los Angeles-North Main Street,34.06659,-118.22688,1/8/2018
0.017,2018,1,8,17,0,Los Angeles-North Main Street,34.06659,-118.22688,1/8/2018
0.04,2018,1,14,17,0,Los Angeles-North Main Street,34.06659,-118.22688,1/14/2018
0.04,2018,1,14,17,0,Los Angeles-North Main Street,34.06659,-118.22688,1/14/2018
0.039,2018,1,20,17,0,Los Angeles-North Main Street,34.06659,-118.22688,1/20/2018
0.039,2018,1,20,17,0,Los Angeles-North Main Street,34.06659,-118.22688,1/20/2018
0.033,2018,1,26,17,0,Los Angeles-North Main Street,34.06659,-118.22688,1/26/2018
0.033,2018,1,26,17,0,Los Angeles-North Main Street,34.06659,-118.22688,1/26/2018
0.018,2018,2,1,17,0,Los Angeles-North Main Street,34.06659,-118.22688,2/1/2018
0.018,2018,2,1,17,0,Los Angeles-North Main Street,34.06659,-118.22688,2/1/2018
0.037,2018,2,7,17,0,Los Angeles-North Main Street,34.06659,-118.22688,2/7/2018
0.037,2018,2,7,17,0,Los Angeles-North Main Street,34.06659,-118.22688,2/7/2018
0.037,2018,2,13,17,0,Los Angeles-North Main Street,34.06659,-118.22688,2/13/2018
0.037,2018,2,13,17,0,Los Angeles-North Main Street,34.06659,-118.22688,2/13/2018
0.041,2018,2,19,17,0,Los Angeles-North Main Street,34.06659,-118.22688,2/19/2018
0.041,2018,2,19,17,0,Los Angeles-North Main Street,34.06659,-118.22688,2/19/2018
0.046,2018,2,25,17,0,Los Angeles-North Main Street,34.06659,-118.22688,2/25/2018
0.046,2018,2,25,17,0,Los Angeles-North Main Street,34.06659,-118.22688,2/25/2018
0.029,2018,3,9,17,0,Los Angeles-North Main Street,34.06659,-118.22688,3/9/2018
0.043,2018,3,15,17,0,Los Angeles-North Main Street,34.06659,-118.22688,3/15/2018
0.043,2018,3,15,17,0,Los Angeles-North Main Street,34.06659,-118.22688,3/15/2018
0.023,2018,3,21,17,0,Los Angeles-North Main Street,34.06659,-118.22688,3/21/2018
0.023,2018,3,21,17,0,Los Angeles-North Main Street,34.06659,-118.22688,3/21/2018
0.041,2018,3,27,17,0,Los Angeles-North Main Street,34.06659,-118.22688,3/27/2018
0.041,2018,3,27,17,0,Los Angeles-North Main Street,34.06659,-118.22688,3/27/2018
0.045,2018,4,2,17,0,Los Angeles-North Main Street,34.06659,-118.22688,4/2/2018
0.049,2018,4,8,17,0,Los Angeles-North Main Street,34.06659,-118.22688,4/8/2018
0.067,2018,4,14,17,0,Los Angeles-North Main Street,34.06659,-118.22688,4/14/2018
0.045,2018,4,20,17,0,Los Angeles-North Main Street,34.06659,-118.22688,4/20/2018
0.045,2018,4,26,17,0,Los Angeles-North Main Street,34.06659,-118.22688,4/26/2018
0.037,2018,5,2,17,0,Los Angeles-North Main Street,34.06659,-118.22688,5/2/2018
0.055,2018,5,8,17,0,Los Angeles-North Main Street,34.06659,-118.22688,5/8/2018
0.041,2018,5,14,17,0,Los Angeles-North Main Street,34.06659,-118.22688,5/14/2018
0.041,2018,5,14,17,0,Los Angeles-North Main Street,34.06659,-118.22688,5/14/2018
0.04,2018,5,26,17,0,Los Angeles-North Main Street,34.06659,-118.22688,5/26/2018
0.042,2018,6,1,17,0,Los Angeles-North Main Street,34.06659,-118.22688,6/1/2018
0.042,2018,6,1,17,0,Los Angeles-North Main Street,34.06659,-118.22688,6/1/2018
0.054,2018,6,7,17,0,Los Angeles-North Main Street,34.06659,-118.22688,6/7/2018
0.054,2018,6,7,17,0,Los Angeles-North Main Street,34.06659,-118.22688,6/7/2018
0.049,2018,6,13,17,0,Los Angeles-North Main Street,34.06659,-118.22688,6/13/2018
0.049,2018,6,13,17,0,Los Angeles-North Main Street,34.06659,-118.22688,6/13/2018
0.043,2018,6,19,17,0,Los Angeles-North Main Street,34.06659,-118.22688,6/19/2018
0.043,2018,6,19,17,0,Los Angeles-North Main Street,34.06659,-118.22688,6/19/2018
0.044,2018,6,25,17,0,Los Angeles-North Main Street,34.06659,-118.22688,6/25/2018
0.044,2018,6,25,17,0,Los Angeles-North Main Street,34.06659,-118.22688,6/25/2018
0.045,2018,7,1,17,0,Los Angeles-North Main Street,34.06659,-118.22688,7/1/2018
0.045,2018,7,1,17,0,Los Angeles-North Main Street,34.06659,-118.22688,7/1/2018
0.071,2018,7,7,17,0,Los Angeles-North Main Street,34.06659,-118.22688,7/7/2018
0.071,2018,7,7,17,0,Los Angeles-North Main Street,34.06659,-118.22688,7/7/2018
0.04,2018,7,13,17,0,Los Angeles-North Main Street,34.06659,-118.22688,7/13/2018
0.04,2018,7,13,17,0,Los Angeles-North Main Street,34.06659,-118.22688,7/13/2018
0.039,2018,7,19,17,0,Los Angeles-North Main Street,34.06659,-118.22688,7/19/2018
0.039,2018,7,19,17,0,Los Angeles-North Main Street,34.06659,-118.22688,7/19/2018
0.056,2018,7,25,17,0,Los Angeles-North Main Street,34.06659,-118.22688,7/25/2018
0.056,2018,7,25,17,0,Los Angeles-North Main Street,34.06659,-118.22688,7/25/2018
0.055,2018,8,24,17,0,Los Angeles-North Main Street,34.06659,-118.22688,8/24/2018
0.055,2018,8,24,17,0,Los Angeles-North Main Street,34.06659,-118.22688,8/24/2018
0.046,2018,8,30,17,0,Los Angeles-North Main Street,34.06659,-118.22688,8/30/2018
0.046,2018,8,30,17,0,Los Angeles-North Main Street,34.06659,-118.22688,8/30/2018
0.041,2018,9,5,17,0,Los Angeles-North Main Street,34.06659,-118.22688,9/5/2018
0.041,2018,9,5,17,0,Los Angeles-North Main Street,34.06659,-118.22688,9/5/2018
0.045,2018,9,11,17,0,Los Angeles-North Main Street,34.06659,-118.22688,9/11/2018
0.045,2018,9,17,17,0,Los Angeles-North Main Street,34.06659,-118.22688,9/17/2018
0.045,2018,9,17,17,0,Los Angeles-North Main Street,34.06659,-118.22688,9/17/2018
0.052,2018,9,23,17,0,Los Angeles-North Main Street,34.06659,-118.22688,9/23/2018
0.052,2018,9,23,17,0,Los Angeles-North Main Street,34.06659,-118.22688,9/23/2018
0.045,2018,9,29,17,0,Los Angeles-North Main Street,34.06659,-118.22688,9/29/2018
0.045,2018,9,29,17,0,Los Angeles-North Main Street,34.06659,-118.22688,9/29/2018
0.033,2018,10,5,17,0,Los Angeles-North Main Street,34.06659,-118.22688,10/5/2018
0.033,2018,10,5,17,0,Los Angeles-North Main Street,34.06659,-118.22688,10/5/2018
0.039,2018,10,11,17,0,Los Angeles-North Main Street,34.06659,-118.22688,10/11/2018
0.039,2018,10,11,17,0,Los Angeles-North Main Street,34.06659,-118.22688,10/11/2018
0.041,2018,10,17,17,0,Los Angeles-North Main Street,34.06659,-118.22688,10/17/2018
0.041,2018,10,17,17,0,Los Angeles-North Main Street,34.06659,-118.22688,10/17/2018
0.046,2018,10,29,17,0,Los Angeles-North Main Street,34.06659,-118.22688,10/29/2018
0.057,2018,11,4,17,0,Los Angeles-North Main Street,34.06659,-118.22688,11/4/2018
0.057,2018,11,4,17,0,Los Angeles-North Main Street,34.06659,-118.22688,11/4/2018
0.043,2018,11,10,17,0,Los Angeles-North Main Street,34.06659,-118.22688,11/10/2018
0.043,2018,11,10,17,0,Los Angeles-North Main Street,34.06659,-118.22688,11/10/2018
0.032,2018,11,22,17,0,Los Angeles-North Main Street,34.06659,-118.22688,11/22/2018
0.028,2018,11,28,17,0,Los Angeles-North Main Street,34.06659,-118.22688,11/28/2018
0.028,2018,11,28,17,0,Los Angeles-North Main Street,34.06659,-118.22688,11/28/2018
0.008,2018,12,10,17,0,Los Angeles-North Main Street,34.06659,-118.22688,12/10/2018
0.023,2018,12,16,17,0,Los Angeles-North Main Street,34.06659,-118.22688,12/16/2018
0.014,2018,12,22,17,0,Los Angeles-North Main Street,34.06659,-118.22688,12/22/2018
0.035,2018,12,28,17,0,Los Angeles-North Main Street,34.06659,-118.22688,12/28/2018
0.035,2018,12,28,17,0,Los Angeles-North Main Street,34.06659,-118.22688,12/28/2018
0.021,2018,1,2,17,0,Long Beach (Hudson),33.8025,-118.22,1/2/2018
0.021,2018,1,8,17,0,Long Beach (Hudson),33.8025,-118.22,1/8/2018
0.033,2018,1,14,17,0,Long Beach (Hudson),33.8025,-118.22,1/14/2018
0.036,2018,1,20,17,0,Long Beach (Hudson),33.8025,-118.22,1/20/2018
0.03,2018,1,26,17,0,Long Beach (Hudson),33.8025,-118.22,1/26/2018
0.009,2018,2,1,17,0,Long Beach (Hudson),33.8025,-118.22,2/1/2018
0.027,2018,2,7,17,0,Long Beach (Hudson),33.8025,-118.22,2/7/2018
0.039,2018,2,13,17,0,Long Beach (Hudson),33.8025,-118.22,2/13/2018
0.04,2018,2,19,17,0,Long Beach (Hudson),33.8025,-118.22,2/19/2018
0.047,2018,2,25,17,0,Long Beach (Hudson),33.8025,-118.22,2/25/2018
0.043,2018,3,3,17,0,Long Beach (Hudson),33.8025,-118.22,3/3/2018
0.029,2018,3,9,17,0,Long Beach (Hudson),33.8025,-118.22,3/9/2018
0.04,2018,3,15,17,0,Long Beach (Hudson),33.8025,-118.22,3/15/2018
0.043,2018,3,27,17,0,Long Beach (Hudson),33.8025,-118.22,3/27/2018
0.042,2018,4,2,17,0,Long Beach (Hudson),33.8025,-118.22,4/2/2018
0.043,2018,4,8,17,0,Long Beach (Hudson),33.8025,-118.22,4/8/2018
0.063,2018,4,14,17,0,Long Beach (Hudson),33.8025,-118.22,4/14/2018
0.045,2018,4,20,17,0,Long Beach (Hudson),33.8025,-118.22,4/20/2018
0.04,2018,4,26,17,0,Long Beach (Hudson),33.8025,-118.22,4/26/2018
0.038,2018,5,2,17,0,Long Beach (Hudson),33.8025,-118.22,5/2/2018
0.04,2018,5,8,17,0,Long Beach (Hudson),33.8025,-118.22,5/8/2018
0.038,2018,5,14,17,0,Long Beach (Hudson),33.8025,-118.22,5/14/2018
0.04,2018,5,20,17,0,Long Beach (Hudson),33.8025,-118.22,5/20/2018
0.037,2018,5,26,17,0,Long Beach (Hudson),33.8025,-118.22,5/26/2018
0.041,2018,6,7,14,0,Long Beach (Hudson),33.8025,-118.22,6/7/2018
0.035,2018,6,13,17,0,Long Beach (Hudson),33.8025,-118.22,6/13/2018
0.038,2018,6,25,17,0,Long Beach (Hudson),33.8025,-118.22,6/25/2018
0.037,2018,7,1,17,0,Long Beach (Hudson),33.8025,-118.22,7/1/2018
0.031,2018,7,7,17,0,Long Beach (Hudson),33.8025,-118.22,7/7/2018
0.026,2018,7,13,17,0,Long Beach (Hudson),33.8025,-118.22,7/13/2018
0.029,2018,7,25,17,0,Long Beach (Hudson),33.8025,-118.22,7/25/2018
0.027,2018,7,31,17,0,Long Beach (Hudson),33.8025,-118.22,7/31/2018
0.046,2018,8,6,17,0,Long Beach (Hudson),33.8025,-118.22,8/6/2018
0.023,2018,8,12,17,0,Long Beach (Hudson),33.8025,-118.22,8/12/2018
0.034,2018,8,18,17,0,Long Beach (Hudson),33.8025,-118.22,8/18/2018
0.042,2018,8,24,17,0,Long Beach (Hudson),33.8025,-118.22,8/24/2018
0.032,2018,8,30,17,0,Long Beach (Hudson),33.8025,-118.22,8/30/2018
0.031,2018,9,11,17,0,Long Beach (Hudson),33.8025,-118.22,9/11/2018
0.033,2018,9,17,17,0,Long Beach (Hudson),33.8025,-118.22,9/17/2018
0.04,2018,9,23,17,0,Long Beach (Hudson),33.8025,-118.22,9/23/2018
0.037,2018,9,29,17,0,Long Beach (Hudson),33.8025,-118.22,9/29/2018
0.03,2018,10,5,17,0,Long Beach (Hudson),33.8025,-118.22,10/5/2018
0.032,2018,10,11,17,0,Long Beach (Hudson),33.8025,-118.22,10/11/2018
0.031,2018,10,17,17,0,Long Beach (Hudson),33.8025,-118.22,10/17/2018
0.036,2018,10,23,17,0,Long Beach (Hudson),33.8025,-118.22,10/23/2018
0.034,2018,10,29,17,0,Long Beach (Hudson),33.8025,-118.22,10/29/2018
0.022,2018,11,4,17,0,Long Beach (Hudson),33.8025,-118.22,11/4/2018
0.027,2018,11,10,17,0,Long Beach (Hudson),33.8025,-118.22,11/10/2018
0.018,2018,11,16,17,0,Long Beach (Hudson),33.8025,-118.22,11/16/2018
0.034,2018,11,22,17,0,Long Beach (Hudson),33.8025,-118.22,11/22/2018
0.033,2018,11,28,17,0,Long Beach (Hudson),33.8025,-118.22,11/28/2018
0.003,2018,12,10,17,0,Long Beach (Hudson),33.8025,-118.22,12/10/2018
0.028,2018,12,16,17,0,Long Beach (Hudson),33.8025,-118.22,12/16/2018
0.017,2018,12,22,17,0,Long Beach (Hudson),33.8025,-118.22,12/22/2018
0.027,2018,12,28,17,0,Long Beach (Hudson),33.8025,-118.22,12/28/2018
0.042,2018,2,13,17,0,LAX Hastings,33.95507,-118.43049,2/13/2018
0.045,2018,2,19,17,0,LAX Hastings,33.95507,-118.43049,2/19/2018
0.049,2018,2,25,17,0,LAX Hastings,33.95507,-118.43049,2/25/2018
0.038,2018,3,7,17,0,LAX Hastings,33.95507,-118.43049,3/7/2018
0.036,2018,3,9,17,0,LAX Hastings,33.95507,-118.43049,3/9/2018
0.045,2018,3,15,17,0,LAX Hastings,33.95507,-118.43049,3/15/2018
0.035,2018,3,21,17,0,LAX Hastings,33.95507,-118.43049,3/21/2018
0.05,2018,3,27,17,0,LAX Hastings,33.95507,-118.43049,3/27/2018
0.056,2018,5,8,17,0,LAX Hastings,33.95507,-118.43049,5/8/2018
0.043,2018,5,14,17,0,LAX Hastings,33.95507,-118.43049,5/14/2018
0.044,2018,5,20,17,0,LAX Hastings,33.95507,-118.43049,5/20/2018
0.038,2018,5,26,17,0,LAX Hastings,33.95507,-118.43049,5/26/2018
0.04,2018,6,1,17,0,LAX Hastings,33.95507,-118.43049,6/1/2018
0.045,2018,6,7,17,0,LAX Hastings,33.95507,-118.43049,6/7/2018
0.044,2018,6,13,17,0,LAX Hastings,33.95507,-118.43049,6/13/2018
0.042,2018,6,19,17,0,LAX Hastings,33.95507,-118.43049,6/19/2018
0.041,2018,6,25,17,0,LAX Hastings,33.95507,-118.43049,6/25/2018
0.039,2018,7,1,17,0,LAX Hastings,33.95507,-118.43049,7/1/2018
0.045,2018,7,7,17,0,LAX Hastings,33.95507,-118.43049,7/7/2018
0.029,2018,7,13,17,0,LAX Hastings,33.95507,-118.43049,7/13/2018
0.031,2018,7,19,17,0,LAX Hastings,33.95507,-118.43049,7/19/2018
0.045,2018,7,25,17,0,LAX Hastings,33.95507,-118.43049,7/25/2018
0.033,2018,7,31,17,0,LAX Hastings,33.95507,-118.43049,7/31/2018
0.042,2018,8,6,17,0,LAX Hastings,33.95507,-118.43049,8/6/2018
0.029,2018,8,12,17,0,LAX Hastings,33.95507,-118.43049,8/12/2018
0.041,2018,8,18,17,0,LAX Hastings,33.95507,-118.43049,8/18/2018
0.055,2018,8,24,17,0,LAX Hastings,33.95507,-118.43049,8/24/2018
0.042,2018,8,30,17,0,LAX Hastings,33.95507,-118.43049,8/30/2018
0.042,2018,9,5,17,0,LAX Hastings,33.95507,-118.43049,9/5/2018
0.048,2018,9,11,17,0,LAX Hastings,33.95507,-118.43049,9/11/2018
0.044,2018,9,29,17,0,LAX Hastings,33.95507,-118.43049,9/29/2018
0.036,2018,10,5,14,0,LAX Hastings,33.95507,-118.43049,10/5/2018
0.041,2018,10,11,17,0,LAX Hastings,33.95507,-118.43049,10/11/2018
0.037,2018,10,17,17,0,LAX Hastings,33.95507,-118.43049,10/17/2018
0.059,2018,10,29,17,0,LAX Hastings,33.95507,-118.43049,10/29/2018
0.049,2018,11,4,17,0,LAX Hastings,33.95507,-118.43049,11/4/2018
0.048,2018,11,10,17,0,LAX Hastings,33.95507,-118.43049,11/10/2018
0.03,2018,11,16,17,0,LAX Hastings,33.95507,-118.43049,11/16/2018
0.04,2018,11,22,17,0,LAX Hastings,33.95507,-118.43049,11/22/2018
0.041,2018,11,28,17,0,LAX Hastings,33.95507,-118.43049,11/28/2018
0.038,2018,12,4,17,0,LAX Hastings,33.95507,-118.43049,12/4/2018
0.018,2018,12,10,17,0,LAX Hastings,33.95507,-118.43049,12/10/2018
0.036,2018,12,16,17,0,LAX Hastings,33.95507,-118.43049,12/16/2018
0.027,2018,12,22,17,0,LAX Hastings,33.95507,-118.43049,12/22/2018
0.038,2018,12,28,17,0,LAX Hastings,33.95507,-118.43049,12/28/2018
0.022,2020,1,4,17,0,Los Angeles-North Main Street,34.06659,-118.22688,1/4/2020
0.022,2020,1,4,17,0,Los Angeles-North Main Street,34.06659,-118.22688,1/4/2020
0.022,2020,1,4,17,0,Los Angeles-North Main Street,34.06659,-118.22688,1/4/2020
0.022,2020,1,4,17,0,Los Angeles-North Main Street,34.06659,-118.22688,1/4/2020
0.019,2020,1,10,17,0,Los Angeles-North Main Street,34.06659,-118.22688,1/10/2020
0.019,2020,1,10,17,0,Los Angeles-North Main Street,34.06659,-118.22688,1/10/2020
0.019,2020,1,10,17,0,Los Angeles-North Main Street,34.06659,-118.22688,1/10/2020
0.019,2020,1,10,17,0,Los Angeles-North Main Street,34.06659,-118.22688,1/10/2020
0.039,2020,2,21,17,0,Los Angeles-North Main Street,34.06659,-118.22688,2/21/2020
0.039,2020,2,21,17,0,Los Angeles-North Main Street,34.06659,-118.22688,2/21/2020
0.039,2020,2,21,17,0,Los Angeles-North Main Street,34.06659,-118.22688,2/21/2020
0.039,2020,2,21,17,0,Los Angeles-North Main Street,34.06659,-118.22688,2/21/2020
0.029,2020,2,27,17,0,Los Angeles-North Main Street,34.06659,-118.22688,2/27/2020
0.029,2020,2,27,17,0,Los Angeles-North Main Street,34.06659,-118.22688,2/27/2020
0.029,2020,2,27,17,0,Los Angeles-North Main Street,34.06659,-118.22688,2/27/2020
0.029,2020,2,27,17,0,Los Angeles-North Main Street,34.06659,-118.22688,2/27/2020
0.03,2020,3,4,17,0,Los Angeles-North Main Street,34.06659,-118.22688,3/4/2020
0.03,2020,3,4,17,0,Los Angeles-North Main Street,34.06659,-118.22688,3/4/2020
0.03,2020,3,4,17,0,Los Angeles-North Main Street,34.06659,-118.22688,3/4/2020
0.03,2020,3,4,17,0,Los Angeles-North Main Street,34.06659,-118.22688,3/4/2020
0.017,2020,3,10,17,0,Los Angeles-North Main Street,34.06659,-118.22688,3/10/2020
0.017,2020,3,10,17,0,Los Angeles-North Main Street,34.06659,-118.22688,3/10/2020
0.017,2020,3,10,17,0,Los Angeles-North Main Street,34.06659,-118.22688,3/10/2020
0.017,2020,3,10,17,0,Los Angeles-North Main Street,34.06659,-118.22688,3/10/2020
0.028,2020,3,16,17,0,Los Angeles-North Main Street,34.06659,-118.22688,3/16/2020
0.028,2020,3,16,17,0,Los Angeles-North Main Street,34.06659,-118.22688,3/16/2020
0.028,2020,3,16,17,0,Los Angeles-North Main Street,34.06659,-118.22688,3/16/2020
0.028,2020,3,16,17,0,Los Angeles-North Main Street,34.06659,-118.22688,3/16/2020
0.034,2020,3,22,17,0,Los Angeles-North Main Street,34.06659,-118.22688,3/22/2020
0.049,2020,7,2,17,0,Los Angeles-North Main Street,34.06659,-118.22688,7/2/2020
0.049,2020,7,2,17,0,Los Angeles-North Main Street,34.06659,-118.22688,7/2/2020
0.049,2020,7,2,17,0,Los Angeles-North Main Street,34.06659,-118.22688,7/2/2020
0.049,2020,7,2,17,0,Los Angeles-North Main Street,34.06659,-118.22688,7/2/2020
0.051,2020,7,8,17,0,Los Angeles-North Main Street,34.06659,-118.22688,7/8/2020
0.051,2020,7,8,17,0,Los Angeles-North Main Street,34.06659,-118.22688,7/8/2020
0.051,2020,7,8,17,0,Los Angeles-North Main Street,34.06659,-118.22688,7/8/2020
0.051,2020,7,8,17,0,Los Angeles-North Main Street,34.06659,-118.22688,7/8/2020
0.046,2020,7,14,17,0,Los Angeles-North Main Street,34.06659,-118.22688,7/14/2020
0.046,2020,7,14,17,0,Los Angeles-North Main Street,34.06659,-118.22688,7/14/2020
0.042,2020,7,20,17,0,Los Angeles-North Main Street,34.06659,-118.22688,7/20/2020
0.042,2020,7,20,17,0,Los Angeles-North Main Street,34.06659,-118.22688,7/20/2020
0.045,2020,7,26,17,0,Los Angeles-North Main Street,34.06659,-118.22688,7/26/2020
0.045,2020,7,26,17,0,Los Angeles-North Main Street,34.06659,-118.22688,7/26/2020
0.054,2020,8,1,17,0,Los Angeles-North Main Street,34.06659,-118.22688,8/1/2020
0.054,2020,8,1,17,0,Los Angeles-North Main Street,34.06659,-118.22688,8/1/2020
0.048,2020,8,7,17,0,Los Angeles-North Main Street,34.06659,-118.22688,8/7/2020
0.048,2020,8,7,17,0,Los Angeles-North Main Street,34.06659,-118.22688,8/7/2020
0.071,2020,8,15,17,0,Los Angeles-North Main Street,34.06659,-118.22688,8/15/2020
0.071,2020,8,15,17,0,Los Angeles-North Main Street,34.06659,-118.22688,8/15/2020
0.065,2020,8,19,17,0,Los Angeles-North Main Street,34.06659,-118.22688,8/19/2020
0.065,2020,8,19,17,0,Los Angeles-North Main Street,34.06659,-118.22688,8/19/2020
0.037,2020,8,25,17,0,Los Angeles-North Main Street,34.06659,-118.22688,8/25/2020
0.037,2020,8,25,17,0,Los Angeles-North Main Street,34.06659,-118.22688,8/25/2020
0.051,2020,8,31,17,0,Los Angeles-North Main Street,34.06659,-118.22688,8/31/2020
0.051,2020,8,31,17,0,Los Angeles-North Main Street,34.06659,-118.22688,8/31/2020
0.118,2020,9,6,17,0,Los Angeles-North Main Street,34.06659,-118.22688,9/6/2020
0.118,2020,9,6,17,0,Los Angeles-North Main Street,34.06659,-118.22688,9/6/2020
0.045,2020,9,12,17,0,Los Angeles-North Main Street,34.06659,-118.22688,9/12/2020
0.045,2020,9,12,17,0,Los Angeles-North Main Street,34.06659,-118.22688,9/12/2020
0.076,2020,9,18,17,0,Los Angeles-North Main Street,34.06659,-118.22688,9/18/2020
0.076,2020,9,18,17,0,Los Angeles-North Main Street,34.06659,-118.22688,9/18/2020
0.067,2020,9,24,17,0,Los Angeles-North Main Street,34.06659,-118.22688,9/24/2020
0.067,2020,9,24,17,0,Los Angeles-North Main Street,34.06659,-118.22688,9/24/2020
0.069,2020,9,30,17,0,Los Angeles-North Main Street,34.06659,-118.22688,9/30/2020
0.069,2020,9,30,17,0,Los Angeles-North Main Street,34.06659,-118.22688,9/30/2020
0.074,2020,10,6,17,0,Los Angeles-North Main Street,34.06659,-118.22688,10/6/2020
0.074,2020,10,6,17,0,Los Angeles-North Main Street,34.06659,-118.22688,10/6/2020
0.064,2020,10,12,17,0,Los Angeles-North Main Street,34.06659,-118.22688,10/12/2020
0.064,2020,10,12,17,0,Los Angeles-North Main Street,34.06659,-118.22688,10/12/2020
0.06,2020,10,18,17,0,Los Angeles-North Main Street,34.06659,-118.22688,10/18/2020
0.06,2020,10,18,17,0,Los Angeles-North Main Street,34.06659,-118.22688,10/18/2020
0.062,2020,10,28,17,0,Los Angeles-North Main Street,34.06659,-118.22688,10/28/2020
0.062,2020,10,28,17,0,Los Angeles-North Main Street,34.06659,-118.22688,10/28/2020
0.051,2020,10,30,17,0,Los Angeles-North Main Street,34.06659,-118.22688,10/30/2020
0.051,2020,10,30,17,0,Los Angeles-North Main Street,34.06659,-118.22688,10/30/2020
0.025,2020,11,5,13,0,Los Angeles-North Main Street,34.06659,-118.22688,11/5/2020
0.036,2020,11,11,17,0,Los Angeles-North Main Street,34.06659,-118.22688,11/11/2020
0.036,2020,11,11,17,0,Los Angeles-North Main Street,34.06659,-118.22688,11/11/2020
0.036,2020,11,11,17,0,Los Angeles-North Main Street,34.06659,-118.22688,11/11/2020
0.036,2020,11,11,17,0,Los Angeles-North Main Street,34.06659,-118.22688,11/11/2020
0.037,2020,11,17,17,0,Los Angeles-North Main Street,34.06659,-118.22688,11/17/2020
0.037,2020,11,17,17,0,Los Angeles-North Main Street,34.06659,-118.22688,11/17/2020
0.037,2020,11,17,17,0,Los Angeles-North Main Street,34.06659,-118.22688,11/17/2020
0.037,2020,11,17,17,0,Los Angeles-North Main Street,34.06659,-118.22688,11/17/2020
0.032,2020,11,23,17,0,Los Angeles-North Main Street,34.06659,-118.22688,11/23/2020
0.032,2020,11,23,17,0,Los Angeles-North Main Street,34.06659,-118.22688,11/23/2020
0.032,2020,11,23,17,0,Los Angeles-North Main Street,34.06659,-118.22688,11/23/2020
0.032,2020,11,23,17,0,Los Angeles-North Main Street,34.06659,-118.22688,11/23/2020
0.042,2020,11,29,17,0,Los Angeles-North Main Street,34.06659,-118.22688,11/29/2020
0.042,2020,11,29,17,0,Los Angeles-North Main Street,34.06659,-118.22688,11/29/2020
0.042,2020,11,29,17,0,Los Angeles-North Main Street,34.06659,-118.22688,11/29/2020
0.042,2020,11,29,17,0,Los Angeles-North Main Street,34.06659,-118.22688,11/29/2020
0.025,2020,12,5,17,0,Los Angeles-North Main Street,34.06659,-118.22688,12/5/2020
0.025,2020,12,5,17,0,Los Angeles-North Main Street,34.06659,-118.22688,12/5/2020
0.025,2020,12,5,17,0,Los Angeles-North Main Street,34.06659,-118.22688,12/5/2020
0.025,2020,12,5,17,0,Los Angeles-North Main Street,34.06659,-118.22688,12/5/2020
0.037,2020,12,11,13,0,Los Angeles-North Main Street,34.06659,-118.22688,12/11/2020
0.037,2020,12,11,13,0,Los Angeles-North Main Street,34.06659,-118.22688,12/11/2020
0.026,2020,12,17,17,0,Los Angeles-North Main Street,34.06659,-118.22688,12/17/2020
0.026,2020,12,17,17,0,Los Angeles-North Main Street,34.06659,-118.22688,12/17/2020
0.016,2020,12,23,17,0,Los Angeles-North Main Street,34.06659,-118.22688,12/23/2020
0.016,2020,12,23,17,0,Los Angeles-North Main Street,34.06659,-118.22688,12/23/2020
0.029,2020,12,29,17,0,Los Angeles-North Main Street,34.06659,-118.22688,12/29/2020
0.029,2020,12,29,17,0,Los Angeles-North Main Street,34.06659,-118.22688,12/29/2020
0.029,2020,12,29,17,0,Los Angeles-North Main Street,34.06659,-118.22688,12/29/2020
0.029,2020,12,29,17,0,Los Angeles-North Main Street,34.06659,-118.22688,12/29/2020
0.036,2020,1,4,17,0,LAX Hastings,33.95507,-118.43049,1/4/2020
0.022,2020,1,10,17,0,LAX Hastings,33.95507,-118.43049,1/10/2020
0.036,2020,1,16,17,0,LAX Hastings,33.95507,-118.43049,1/16/2020
0.033,2020,1,22,17,0,LAX Hastings,33.95507,-118.43049,1/22/2020
0.038,2020,1,28,17,0,LAX Hastings,33.95507,-118.43049,1/28/2020
0.038,2020,2,3,17,0,LAX Hastings,33.95507,-118.43049,2/3/2020
0.035,2020,2,9,17,0,LAX Hastings,33.95507,-118.43049,2/9/2020
0.045,2020,2,15,17,0,LAX Hastings,33.95507,-118.43049,2/15/2020
0.047,2020,2,21,17,0,LAX Hastings,33.95507,-118.43049,2/21/2020
0.04,2020,2,27,17,0,LAX Hastings,33.95507,-118.43049,2/27/2020
0.036,2020,3,4,17,0,LAX Hastings,33.95507,-118.43049,3/4/2020
0.028,2020,7,2,24,0,LAX Hastings,33.95507,-118.43049,7/2/2020
0.034,2020,7,8,17,0,LAX Hastings,33.95507,-118.43049,7/8/2020
0.034,2020,7,14,14,0,LAX Hastings,33.95507,-118.43049,7/14/2020
0.031,2020,7,20,17,0,LAX Hastings,33.95507,-118.43049,7/20/2020
0.03,2020,7,26,17,0,LAX Hastings,33.95507,-118.43049,7/26/2020
0.031,2020,8,1,17,0,LAX Hastings,33.95507,-118.43049,8/1/2020
0.034,2020,8,7,17,0,LAX Hastings,33.95507,-118.43049,8/7/2020
0.029,2020,8,19,17,0,LAX Hastings,33.95507,-118.43049,8/19/2020
0.034,2020,8,27,17,0,LAX Hastings,33.95507,-118.43049,8/27/2020
0.039,2020,8,31,17,0,LAX Hastings,33.95507,-118.43049,8/31/2020
0.074,2020,9,6,17,0,LAX Hastings,33.95507,-118.43049,9/6/2020
0.032,2020,9,12,17,0,LAX Hastings,33.95507,-118.43049,9/12/2020
0.046,2020,9,18,17,0,LAX Hastings,33.95507,-118.43049,9/18/2020
0.04,2020,9,24,17,0,LAX Hastings,33.95507,-118.43049,9/24/2020
0.048,2020,9,30,17,0,LAX Hastings,33.95507,-118.43049,9/30/2020
0.054,2020,10,6,17,0,LAX Hastings,33.95507,-118.43049,10/6/2020
0.043,2020,10,12,17,0,LAX Hastings,33.95507,-118.43049,10/12/2020
0.044,2020,10,18,17,0,LAX Hastings,33.95507,-118.43049,10/18/2020
0.032,2020,10,24,17,0,LAX Hastings,33.95507,-118.43049,10/24/2020
0.041,2020,10,30,17,0,LAX Hastings,33.95507,-118.43049,10/30/2020
0.035,2020,11,11,17,0,LAX Hastings,33.95507,-118.43049,11/11/2020
0.039,2020,11,17,15,0,LAX Hastings,33.95507,-118.43049,11/17/2020
0.027,2020,12,5,17,0,LAX Hastings,33.95507,-118.43049,12/5/2020
0.037,2020,12,11,18,0,LAX Hastings,33.95507,-118.43049,12/11/2020
0.031,2020,12,17,17,0,LAX Hastings,33.95507,-118.43049,12/17/2020
0.022,2020,12,23,17,0,LAX Hastings,33.95507,-118.43049,12/23/2020
0.03,2020,12,29,17,0,LAX Hastings,33.95507,-118.43049,12/29/2020
