NO2 AQI,DMax NO2,NO2-WEIGHT,Year,Month,Day,Site Name,Lat,Lng,Date
12,13.6,24,2016,1,2,Cheyenne NCore,41.18222711,-104.7783342,1/2/2016
34,36,22,2016,1,3,Cheyenne NCore,41.18222711,-104.7783342,1/3/2016
37,39.5,24,2016,1,4,Cheyenne NCore,41.18222711,-104.7783342,1/4/2016
10,11.3,23,2016,1,5,Cheyenne NCore,41.18222711,-104.7783342,1/5/2016
24,25.4,24,2016,1,6,Cheyenne NCore,41.18222711,-104.7783342,1/6/2016
12,13.5,23,2016,1,7,Cheyenne NCore,41.18222711,-104.7783342,1/7/2016
13,14.1,24,2016,1,8,Cheyenne NCore,41.18222711,-104.7783342,1/8/2016
26,28.7,23,2016,1,9,Cheyenne NCore,41.18222711,-104.7783342,1/9/2016
8,8.5,23,2016,1,10,Cheyenne NCore,41.18222711,-104.7783342,1/10/2016
10,11.9,23,2016,1,11,Cheyenne NCore,41.18222711,-104.7783342,1/11/2016
8,8.3,24,2016,1,12,Cheyenne NCore,41.18222711,-104.7783342,1/12/2016
8,8.4,23,2016,1,13,Cheyenne NCore,41.18222711,-104.7783342,1/13/2016
3,3.1,24,2016,1,14,Cheyenne NCore,41.18222711,-104.7783342,1/14/2016
4,4.5,23,2016,1,15,Cheyenne NCore,41.18222711,-104.7783342,1/15/2016
3,3.3,24,2016,1,16,Cheyenne NCore,41.18222711,-104.7783342,1/16/2016
13,14.3,22,2016,1,17,Cheyenne NCore,41.18222711,-104.7783342,1/17/2016
3,3.9,24,2016,1,18,Cheyenne NCore,41.18222711,-104.7783342,1/18/2016
24,25.5,23,2016,1,19,Cheyenne NCore,41.18222711,-104.7783342,1/19/2016
8,8.7,23,2016,1,20,Cheyenne NCore,41.18222711,-104.7783342,1/20/2016
5,5.5,22,2016,1,21,Cheyenne NCore,41.18222711,-104.7783342,1/21/2016
31,33.6,24,2016,1,22,Cheyenne NCore,41.18222711,-104.7783342,1/22/2016
31,33.9,23,2016,1,23,Cheyenne NCore,41.18222711,-104.7783342,1/23/2016
8,9.1,23,2016,1,24,Cheyenne NCore,41.18222711,-104.7783342,1/24/2016
1,1.9,23,2016,1,25,Cheyenne NCore,41.18222711,-104.7783342,1/25/2016
8,9,24,2016,1,26,Cheyenne NCore,41.18222711,-104.7783342,1/26/2016
3,3.4,23,2016,1,27,Cheyenne NCore,41.18222711,-104.7783342,1/27/2016
4,4,24,2016,1,28,Cheyenne NCore,41.18222711,-104.7783342,1/28/2016
10,11.6,23,2016,1,29,Cheyenne NCore,41.18222711,-104.7783342,1/29/2016
4,4.3,24,2016,1,30,Cheyenne NCore,41.18222711,-104.7783342,1/30/2016
2,2.8,22,2016,1,31,Cheyenne NCore,41.18222711,-104.7783342,1/31/2016
2,2.7,24,2016,2,1,Cheyenne NCore,41.18222711,-104.7783342,2/1/2016
1,1.7,23,2016,2,2,Cheyenne NCore,41.18222711,-104.7783342,2/2/2016
4,4.9,24,2016,2,3,Cheyenne NCore,41.18222711,-104.7783342,2/3/2016
2,2.4,23,2016,2,4,Cheyenne NCore,41.18222711,-104.7783342,2/4/2016
2,2.5,24,2016,2,5,Cheyenne NCore,41.18222711,-104.7783342,2/5/2016
1,1.9,23,2016,2,6,Cheyenne NCore,41.18222711,-104.7783342,2/6/2016
2,2.7,23,2016,2,7,Cheyenne NCore,41.18222711,-104.7783342,2/7/2016
1,1.7,23,2016,2,8,Cheyenne NCore,41.18222711,-104.7783342,2/8/2016
3,3.2,24,2016,2,9,Cheyenne NCore,41.18222711,-104.7783342,2/9/2016
2,2.4,23,2016,2,10,Cheyenne NCore,41.18222711,-104.7783342,2/10/2016
4,4.4,24,2016,2,11,Cheyenne NCore,41.18222711,-104.7783342,2/11/2016
21,22.8,23,2016,2,12,Cheyenne NCore,41.18222711,-104.7783342,2/12/2016
16,17.8,24,2016,2,13,Cheyenne NCore,41.18222711,-104.7783342,2/13/2016
2,2.9,22,2016,2,14,Cheyenne NCore,41.18222711,-104.7783342,2/14/2016
3,3.6,24,2016,2,15,Cheyenne NCore,41.18222711,-104.7783342,2/15/2016
9,10.1,23,2016,2,16,Cheyenne NCore,41.18222711,-104.7783342,2/16/2016
28,30.2,24,2016,2,17,Cheyenne NCore,41.18222711,-104.7783342,2/17/2016
11,12.4,23,2016,2,18,Cheyenne NCore,41.18222711,-104.7783342,2/18/2016
16,17.9,23,2016,2,21,Cheyenne NCore,41.18222711,-104.7783342,2/21/2016
18,19.2,22,2016,2,22,Cheyenne NCore,41.18222711,-104.7783342,2/22/2016
2,2.6,24,2016,2,23,Cheyenne NCore,41.18222711,-104.7783342,2/23/2016
2,2.5,23,2016,2,24,Cheyenne NCore,41.18222711,-104.7783342,2/24/2016
26,28.5,24,2016,2,25,Cheyenne NCore,41.18222711,-104.7783342,2/25/2016
16,17.4,23,2016,2,26,Cheyenne NCore,41.18222711,-104.7783342,2/26/2016
4,4.9,24,2016,2,27,Cheyenne NCore,41.18222711,-104.7783342,2/27/2016
8,8.6,22,2016,2,28,Cheyenne NCore,41.18222711,-104.7783342,2/28/2016
4,4.3,24,2016,2,29,Cheyenne NCore,41.18222711,-104.7783342,2/29/2016
3,3,23,2016,3,1,Cheyenne NCore,41.18222711,-104.7783342,3/1/2016
1,1.3,24,2016,3,2,Cheyenne NCore,41.18222711,-104.7783342,3/2/2016
10,11.6,23,2016,3,3,Cheyenne NCore,41.18222711,-104.7783342,3/3/2016
16,17.2,24,2016,3,4,Cheyenne NCore,41.18222711,-104.7783342,3/4/2016
33,35.7,23,2016,3,5,Cheyenne NCore,41.18222711,-104.7783342,3/5/2016
3,3.6,23,2016,3,6,Cheyenne NCore,41.18222711,-104.7783342,3/6/2016
10,11.1,24,2016,3,12,Cheyenne NCore,41.18222711,-104.7783342,3/12/2016
3,3.4,22,2016,3,13,Cheyenne NCore,41.18222711,-104.7783342,3/13/2016
17,18,24,2016,3,14,Cheyenne NCore,41.18222711,-104.7783342,3/14/2016
1,1.4,23,2016,3,15,Cheyenne NCore,41.18222711,-104.7783342,3/15/2016
2,2.8,24,2016,3,16,Cheyenne NCore,41.18222711,-104.7783342,3/16/2016
3,3.5,23,2016,3,17,Cheyenne NCore,41.18222711,-104.7783342,3/17/2016
2,2.6,24,2016,3,18,Cheyenne NCore,41.18222711,-104.7783342,3/18/2016
4,4.2,23,2016,3,19,Cheyenne NCore,41.18222711,-104.7783342,3/19/2016
23,24.5,23,2016,3,20,Cheyenne NCore,41.18222711,-104.7783342,3/20/2016
18,19.3,23,2016,3,21,Cheyenne NCore,41.18222711,-104.7783342,3/21/2016
25,26.5,24,2016,3,22,Cheyenne NCore,41.18222711,-104.7783342,3/22/2016
2,2,23,2016,3,23,Cheyenne NCore,41.18222711,-104.7783342,3/23/2016
8,8.9,24,2016,3,24,Cheyenne NCore,41.18222711,-104.7783342,3/24/2016
9,10.9,23,2016,3,25,Cheyenne NCore,41.18222711,-104.7783342,3/25/2016
25,27.6,24,2016,3,26,Cheyenne NCore,41.18222711,-104.7783342,3/26/2016
22,23.5,22,2016,3,27,Cheyenne NCore,41.18222711,-104.7783342,3/27/2016
21,22.6,23,2016,3,28,Cheyenne NCore,41.18222711,-104.7783342,3/28/2016
1,1.6,24,2016,3,30,Cheyenne NCore,41.18222711,-104.7783342,3/30/2016
1,1.3,23,2016,3,31,Cheyenne NCore,41.18222711,-104.7783342,3/31/2016
1,1.9,24,2016,4,1,Cheyenne NCore,41.18222711,-104.7783342,4/1/2016
5,5.2,23,2016,4,2,Cheyenne NCore,41.18222711,-104.7783342,4/2/2016
24,25,23,2016,4,3,Cheyenne NCore,41.18222711,-104.7783342,4/3/2016
3,3.4,24,2016,4,5,Cheyenne NCore,41.18222711,-104.7783342,4/5/2016
1,1.6,23,2016,4,6,Cheyenne NCore,41.18222711,-104.7783342,4/6/2016
10,11.4,24,2016,4,7,Cheyenne NCore,41.18222711,-104.7783342,4/7/2016
6,6.9,23,2016,4,8,Cheyenne NCore,41.18222711,-104.7783342,4/8/2016
20,21.2,24,2016,4,9,Cheyenne NCore,41.18222711,-104.7783342,4/9/2016
3,3.3,22,2016,4,10,Cheyenne NCore,41.18222711,-104.7783342,4/10/2016
15,16.7,24,2016,4,11,Cheyenne NCore,41.18222711,-104.7783342,4/11/2016
13,14.2,23,2016,4,12,Cheyenne NCore,41.18222711,-104.7783342,4/12/2016
12,13.8,24,2016,4,13,Cheyenne NCore,41.18222711,-104.7783342,4/13/2016
11,12.5,23,2016,4,14,Cheyenne NCore,41.18222711,-104.7783342,4/14/2016
2,2.1,24,2016,4,15,Cheyenne NCore,41.18222711,-104.7783342,4/15/2016
1,1.3,23,2016,4,16,Cheyenne NCore,41.18222711,-104.7783342,4/16/2016
2,2,23,2016,4,17,Cheyenne NCore,41.18222711,-104.7783342,4/17/2016
14,15.6,24,2016,4,19,Cheyenne NCore,41.18222711,-104.7783342,4/19/2016
9,10,23,2016,4,20,Cheyenne NCore,41.18222711,-104.7783342,4/20/2016
23,24.8,23,2016,4,22,Cheyenne NCore,41.18222711,-104.7783342,4/22/2016
14,15.3,24,2016,4,23,Cheyenne NCore,41.18222711,-104.7783342,4/23/2016
2,2.6,22,2016,4,24,Cheyenne NCore,41.18222711,-104.7783342,4/24/2016
11,12.7,24,2016,4,25,Cheyenne NCore,41.18222711,-104.7783342,4/25/2016
1,1.7,23,2016,4,26,Cheyenne NCore,41.18222711,-104.7783342,4/26/2016
1,1.7,24,2016,4,27,Cheyenne NCore,41.18222711,-104.7783342,4/27/2016
4,4.3,23,2016,4,28,Cheyenne NCore,41.18222711,-104.7783342,4/28/2016
1,1.8,24,2016,4,29,Cheyenne NCore,41.18222711,-104.7783342,4/29/2016
1,1.1,23,2016,4,30,Cheyenne NCore,41.18222711,-104.7783342,4/30/2016
3,3.5,23,2016,5,1,Cheyenne NCore,41.18222711,-104.7783342,5/1/2016
3,3.7,24,2016,5,3,Cheyenne NCore,41.18222711,-104.7783342,5/3/2016
12,13.1,23,2016,5,4,Cheyenne NCore,41.18222711,-104.7783342,5/4/2016
11,12.7,24,2016,5,5,Cheyenne NCore,41.18222711,-104.7783342,5/5/2016
14,15.2,23,2016,5,6,Cheyenne NCore,41.18222711,-104.7783342,5/6/2016
3,3.6,24,2016,5,7,Cheyenne NCore,41.18222711,-104.7783342,5/7/2016
6,6.2,22,2016,5,8,Cheyenne NCore,41.18222711,-104.7783342,5/8/2016
8,9.1,24,2016,5,9,Cheyenne NCore,41.18222711,-104.7783342,5/9/2016
2,2.9,23,2016,5,10,Cheyenne NCore,41.18222711,-104.7783342,5/10/2016
17,18.8,23,2016,5,12,Cheyenne NCore,41.18222711,-104.7783342,5/12/2016
4,4.3,24,2016,5,13,Cheyenne NCore,41.18222711,-104.7783342,5/13/2016
2,2.8,23,2016,5,14,Cheyenne NCore,41.18222711,-104.7783342,5/14/2016
3,3.2,23,2016,5,15,Cheyenne NCore,41.18222711,-104.7783342,5/15/2016
4,4.4,24,2016,5,17,Cheyenne NCore,41.18222711,-104.7783342,5/17/2016
6,6.5,23,2016,5,18,Cheyenne NCore,41.18222711,-104.7783342,5/18/2016
13,14.6,24,2016,5,19,Cheyenne NCore,41.18222711,-104.7783342,5/19/2016
21,22.8,23,2016,5,20,Cheyenne NCore,41.18222711,-104.7783342,5/20/2016
3,3.5,24,2016,5,21,Cheyenne NCore,41.18222711,-104.7783342,5/21/2016
2,2.6,22,2016,5,22,Cheyenne NCore,41.18222711,-104.7783342,5/22/2016
9,10.9,24,2016,5,23,Cheyenne NCore,41.18222711,-104.7783342,5/23/2016
14,15.8,23,2016,5,24,Cheyenne NCore,41.18222711,-104.7783342,5/24/2016
7,7.2,24,2016,5,25,Cheyenne NCore,41.18222711,-104.7783342,5/25/2016
9,10.3,23,2016,5,26,Cheyenne NCore,41.18222711,-104.7783342,5/26/2016
9,10.1,24,2016,5,27,Cheyenne NCore,41.18222711,-104.7783342,5/27/2016
7,7.8,23,2016,5,28,Cheyenne NCore,41.18222711,-104.7783342,5/28/2016
26,28.8,23,2016,5,29,Cheyenne NCore,41.18222711,-104.7783342,5/29/2016
10,11.7,24,2016,8,13,Cheyenne NCore,41.18222711,-104.7783342,8/13/2016
8,9,21,2016,8,14,Cheyenne NCore,41.18222711,-104.7783342,8/14/2016
5,5.4,24,2016,8,15,Cheyenne NCore,41.18222711,-104.7783342,8/15/2016
17,18,24,2016,8,17,Cheyenne NCore,41.18222711,-104.7783342,8/17/2016
4,4.1,22,2016,8,18,Cheyenne NCore,41.18222711,-104.7783342,8/18/2016
5,5.7,24,2016,8,19,Cheyenne NCore,41.18222711,-104.7783342,8/19/2016
8,9.9,22,2016,8,20,Cheyenne NCore,41.18222711,-104.7783342,8/20/2016
12,13,23,2016,8,21,Cheyenne NCore,41.18222711,-104.7783342,8/21/2016
24,25.2,24,2016,8,27,Cheyenne NCore,41.18222711,-104.7783342,8/27/2016
13,14.5,24,2016,8,29,Cheyenne NCore,41.18222711,-104.7783342,8/29/2016
8,9.3,24,2016,9,2,Cheyenne NCore,41.18222711,-104.7783342,9/2/2016
15,16.3,23,2016,9,3,Cheyenne NCore,41.18222711,-104.7783342,9/3/2016
13,14.8,23,2016,9,4,Cheyenne NCore,41.18222711,-104.7783342,9/4/2016
21,22.6,23,2016,9,5,Cheyenne NCore,41.18222711,-104.7783342,9/5/2016
4,4.5,24,2016,9,6,Cheyenne NCore,41.18222711,-104.7783342,9/6/2016
10,11.4,24,2016,9,8,Cheyenne NCore,41.18222711,-104.7783342,9/8/2016
4,4.9,23,2016,9,9,Cheyenne NCore,41.18222711,-104.7783342,9/9/2016
15,16.1,24,2016,9,10,Cheyenne NCore,41.18222711,-104.7783342,9/10/2016
4,4.5,22,2016,9,11,Cheyenne NCore,41.18222711,-104.7783342,9/11/2016
2,2.2,24,2016,9,12,Cheyenne NCore,41.18222711,-104.7783342,9/12/2016
4,4.8,23,2016,9,13,Cheyenne NCore,41.18222711,-104.7783342,9/13/2016
7,7.2,24,2016,9,14,Cheyenne NCore,41.18222711,-104.7783342,9/14/2016
16,17.5,23,2016,9,17,Cheyenne NCore,41.18222711,-104.7783342,9/17/2016
3,3.9,23,2016,9,21,Cheyenne NCore,41.18222711,-104.7783342,9/21/2016
8,9.2,24,2016,9,22,Cheyenne NCore,41.18222711,-104.7783342,9/22/2016
8,8.9,23,2016,9,23,Cheyenne NCore,41.18222711,-104.7783342,9/23/2016
7,7.1,24,2016,9,24,Cheyenne NCore,41.18222711,-104.7783342,9/24/2016
14,15.7,22,2016,9,25,Cheyenne NCore,41.18222711,-104.7783342,9/25/2016
9,10.1,24,2016,9,26,Cheyenne NCore,41.18222711,-104.7783342,9/26/2016
5,5.9,23,2016,9,27,Cheyenne NCore,41.18222711,-104.7783342,9/27/2016
6,6.9,24,2016,9,28,Cheyenne NCore,41.18222711,-104.7783342,9/28/2016
14,15.4,23,2016,9,29,Cheyenne NCore,41.18222711,-104.7783342,9/29/2016
13,14.1,24,2016,9,30,Cheyenne NCore,41.18222711,-104.7783342,9/30/2016
13,14.1,23,2016,10,1,Cheyenne NCore,41.18222711,-104.7783342,10/1/2016
9,10.3,23,2016,10,2,Cheyenne NCore,41.18222711,-104.7783342,10/2/2016
17,18.6,23,2016,10,3,Cheyenne NCore,41.18222711,-104.7783342,10/3/2016
34,36.5,23,2016,10,7,Cheyenne NCore,41.18222711,-104.7783342,10/7/2016
19,20.9,24,2016,10,8,Cheyenne NCore,41.18222711,-104.7783342,10/8/2016
18,19.5,22,2016,10,9,Cheyenne NCore,41.18222711,-104.7783342,10/9/2016
5,5,24,2016,10,10,Cheyenne NCore,41.18222711,-104.7783342,10/10/2016
4,4.2,23,2016,10,11,Cheyenne NCore,41.18222711,-104.7783342,10/11/2016
25,26.7,24,2016,10,12,Cheyenne NCore,41.18222711,-104.7783342,10/12/2016
22,23,23,2016,10,13,Cheyenne NCore,41.18222711,-104.7783342,10/13/2016
25,26.5,24,2016,10,14,Cheyenne NCore,41.18222711,-104.7783342,10/14/2016
9,10.5,23,2016,10,15,Cheyenne NCore,41.18222711,-104.7783342,10/15/2016
14,15.5,23,2016,10,16,Cheyenne NCore,41.18222711,-104.7783342,10/16/2016
12,13.6,23,2016,10,17,Cheyenne NCore,41.18222711,-104.7783342,10/17/2016
21,22.2,24,2016,10,18,Cheyenne NCore,41.18222711,-104.7783342,10/18/2016
6,6.8,23,2016,10,19,Cheyenne NCore,41.18222711,-104.7783342,10/19/2016
25,27.7,24,2016,10,20,Cheyenne NCore,41.18222711,-104.7783342,10/20/2016
5,5.9,23,2016,10,25,Cheyenne NCore,41.18222711,-104.7783342,10/25/2016
25,27.3,24,2016,10,26,Cheyenne NCore,41.18222711,-104.7783342,10/26/2016
23,24.1,23,2016,10,27,Cheyenne NCore,41.18222711,-104.7783342,10/27/2016
28,30.8,24,2016,10,28,Cheyenne NCore,41.18222711,-104.7783342,10/28/2016
12,13.9,23,2016,10,29,Cheyenne NCore,41.18222711,-104.7783342,10/29/2016
18,19.3,23,2016,10,30,Cheyenne NCore,41.18222711,-104.7783342,10/30/2016
8,8.7,23,2016,10,31,Cheyenne NCore,41.18222711,-104.7783342,10/31/2016
11,12.7,24,2016,11,1,Cheyenne NCore,41.18222711,-104.7783342,11/1/2016
25,26,23,2016,11,2,Cheyenne NCore,41.18222711,-104.7783342,11/2/2016
25,27,24,2016,11,3,Cheyenne NCore,41.18222711,-104.7783342,11/3/2016
23,24.1,23,2016,11,4,Cheyenne NCore,41.18222711,-104.7783342,11/4/2016
13,14.3,24,2016,11,5,Cheyenne NCore,41.18222711,-104.7783342,11/5/2016
6,6.5,22,2016,11,6,Cheyenne NCore,41.18222711,-104.7783342,11/6/2016
13,14.8,24,2016,11,7,Cheyenne NCore,41.18222711,-104.7783342,11/7/2016
22,23.3,23,2016,11,8,Cheyenne NCore,41.18222711,-104.7783342,11/8/2016
22,23.6,24,2016,11,9,Cheyenne NCore,41.18222711,-104.7783342,11/9/2016
8,8.5,23,2016,11,10,Cheyenne NCore,41.18222711,-104.7783342,11/10/2016
29,31.5,24,2016,11,11,Cheyenne NCore,41.18222711,-104.7783342,11/11/2016
25,26.3,23,2016,11,12,Cheyenne NCore,41.18222711,-104.7783342,11/12/2016
4,4.3,23,2016,11,13,Cheyenne NCore,41.18222711,-104.7783342,11/13/2016
3,3.1,23,2016,11,14,Cheyenne NCore,41.18222711,-104.7783342,11/14/2016
24,25.4,24,2016,11,15,Cheyenne NCore,41.18222711,-104.7783342,11/15/2016
26,28.2,23,2016,11,16,Cheyenne NCore,41.18222711,-104.7783342,11/16/2016
1,1.9,24,2016,11,17,Cheyenne NCore,41.18222711,-104.7783342,11/17/2016
28,30.4,23,2016,11,18,Cheyenne NCore,41.18222711,-104.7783342,11/18/2016
31,33.2,24,2016,11,19,Cheyenne NCore,41.18222711,-104.7783342,11/19/2016
18,19,22,2016,11,20,Cheyenne NCore,41.18222711,-104.7783342,11/20/2016
10,11.8,23,2016,11,21,Cheyenne NCore,41.18222711,-104.7783342,11/21/2016
3,3.8,23,2016,11,22,Cheyenne NCore,41.18222711,-104.7783342,11/22/2016
19,20.3,24,2016,11,23,Cheyenne NCore,41.18222711,-104.7783342,11/23/2016
13,14.8,23,2016,11,24,Cheyenne NCore,41.18222711,-104.7783342,11/24/2016
14,15.8,24,2016,11,25,Cheyenne NCore,41.18222711,-104.7783342,11/25/2016
22,23.6,23,2016,11,26,Cheyenne NCore,41.18222711,-104.7783342,11/26/2016
14,15.5,23,2016,11,27,Cheyenne NCore,41.18222711,-104.7783342,11/27/2016
0,0.9,24,2016,11,29,Cheyenne NCore,41.18222711,-104.7783342,11/29/2016
4,4.5,23,2016,11,30,Cheyenne NCore,41.18222711,-104.7783342,11/30/2016
10,11.3,24,2016,12,1,Cheyenne NCore,41.18222711,-104.7783342,12/1/2016
13,14,23,2016,12,2,Cheyenne NCore,41.18222711,-104.7783342,12/2/2016
15,16.2,24,2016,12,3,Cheyenne NCore,41.18222711,-104.7783342,12/3/2016
4,4,22,2016,12,4,Cheyenne NCore,41.18222711,-104.7783342,12/4/2016
3,3.6,24,2016,12,5,Cheyenne NCore,41.18222711,-104.7783342,12/5/2016
37,39.2,23,2016,12,9,Cheyenne NCore,41.18222711,-104.7783342,12/9/2016
30,32,23,2016,12,10,Cheyenne NCore,41.18222711,-104.7783342,12/10/2016
6,6,22,2016,12,11,Cheyenne NCore,41.18222711,-104.7783342,12/11/2016
7,7.4,23,2016,12,12,Cheyenne NCore,41.18222711,-104.7783342,12/12/2016
8,9.1,23,2016,12,13,Cheyenne NCore,41.18222711,-104.7783342,12/13/2016
26,28.1,23,2016,12,15,Cheyenne NCore,41.18222711,-104.7783342,12/15/2016
6,6,23,2016,12,16,Cheyenne NCore,41.18222711,-104.7783342,12/16/2016
25,27,23,2016,12,17,Cheyenne NCore,41.18222711,-104.7783342,12/17/2016
23,24.8,22,2016,12,18,Cheyenne NCore,41.18222711,-104.7783342,12/18/2016
11,12.6,23,2016,12,19,Cheyenne NCore,41.18222711,-104.7783342,12/19/2016
4,4.8,23,2016,12,20,Cheyenne NCore,41.18222711,-104.7783342,12/20/2016
7,7.4,23,2016,12,21,Cheyenne NCore,41.18222711,-104.7783342,12/21/2016
29,31.7,23,2016,12,22,Cheyenne NCore,41.18222711,-104.7783342,12/22/2016
21,22.9,23,2016,12,23,Cheyenne NCore,41.18222711,-104.7783342,12/23/2016
21,22.4,23,2016,12,24,Cheyenne NCore,41.18222711,-104.7783342,12/24/2016
11,12.3,22,2016,12,25,Cheyenne NCore,41.18222711,-104.7783342,12/25/2016
6,6.8,23,2016,12,26,Cheyenne NCore,41.18222711,-104.7783342,12/26/2016
11,12.9,23,2016,12,27,Cheyenne NCore,41.18222711,-104.7783342,12/27/2016
1,1.1,23,2016,12,28,Cheyenne NCore,41.18222711,-104.7783342,12/28/2016
18,19.6,22,2016,12,29,Cheyenne NCore,41.18222711,-104.7783342,12/29/2016
6,6.1,23,2016,12,30,Cheyenne NCore,41.18222711,-104.7783342,12/30/2016
27,29,23,2018,1,1,Cheyenne NCore,41.18222711,-104.7783342,1/1/2018
5,5.6,23,2018,1,2,Cheyenne NCore,41.18222711,-104.7783342,1/2/2018
24,25.8,23,2018,1,3,Cheyenne NCore,41.18222711,-104.7783342,1/3/2018
26,28.7,23,2018,1,4,Cheyenne NCore,41.18222711,-104.7783342,1/4/2018
22,23.3,23,2018,1,5,Cheyenne NCore,41.18222711,-104.7783342,1/5/2018
18,19.9,23,2018,1,6,Cheyenne NCore,41.18222711,-104.7783342,1/6/2018
20,21.6,22,2018,1,7,Cheyenne NCore,41.18222711,-104.7783342,1/7/2018
31,33,23,2018,1,8,Cheyenne NCore,41.18222711,-104.7783342,1/8/2018
14,15.4,23,2018,1,9,Cheyenne NCore,41.18222711,-104.7783342,1/9/2018
10,11.6,23,2018,1,10,Cheyenne NCore,41.18222711,-104.7783342,1/10/2018
14,15.6,23,2018,1,11,Cheyenne NCore,41.18222711,-104.7783342,1/11/2018
20,21.3,23,2018,1,12,Cheyenne NCore,41.18222711,-104.7783342,1/12/2018
8,9.8,23,2018,1,13,Cheyenne NCore,41.18222711,-104.7783342,1/13/2018
3,3.7,22,2018,1,14,Cheyenne NCore,41.18222711,-104.7783342,1/14/2018
9,10.3,23,2018,1,15,Cheyenne NCore,41.18222711,-104.7783342,1/15/2018
28,30.8,23,2018,1,16,Cheyenne NCore,41.18222711,-104.7783342,1/16/2018
29,31.7,23,2018,1,17,Cheyenne NCore,41.18222711,-104.7783342,1/17/2018
22,23.2,22,2018,1,18,Cheyenne NCore,41.18222711,-104.7783342,1/18/2018
19,20.5,23,2018,1,19,Cheyenne NCore,41.18222711,-104.7783342,1/19/2018
18,19.8,23,2018,1,20,Cheyenne NCore,41.18222711,-104.7783342,1/20/2018
14,15,23,2018,1,23,Cheyenne NCore,41.18222711,-104.7783342,1/23/2018
25,26.1,23,2018,1,24,Cheyenne NCore,41.18222711,-104.7783342,1/24/2018
30,32.2,23,2018,1,25,Cheyenne NCore,41.18222711,-104.7783342,1/25/2018
3,3.1,23,2018,1,26,Cheyenne NCore,41.18222711,-104.7783342,1/26/2018
3,3.5,23,2018,1,27,Cheyenne NCore,41.18222711,-104.7783342,1/27/2018
15,16.6,22,2018,1,28,Cheyenne NCore,41.18222711,-104.7783342,1/28/2018
6,6.8,23,2018,1,29,Cheyenne NCore,41.18222711,-104.7783342,1/29/2018
2,2.9,23,2018,1,30,Cheyenne NCore,41.18222711,-104.7783342,1/30/2018
8,8.4,23,2018,1,31,Cheyenne NCore,41.18222711,-104.7783342,1/31/2018
12,13.1,23,2018,2,1,Cheyenne NCore,41.18222711,-104.7783342,2/1/2018
5,5.5,23,2018,2,3,Cheyenne NCore,41.18222711,-104.7783342,2/3/2018
8,9.6,22,2018,2,4,Cheyenne NCore,41.18222711,-104.7783342,2/4/2018
5,5.1,23,2018,2,5,Cheyenne NCore,41.18222711,-104.7783342,2/5/2018
1,1.1,23,2018,2,8,Cheyenne NCore,41.18222711,-104.7783342,2/8/2018
5,5.2,23,2018,2,9,Cheyenne NCore,41.18222711,-104.7783342,2/9/2018
6,6.3,23,2018,2,10,Cheyenne NCore,41.18222711,-104.7783342,2/10/2018
25,27.1,22,2018,2,11,Cheyenne NCore,41.18222711,-104.7783342,2/11/2018
12,13.1,23,2018,2,12,Cheyenne NCore,41.18222711,-104.7783342,2/12/2018
2,2.6,23,2018,2,14,Cheyenne NCore,41.18222711,-104.7783342,2/14/2018
2,2.8,23,2018,2,15,Cheyenne NCore,41.18222711,-104.7783342,2/15/2018
16,17.8,23,2018,2,16,Cheyenne NCore,41.18222711,-104.7783342,2/16/2018
14,15.4,23,2018,2,17,Cheyenne NCore,41.18222711,-104.7783342,2/17/2018
9,10.2,22,2018,2,18,Cheyenne NCore,41.18222711,-104.7783342,2/18/2018
2,2.4,23,2018,2,19,Cheyenne NCore,41.18222711,-104.7783342,2/19/2018
37,39.7,23,2018,2,20,Cheyenne NCore,41.18222711,-104.7783342,2/20/2018
25,27.7,23,2018,2,21,Cheyenne NCore,41.18222711,-104.7783342,2/21/2018
27,29.8,22,2018,2,22,Cheyenne NCore,41.18222711,-104.7783342,2/22/2018
17,18.4,23,2018,2,23,Cheyenne NCore,41.18222711,-104.7783342,2/23/2018
6,6.4,23,2018,2,24,Cheyenne NCore,41.18222711,-104.7783342,2/24/2018
3,3.9,22,2018,2,25,Cheyenne NCore,41.18222711,-104.7783342,2/25/2018
17,18.6,23,2018,2,26,Cheyenne NCore,41.18222711,-104.7783342,2/26/2018
9,10.7,23,2018,2,27,Cheyenne NCore,41.18222711,-104.7783342,2/27/2018
12,13.5,23,2018,2,28,Cheyenne NCore,41.18222711,-104.7783342,2/28/2018
26,28.5,23,2018,3,1,Cheyenne NCore,41.18222711,-104.7783342,3/1/2018
14,15.2,23,2018,3,2,Cheyenne NCore,41.18222711,-104.7783342,3/2/2018
13,14.1,23,2018,3,3,Cheyenne NCore,41.18222711,-104.7783342,3/3/2018
9,10.1,22,2018,3,4,Cheyenne NCore,41.18222711,-104.7783342,3/4/2018
1,1,23,2018,3,5,Cheyenne NCore,41.18222711,-104.7783342,3/5/2018
6,6.7,23,2018,3,6,Cheyenne NCore,41.18222711,-104.7783342,3/6/2018
19,20.5,23,2018,3,7,Cheyenne NCore,41.18222711,-104.7783342,3/7/2018
7,7.9,23,2018,3,24,Cheyenne NCore,41.18222711,-104.7783342,3/24/2018
20,21.8,22,2018,3,25,Cheyenne NCore,41.18222711,-104.7783342,3/25/2018
11,12,23,2018,3,26,Cheyenne NCore,41.18222711,-104.7783342,3/26/2018
10,11.3,23,2018,3,27,Cheyenne NCore,41.18222711,-104.7783342,3/27/2018
2,2.8,23,2018,3,28,Cheyenne NCore,41.18222711,-104.7783342,3/28/2018
28,30.5,23,2018,3,29,Cheyenne NCore,41.18222711,-104.7783342,3/29/2018
16,17.8,23,2018,3,30,Cheyenne NCore,41.18222711,-104.7783342,3/30/2018
4,4,23,2018,3,31,Cheyenne NCore,41.18222711,-104.7783342,3/31/2018
8,8,22,2018,4,1,Cheyenne NCore,41.18222711,-104.7783342,4/1/2018
26,28.2,23,2018,4,2,Cheyenne NCore,41.18222711,-104.7783342,4/2/2018
7,7.5,23,2018,4,3,Cheyenne NCore,41.18222711,-104.7783342,4/3/2018
20,21.6,22,2018,4,4,Cheyenne NCore,41.18222711,-104.7783342,4/4/2018
5,5,23,2018,4,5,Cheyenne NCore,41.18222711,-104.7783342,4/5/2018
3,3.1,23,2018,4,6,Cheyenne NCore,41.18222711,-104.7783342,4/6/2018
13,14.5,22,2018,4,7,Cheyenne NCore,41.18222711,-104.7783342,4/7/2018
2,2.7,23,2018,4,8,Cheyenne NCore,41.18222711,-104.7783342,4/8/2018
3,3.1,23,2018,4,9,Cheyenne NCore,41.18222711,-104.7783342,4/9/2018
8,9.2,22,2018,4,10,Cheyenne NCore,41.18222711,-104.7783342,4/10/2018
14,15.5,23,2018,4,11,Cheyenne NCore,41.18222711,-104.7783342,4/11/2018
4,4.7,23,2018,4,12,Cheyenne NCore,41.18222711,-104.7783342,4/12/2018
1,1,22,2018,4,13,Cheyenne NCore,41.18222711,-104.7783342,4/13/2018
9,10.7,23,2018,4,14,Cheyenne NCore,41.18222711,-104.7783342,4/14/2018
8,9.1,23,2018,4,15,Cheyenne NCore,41.18222711,-104.7783342,4/15/2018
24,25,21,2018,4,16,Cheyenne NCore,41.18222711,-104.7783342,4/16/2018
38,40.8,22,2018,4,17,Cheyenne NCore,41.18222711,-104.7783342,4/17/2018
8,9.5,23,2018,4,18,Cheyenne NCore,41.18222711,-104.7783342,4/18/2018
17,18.8,22,2018,4,19,Cheyenne NCore,41.18222711,-104.7783342,4/19/2018
4,4,22,2018,4,20,Cheyenne NCore,41.18222711,-104.7783342,4/20/2018
8,8.9,23,2018,4,21,Cheyenne NCore,41.18222711,-104.7783342,4/21/2018
8,9.8,22,2018,4,22,Cheyenne NCore,41.18222711,-104.7783342,4/22/2018
10,11.3,23,2018,4,23,Cheyenne NCore,41.18222711,-104.7783342,4/23/2018
3,3.4,23,2018,4,24,Cheyenne NCore,41.18222711,-104.7783342,4/24/2018
13,14.4,22,2018,4,25,Cheyenne NCore,41.18222711,-104.7783342,4/25/2018
10,11.5,23,2018,4,26,Cheyenne NCore,41.18222711,-104.7783342,4/26/2018
5,5.5,23,2018,4,27,Cheyenne NCore,41.18222711,-104.7783342,4/27/2018
7,7.6,22,2018,4,28,Cheyenne NCore,41.18222711,-104.7783342,4/28/2018
11,12.9,23,2018,4,29,Cheyenne NCore,41.18222711,-104.7783342,4/29/2018
2,2.5,23,2018,4,30,Cheyenne NCore,41.18222711,-104.7783342,4/30/2018
14,15.9,22,2018,5,1,Cheyenne NCore,41.18222711,-104.7783342,5/1/2018
13,14.6,23,2018,5,2,Cheyenne NCore,41.18222711,-104.7783342,5/2/2018
2,2.5,23,2018,5,3,Cheyenne NCore,41.18222711,-104.7783342,5/3/2018
10,11.7,22,2018,5,4,Cheyenne NCore,41.18222711,-104.7783342,5/4/2018
9,10,23,2018,5,5,Cheyenne NCore,41.18222711,-104.7783342,5/5/2018
7,7.5,23,2018,5,6,Cheyenne NCore,41.18222711,-104.7783342,5/6/2018
13,14.5,22,2018,5,7,Cheyenne NCore,41.18222711,-104.7783342,5/7/2018
6,6.6,23,2018,5,8,Cheyenne NCore,41.18222711,-104.7783342,5/8/2018
7,7.7,23,2018,5,9,Cheyenne NCore,41.18222711,-104.7783342,5/9/2018
8,8.8,22,2018,5,10,Cheyenne NCore,41.18222711,-104.7783342,5/10/2018
5,5.6,23,2018,5,11,Cheyenne NCore,41.18222711,-104.7783342,5/11/2018
4,4.7,23,2018,5,12,Cheyenne NCore,41.18222711,-104.7783342,5/12/2018
3,3.8,22,2018,5,13,Cheyenne NCore,41.18222711,-104.7783342,5/13/2018
7,7.1,23,2018,5,14,Cheyenne NCore,41.18222711,-104.7783342,5/14/2018
6,6.8,23,2018,5,15,Cheyenne NCore,41.18222711,-104.7783342,5/15/2018
9,10.5,22,2018,5,16,Cheyenne NCore,41.18222711,-104.7783342,5/16/2018
6,6.7,23,2018,5,17,Cheyenne NCore,41.18222711,-104.7783342,5/17/2018
5,5.3,23,2018,5,18,Cheyenne NCore,41.18222711,-104.7783342,5/18/2018
1,1,22,2018,5,19,Cheyenne NCore,41.18222711,-104.7783342,5/19/2018
8,9,23,2018,5,20,Cheyenne NCore,41.18222711,-104.7783342,5/20/2018
12,13.3,23,2018,5,21,Cheyenne NCore,41.18222711,-104.7783342,5/21/2018
7,7.8,21,2018,5,22,Cheyenne NCore,41.18222711,-104.7783342,5/22/2018
12,13.3,23,2018,5,23,Cheyenne NCore,41.18222711,-104.7783342,5/23/2018
10,11.1,23,2018,5,24,Cheyenne NCore,41.18222711,-104.7783342,5/24/2018
9,10.3,22,2018,5,25,Cheyenne NCore,41.18222711,-104.7783342,5/25/2018
5,5.7,23,2018,5,26,Cheyenne NCore,41.18222711,-104.7783342,5/26/2018
11,12.2,23,2018,5,27,Cheyenne NCore,41.18222711,-104.7783342,5/27/2018
3,3.6,22,2018,5,28,Cheyenne NCore,41.18222711,-104.7783342,5/28/2018
7,7.2,23,2018,5,29,Cheyenne NCore,41.18222711,-104.7783342,5/29/2018
12,13.7,23,2018,5,30,Cheyenne NCore,41.18222711,-104.7783342,5/30/2018
11,12,22,2018,5,31,Cheyenne NCore,41.18222711,-104.7783342,5/31/2018
5,5.4,23,2018,6,1,Cheyenne NCore,41.18222711,-104.7783342,6/1/2018
5,5.1,23,2018,6,2,Cheyenne NCore,41.18222711,-104.7783342,6/2/2018
7,7.3,21,2018,6,3,Cheyenne NCore,41.18222711,-104.7783342,6/3/2018
12,13.7,22,2018,6,4,Cheyenne NCore,41.18222711,-104.7783342,6/4/2018
10,11.3,23,2018,6,5,Cheyenne NCore,41.18222711,-104.7783342,6/5/2018
2,2.4,21,2018,6,6,Cheyenne NCore,41.18222711,-104.7783342,6/6/2018
5,5.8,23,2018,6,7,Cheyenne NCore,41.18222711,-104.7783342,6/7/2018
4,4.7,23,2018,6,8,Cheyenne NCore,41.18222711,-104.7783342,6/8/2018
5,5,22,2018,6,9,Cheyenne NCore,41.18222711,-104.7783342,6/9/2018
11,12.7,23,2018,6,10,Cheyenne NCore,41.18222711,-104.7783342,6/10/2018
3,3.7,21,2018,6,11,Cheyenne NCore,41.18222711,-104.7783342,6/11/2018
8,8.5,18,2018,6,15,Cheyenne NCore,41.18222711,-104.7783342,6/15/2018
7,7.7,23,2018,6,16,Cheyenne NCore,41.18222711,-104.7783342,6/16/2018
3,3.8,23,2018,6,17,Cheyenne NCore,41.18222711,-104.7783342,6/17/2018
4,4.6,22,2018,6,18,Cheyenne NCore,41.18222711,-104.7783342,6/18/2018
6,6.6,22,2018,6,19,Cheyenne NCore,41.18222711,-104.7783342,6/19/2018
3,3.4,23,2018,6,20,Cheyenne NCore,41.18222711,-104.7783342,6/20/2018
13,14.8,22,2018,6,21,Cheyenne NCore,41.18222711,-104.7783342,6/21/2018
8,9.5,23,2018,6,22,Cheyenne NCore,41.18222711,-104.7783342,6/22/2018
6,6.1,23,2018,6,23,Cheyenne NCore,41.18222711,-104.7783342,6/23/2018
3,3.5,22,2018,6,24,Cheyenne NCore,41.18222711,-104.7783342,6/24/2018
6,6.9,23,2018,6,25,Cheyenne NCore,41.18222711,-104.7783342,6/25/2018
14,15.5,22,2018,6,27,Cheyenne NCore,41.18222711,-104.7783342,6/27/2018
14,15.5,23,2018,6,28,Cheyenne NCore,41.18222711,-104.7783342,6/28/2018
10,11.5,23,2018,6,29,Cheyenne NCore,41.18222711,-104.7783342,6/29/2018
4,4.7,22,2018,6,30,Cheyenne NCore,41.18222711,-104.7783342,6/30/2018
15,16.9,23,2018,7,1,Cheyenne NCore,41.18222711,-104.7783342,7/1/2018
12,13.4,23,2018,7,2,Cheyenne NCore,41.18222711,-104.7783342,7/2/2018
12,13.7,22,2018,7,3,Cheyenne NCore,41.18222711,-104.7783342,7/3/2018
11,12.2,23,2018,7,4,Cheyenne NCore,41.18222711,-104.7783342,7/4/2018
7,7.9,23,2018,7,5,Cheyenne NCore,41.18222711,-104.7783342,7/5/2018
12,13.2,22,2018,7,6,Cheyenne NCore,41.18222711,-104.7783342,7/6/2018
10,11.8,23,2018,7,7,Cheyenne NCore,41.18222711,-104.7783342,7/7/2018
13,14.7,23,2018,7,8,Cheyenne NCore,41.18222711,-104.7783342,7/8/2018
6,6.3,22,2018,7,9,Cheyenne NCore,41.18222711,-104.7783342,7/9/2018
19,20.8,23,2018,7,10,Cheyenne NCore,41.18222711,-104.7783342,7/10/2018
12,13.3,23,2018,7,11,Cheyenne NCore,41.18222711,-104.7783342,7/11/2018
3,3.4,22,2018,7,12,Cheyenne NCore,41.18222711,-104.7783342,7/12/2018
5,5.2,22,2018,7,13,Cheyenne NCore,41.18222711,-104.7783342,7/13/2018
12,13.5,23,2018,7,14,Cheyenne NCore,41.18222711,-104.7783342,7/14/2018
7,7.1,22,2018,7,15,Cheyenne NCore,41.18222711,-104.7783342,7/15/2018
12,13.2,23,2018,7,16,Cheyenne NCore,41.18222711,-104.7783342,7/16/2018
9,10.5,23,2018,7,17,Cheyenne NCore,41.18222711,-104.7783342,7/17/2018
5,5.9,20,2018,7,18,Cheyenne NCore,41.18222711,-104.7783342,7/18/2018
7,7.7,23,2018,7,20,Cheyenne NCore,41.18222711,-104.7783342,7/20/2018
5,5.1,23,2018,7,22,Cheyenne NCore,41.18222711,-104.7783342,7/22/2018
7,7.6,23,2018,7,23,Cheyenne NCore,41.18222711,-104.7783342,7/23/2018
8,8.9,22,2018,7,24,Cheyenne NCore,41.18222711,-104.7783342,7/24/2018
9,10.2,23,2018,7,25,Cheyenne NCore,41.18222711,-104.7783342,7/25/2018
14,15.2,23,2018,7,26,Cheyenne NCore,41.18222711,-104.7783342,7/26/2018
10,11.5,22,2018,7,27,Cheyenne NCore,41.18222711,-104.7783342,7/27/2018
8,8.5,23,2018,7,28,Cheyenne NCore,41.18222711,-104.7783342,7/28/2018
5,5.4,23,2018,7,29,Cheyenne NCore,41.18222711,-104.7783342,7/29/2018
4,4.8,20,2018,7,30,Cheyenne NCore,41.18222711,-104.7783342,7/30/2018
16,17,22,2018,7,31,Cheyenne NCore,41.18222711,-104.7783342,7/31/2018
8,9.6,23,2018,8,1,Cheyenne NCore,41.18222711,-104.7783342,8/1/2018
11,12.5,20,2018,8,2,Cheyenne NCore,41.18222711,-104.7783342,8/2/2018
19,20.7,22,2018,8,3,Cheyenne NCore,41.18222711,-104.7783342,8/3/2018
4,4.8,23,2018,8,4,Cheyenne NCore,41.18222711,-104.7783342,8/4/2018
5,5,21,2018,8,5,Cheyenne NCore,41.18222711,-104.7783342,8/5/2018
24,25.1,23,2018,8,6,Cheyenne NCore,41.18222711,-104.7783342,8/6/2018
18,19.8,23,2018,8,7,Cheyenne NCore,41.18222711,-104.7783342,8/7/2018
10,11.6,21,2018,8,8,Cheyenne NCore,41.18222711,-104.7783342,8/8/2018
24,25.6,23,2018,8,9,Cheyenne NCore,41.18222711,-104.7783342,8/9/2018
8,9,23,2018,8,10,Cheyenne NCore,41.18222711,-104.7783342,8/10/2018
10,11.4,21,2018,8,11,Cheyenne NCore,41.18222711,-104.7783342,8/11/2018
12,13.1,23,2018,8,12,Cheyenne NCore,41.18222711,-104.7783342,8/12/2018
10,11.8,23,2018,8,13,Cheyenne NCore,41.18222711,-104.7783342,8/13/2018
8,8.2,21,2018,8,14,Cheyenne NCore,41.18222711,-104.7783342,8/14/2018
8,9.5,23,2018,8,15,Cheyenne NCore,41.18222711,-104.7783342,8/15/2018
8,8.1,23,2018,8,16,Cheyenne NCore,41.18222711,-104.7783342,8/16/2018
8,9,21,2018,8,17,Cheyenne NCore,41.18222711,-104.7783342,8/17/2018
16,17.5,23,2018,8,18,Cheyenne NCore,41.18222711,-104.7783342,8/18/2018
3,3.1,23,2018,8,19,Cheyenne NCore,41.18222711,-104.7783342,8/19/2018
11,12.3,21,2018,8,20,Cheyenne NCore,41.18222711,-104.7783342,8/20/2018
11,12.5,23,2018,8,21,Cheyenne NCore,41.18222711,-104.7783342,8/21/2018
6,6.6,23,2018,8,22,Cheyenne NCore,41.18222711,-104.7783342,8/22/2018
6,6.4,21,2018,8,23,Cheyenne NCore,41.18222711,-104.7783342,8/23/2018
3,3.4,23,2018,8,24,Cheyenne NCore,41.18222711,-104.7783342,8/24/2018
9,10.8,23,2018,8,25,Cheyenne NCore,41.18222711,-104.7783342,8/25/2018
21,22.1,22,2018,8,26,Cheyenne NCore,41.18222711,-104.7783342,8/26/2018
5,5.3,23,2018,8,27,Cheyenne NCore,41.18222711,-104.7783342,8/27/2018
5,5.3,22,2018,8,28,Cheyenne NCore,41.18222711,-104.7783342,8/28/2018
18,19,22,2018,8,29,Cheyenne NCore,41.18222711,-104.7783342,8/29/2018
21,22.7,23,2018,8,30,Cheyenne NCore,41.18222711,-104.7783342,8/30/2018
12,13.7,23,2018,8,31,Cheyenne NCore,41.18222711,-104.7783342,8/31/2018
9,10.4,22,2018,9,1,Cheyenne NCore,41.18222711,-104.7783342,9/1/2018
12,13.5,23,2018,9,2,Cheyenne NCore,41.18222711,-104.7783342,9/2/2018
14,15.5,23,2018,9,3,Cheyenne NCore,41.18222711,-104.7783342,9/3/2018
8,8.7,23,2018,9,6,Cheyenne NCore,41.18222711,-104.7783342,9/6/2018
9,10.7,22,2018,9,7,Cheyenne NCore,41.18222711,-104.7783342,9/7/2018
8,9.1,23,2018,9,8,Cheyenne NCore,41.18222711,-104.7783342,9/8/2018
14,15,23,2018,9,9,Cheyenne NCore,41.18222711,-104.7783342,9/9/2018
13,14.5,21,2018,9,10,Cheyenne NCore,41.18222711,-104.7783342,9/10/2018
19,20.9,22,2018,9,11,Cheyenne NCore,41.18222711,-104.7783342,9/11/2018
19,20.4,22,2018,9,12,Cheyenne NCore,41.18222711,-104.7783342,9/12/2018
10,11.5,19,2018,9,13,Cheyenne NCore,41.18222711,-104.7783342,9/13/2018
8,8,22,2018,9,14,Cheyenne NCore,41.18222711,-104.7783342,9/14/2018
8,8.5,23,2018,9,15,Cheyenne NCore,41.18222711,-104.7783342,9/15/2018
5,5.2,22,2018,9,16,Cheyenne NCore,41.18222711,-104.7783342,9/16/2018
18,19,23,2018,9,17,Cheyenne NCore,41.18222711,-104.7783342,9/17/2018
12,13.2,23,2018,9,18,Cheyenne NCore,41.18222711,-104.7783342,9/18/2018
8,8.7,22,2018,9,19,Cheyenne NCore,41.18222711,-104.7783342,9/19/2018
7,7,23,2018,9,20,Cheyenne NCore,41.18222711,-104.7783342,9/20/2018
22,23.7,22,2018,9,21,Cheyenne NCore,41.18222711,-104.7783342,9/21/2018
16,17.7,22,2018,9,22,Cheyenne NCore,41.18222711,-104.7783342,9/22/2018
7,7.7,23,2018,9,23,Cheyenne NCore,41.18222711,-104.7783342,9/23/2018
5,5.7,23,2018,9,24,Cheyenne NCore,41.18222711,-104.7783342,9/24/2018
7,7,22,2018,9,25,Cheyenne NCore,41.18222711,-104.7783342,9/25/2018
19,20,22,2018,9,26,Cheyenne NCore,41.18222711,-104.7783342,9/26/2018
3,3.2,23,2018,9,27,Cheyenne NCore,41.18222711,-104.7783342,9/27/2018
3,3.4,22,2018,9,28,Cheyenne NCore,41.18222711,-104.7783342,9/28/2018
13,14.9,23,2018,9,29,Cheyenne NCore,41.18222711,-104.7783342,9/29/2018
4,4.6,23,2018,9,30,Cheyenne NCore,41.18222711,-104.7783342,9/30/2018
24,25.2,22,2018,10,1,Cheyenne NCore,41.18222711,-104.7783342,10/1/2018
13,14.7,21,2018,10,17,Cheyenne NCore,41.18222711,-104.7783342,10/17/2018
23,24.8,22,2018,10,18,Cheyenne NCore,41.18222711,-104.7783342,10/18/2018
5,5.6,22,2018,10,23,Cheyenne NCore,41.18222711,-104.7783342,10/23/2018
8,9.5,24,2018,10,24,Cheyenne NCore,41.18222711,-104.7783342,10/24/2018
3,3.8,23,2018,10,25,Cheyenne NCore,41.18222711,-104.7783342,10/25/2018
4,4.1,22,2018,10,26,Cheyenne NCore,41.18222711,-104.7783342,10/26/2018
6,6.3,22,2018,10,30,Cheyenne NCore,41.18222711,-104.7783342,10/30/2018
19,20.7,22,2018,10,31,Cheyenne NCore,41.18222711,-104.7783342,10/31/2018
6,6.1,24,2018,11,1,Cheyenne NCore,41.18222711,-104.7783342,11/1/2018
18,19.9,24,2018,11,2,Cheyenne NCore,41.18222711,-104.7783342,11/2/2018
6,6,21,2018,11,3,Cheyenne NCore,41.18222711,-104.7783342,11/3/2018
12,13.3,24,2018,11,4,Cheyenne NCore,41.18222711,-104.7783342,11/4/2018
8,9.2,24,2018,11,5,Cheyenne NCore,41.18222711,-104.7783342,11/5/2018
14,15.7,22,2018,11,6,Cheyenne NCore,41.18222711,-104.7783342,11/6/2018
30,32.5,24,2018,11,7,Cheyenne NCore,41.18222711,-104.7783342,11/7/2018
10,11.1,24,2018,11,8,Cheyenne NCore,41.18222711,-104.7783342,11/8/2018
25,27.5,21,2018,11,9,Cheyenne NCore,41.18222711,-104.7783342,11/9/2018
17,18.3,24,2018,11,10,Cheyenne NCore,41.18222711,-104.7783342,11/10/2018
5,5.4,24,2018,11,11,Cheyenne NCore,41.18222711,-104.7783342,11/11/2018
4,4.4,22,2018,11,12,Cheyenne NCore,41.18222711,-104.7783342,11/12/2018
1,1.8,24,2018,11,13,Cheyenne NCore,41.18222711,-104.7783342,11/13/2018
6,6.9,24,2018,11,14,Cheyenne NCore,41.18222711,-104.7783342,11/14/2018
15,16.4,19,2018,11,15,Cheyenne NCore,41.18222711,-104.7783342,11/15/2018
16,17.9,24,2018,11,16,Cheyenne NCore,41.18222711,-104.7783342,11/16/2018
19,20.5,24,2018,11,17,Cheyenne NCore,41.18222711,-104.7783342,11/17/2018
10,11.7,22,2018,11,18,Cheyenne NCore,41.18222711,-104.7783342,11/18/2018
14,15.5,24,2018,11,19,Cheyenne NCore,41.18222711,-104.7783342,11/19/2018
24,25.9,24,2018,11,20,Cheyenne NCore,41.18222711,-104.7783342,11/20/2018
20,21.6,21,2018,11,21,Cheyenne NCore,41.18222711,-104.7783342,11/21/2018
8,9.7,24,2018,11,22,Cheyenne NCore,41.18222711,-104.7783342,11/22/2018
4,4.3,24,2018,11,23,Cheyenne NCore,41.18222711,-104.7783342,11/23/2018
8,9.5,22,2018,11,24,Cheyenne NCore,41.18222711,-104.7783342,11/24/2018
2,2.8,24,2018,11,25,Cheyenne NCore,41.18222711,-104.7783342,11/25/2018
13,14.1,24,2018,11,26,Cheyenne NCore,41.18222711,-104.7783342,11/26/2018
2,2.4,22,2018,11,27,Cheyenne NCore,41.18222711,-104.7783342,11/27/2018
10,11.5,24,2018,11,28,Cheyenne NCore,41.18222711,-104.7783342,11/28/2018
15,16.5,24,2018,11,29,Cheyenne NCore,41.18222711,-104.7783342,11/29/2018
1,1.5,24,2018,12,1,Cheyenne NCore,41.18222711,-104.7783342,12/1/2018
1,1.4,24,2018,12,2,Cheyenne NCore,41.18222711,-104.7783342,12/2/2018
15,16.2,22,2018,12,3,Cheyenne NCore,41.18222711,-104.7783342,12/3/2018
5,5.3,24,2018,12,4,Cheyenne NCore,41.18222711,-104.7783342,12/4/2018
3,3.4,24,2018,12,5,Cheyenne NCore,41.18222711,-104.7783342,12/5/2018
23,24.2,22,2018,12,6,Cheyenne NCore,41.18222711,-104.7783342,12/6/2018
25,27,24,2018,12,7,Cheyenne NCore,41.18222711,-104.7783342,12/7/2018
42,44.6,24,2018,12,8,Cheyenne NCore,41.18222711,-104.7783342,12/8/2018
4,4.6,22,2018,12,9,Cheyenne NCore,41.18222711,-104.7783342,12/9/2018
21,22,24,2018,12,10,Cheyenne NCore,41.18222711,-104.7783342,12/10/2018
13,14.4,24,2018,12,11,Cheyenne NCore,41.18222711,-104.7783342,12/11/2018
2,2.3,22,2018,12,12,Cheyenne NCore,41.18222711,-104.7783342,12/12/2018
12,13.6,24,2018,12,13,Cheyenne NCore,41.18222711,-104.7783342,12/13/2018
32,34.1,24,2018,12,14,Cheyenne NCore,41.18222711,-104.7783342,12/14/2018
20,21.1,21,2018,12,15,Cheyenne NCore,41.18222711,-104.7783342,12/15/2018
32,34.3,24,2018,12,16,Cheyenne NCore,41.18222711,-104.7783342,12/16/2018
9,10.7,21,2018,12,17,Cheyenne NCore,41.18222711,-104.7783342,12/17/2018
7,7.9,22,2018,12,18,Cheyenne NCore,41.18222711,-104.7783342,12/18/2018
2,2.2,24,2018,12,19,Cheyenne NCore,41.18222711,-104.7783342,12/19/2018
21,22.2,24,2018,12,20,Cheyenne NCore,41.18222711,-104.7783342,12/20/2018
2,2.9,21,2018,12,21,Cheyenne NCore,41.18222711,-104.7783342,12/21/2018
15,16.4,24,2018,12,22,Cheyenne NCore,41.18222711,-104.7783342,12/22/2018
5,5.8,24,2018,12,23,Cheyenne NCore,41.18222711,-104.7783342,12/23/2018
4,4.9,22,2018,12,24,Cheyenne NCore,41.18222711,-104.7783342,12/24/2018
16,17.7,24,2018,12,25,Cheyenne NCore,41.18222711,-104.7783342,12/25/2018
6,6.6,24,2018,12,26,Cheyenne NCore,41.18222711,-104.7783342,12/26/2018
1,1.5,22,2018,12,27,Cheyenne NCore,41.18222711,-104.7783342,12/27/2018
26,28.1,24,2018,12,28,Cheyenne NCore,41.18222711,-104.7783342,12/28/2018
34,36.9,24,2018,12,29,Cheyenne NCore,41.18222711,-104.7783342,12/29/2018
1,1,20,2018,12,30,Cheyenne NCore,41.18222711,-104.7783342,12/30/2018
1,1.5,24,2020,1,1,Cheyenne NCore,41.18222711,-104.7783342,1/1/2020
2,2.8,24,2020,1,2,Cheyenne NCore,41.18222711,-104.7783342,1/2/2020
4,4.2,22,2020,1,3,Cheyenne NCore,41.18222711,-104.7783342,1/3/2020
2,2.8,24,2020,1,4,Cheyenne NCore,41.18222711,-104.7783342,1/4/2020
15,16.6,22,2020,1,9,Cheyenne NCore,41.18222711,-104.7783342,1/9/2020
10,11.5,24,2020,1,10,Cheyenne NCore,41.18222711,-104.7783342,1/10/2020
11,12.8,24,2020,1,11,Cheyenne NCore,41.18222711,-104.7783342,1/11/2020
5,5,23,2020,1,12,Cheyenne NCore,41.18222711,-104.7783342,1/12/2020
20,21.2,23,2020,1,13,Cheyenne NCore,41.18222711,-104.7783342,1/13/2020
26,28,24,2020,1,14,Cheyenne NCore,41.18222711,-104.7783342,1/14/2020
22,23.3,20,2020,1,15,Cheyenne NCore,41.18222711,-104.7783342,1/15/2020
22,23.6,24,2020,1,17,Cheyenne NCore,41.18222711,-104.7783342,1/17/2020
4,4.7,21,2020,1,18,Cheyenne NCore,41.18222711,-104.7783342,1/18/2020
13,14,24,2020,1,19,Cheyenne NCore,41.18222711,-104.7783342,1/19/2020
29,31.8,22,2020,1,20,Cheyenne NCore,41.18222711,-104.7783342,1/20/2020
17,18.7,19,2020,1,21,Cheyenne NCore,41.18222711,-104.7783342,1/21/2020
3,3.3,22,2020,1,22,Cheyenne NCore,41.18222711,-104.7783342,1/22/2020
5,5.6,24,2020,1,23,Cheyenne NCore,41.18222711,-104.7783342,1/23/2020
10,11.7,22,2020,1,24,Cheyenne NCore,41.18222711,-104.7783342,1/24/2020
2,2.8,24,2020,1,25,Cheyenne NCore,41.18222711,-104.7783342,1/25/2020
10,11.9,24,2020,1,26,Cheyenne NCore,41.18222711,-104.7783342,1/26/2020
3,3.4,21,2020,1,28,Cheyenne NCore,41.18222711,-104.7783342,1/28/2020
8,9.2,24,2020,1,29,Cheyenne NCore,41.18222711,-104.7783342,1/29/2020
4,4.6,22,2020,1,30,Cheyenne NCore,41.18222711,-104.7783342,1/30/2020
1,1.9,24,2020,1,31,Cheyenne NCore,41.18222711,-104.7783342,1/31/2020
1,1.7,24,2020,2,1,Cheyenne NCore,41.18222711,-104.7783342,2/1/2020
21,22.8,22,2020,2,2,Cheyenne NCore,41.18222711,-104.7783342,2/2/2020
1,1.9,23,2020,2,3,Cheyenne NCore,41.18222711,-104.7783342,2/3/2020
2,2.8,24,2020,2,6,Cheyenne NCore,41.18222711,-104.7783342,2/6/2020
14,15.7,24,2020,2,7,Cheyenne NCore,41.18222711,-104.7783342,2/7/2020
12,13.9,22,2020,2,8,Cheyenne NCore,41.18222711,-104.7783342,2/8/2020
8,8.6,24,2020,2,9,Cheyenne NCore,41.18222711,-104.7783342,2/9/2020
8,8.6,23,2020,2,10,Cheyenne NCore,41.18222711,-104.7783342,2/10/2020
18,19.4,18,2020,2,20,Cheyenne NCore,41.18222711,-104.7783342,2/20/2020
18,19.8,24,2020,2,21,Cheyenne NCore,41.18222711,-104.7783342,2/21/2020
11,12.4,24,2020,2,22,Cheyenne NCore,41.18222711,-104.7783342,2/22/2020
19,20.6,23,2020,2,23,Cheyenne NCore,41.18222711,-104.7783342,2/23/2020
3,3.2,22,2020,2,24,Cheyenne NCore,41.18222711,-104.7783342,2/24/2020
7,7.4,24,2020,2,25,Cheyenne NCore,41.18222711,-104.7783342,2/25/2020
12,13,23,2020,2,26,Cheyenne NCore,41.18222711,-104.7783342,2/26/2020
2,2.2,24,2020,2,27,Cheyenne NCore,41.18222711,-104.7783342,2/27/2020
24,25.2,24,2020,2,28,Cheyenne NCore,41.18222711,-104.7783342,2/28/2020
11,12.8,23,2020,2,29,Cheyenne NCore,41.18222711,-104.7783342,2/29/2020
5,5.2,24,2020,3,1,Cheyenne NCore,41.18222711,-104.7783342,3/1/2020
13,14.2,24,2020,3,2,Cheyenne NCore,41.18222711,-104.7783342,3/2/2020
7,7.3,23,2020,3,3,Cheyenne NCore,41.18222711,-104.7783342,3/3/2020
10,11,23,2020,3,4,Cheyenne NCore,41.18222711,-104.7783342,3/4/2020
19,20.5,24,2020,3,5,Cheyenne NCore,41.18222711,-104.7783342,3/5/2020
26,28.2,23,2020,3,6,Cheyenne NCore,41.18222711,-104.7783342,3/6/2020
13,14.9,24,2020,3,7,Cheyenne NCore,41.18222711,-104.7783342,3/7/2020
3,3.3,24,2020,3,14,Cheyenne NCore,41.18222711,-104.7783342,3/14/2020
15,16.3,21,2020,3,15,Cheyenne NCore,41.18222711,-104.7783342,3/15/2020
4,4.5,22,2020,3,16,Cheyenne NCore,41.18222711,-104.7783342,3/16/2020
23,24.7,24,2020,3,17,Cheyenne NCore,41.18222711,-104.7783342,3/17/2020
8,9.6,23,2020,3,18,Cheyenne NCore,41.18222711,-104.7783342,3/18/2020
2,2,24,2020,3,19,Cheyenne NCore,41.18222711,-104.7783342,3/19/2020
12,13.2,24,2020,3,20,Cheyenne NCore,41.18222711,-104.7783342,3/20/2020
16,17.3,23,2020,3,21,Cheyenne NCore,41.18222711,-104.7783342,3/21/2020
5,5.1,24,2020,3,22,Cheyenne NCore,41.18222711,-104.7783342,3/22/2020
6,6.2,23,2020,3,24,Cheyenne NCore,41.18222711,-104.7783342,3/24/2020
17,18.6,24,2020,3,25,Cheyenne NCore,41.18222711,-104.7783342,3/25/2020
8,8.4,24,2020,3,26,Cheyenne NCore,41.18222711,-104.7783342,3/26/2020
1,1.1,23,2020,3,27,Cheyenne NCore,41.18222711,-104.7783342,3/27/2020
2,2.5,24,2020,3,28,Cheyenne NCore,41.18222711,-104.7783342,3/28/2020
8,8.9,24,2020,3,29,Cheyenne NCore,41.18222711,-104.7783342,3/29/2020
9,10.7,22,2020,3,30,Cheyenne NCore,41.18222711,-104.7783342,3/30/2020
10,11.8,24,2020,3,31,Cheyenne NCore,41.18222711,-104.7783342,3/31/2020
11,12.2,24,2020,4,1,Cheyenne NCore,41.18222711,-104.7783342,4/1/2020
3,3.8,23,2020,4,2,Cheyenne NCore,41.18222711,-104.7783342,4/2/2020
18,19.8,24,2020,4,3,Cheyenne NCore,41.18222711,-104.7783342,4/3/2020
9,10,24,2020,4,4,Cheyenne NCore,41.18222711,-104.7783342,4/4/2020
20,21,23,2020,4,5,Cheyenne NCore,41.18222711,-104.7783342,4/5/2020
8,8.2,24,2020,4,6,Cheyenne NCore,41.18222711,-104.7783342,4/6/2020
10,11.7,24,2020,4,7,Cheyenne NCore,41.18222711,-104.7783342,4/7/2020
8,9.1,24,2020,4,9,Cheyenne NCore,41.18222711,-104.7783342,4/9/2020
21,22.7,24,2020,4,10,Cheyenne NCore,41.18222711,-104.7783342,4/10/2020
2,2.1,23,2020,4,11,Cheyenne NCore,41.18222711,-104.7783342,4/11/2020
1,1,24,2020,4,12,Cheyenne NCore,41.18222711,-104.7783342,4/12/2020
8,8.8,23,2020,4,13,Cheyenne NCore,41.18222711,-104.7783342,4/13/2020
3,3,23,2020,4,14,Cheyenne NCore,41.18222711,-104.7783342,4/14/2020
4,4.9,24,2020,4,15,Cheyenne NCore,41.18222711,-104.7783342,4/15/2020
5,5.7,24,2020,4,16,Cheyenne NCore,41.18222711,-104.7783342,4/16/2020
15,16.5,23,2020,4,17,Cheyenne NCore,41.18222711,-104.7783342,4/17/2020
8,9.5,24,2020,4,18,Cheyenne NCore,41.18222711,-104.7783342,4/18/2020
3,3.9,24,2020,4,19,Cheyenne NCore,41.18222711,-104.7783342,4/19/2020
8,8.1,22,2020,4,20,Cheyenne NCore,41.18222711,-104.7783342,4/20/2020
10,11,24,2020,4,21,Cheyenne NCore,41.18222711,-104.7783342,4/21/2020
12,13.3,24,2020,4,22,Cheyenne NCore,41.18222711,-104.7783342,4/22/2020
2,2.2,18,2020,4,23,Cheyenne NCore,41.18222711,-104.7783342,4/23/2020
1,1.4,24,2020,4,24,Cheyenne NCore,41.18222711,-104.7783342,4/24/2020
8,8.6,24,2020,4,25,Cheyenne NCore,41.18222711,-104.7783342,4/25/2020
7,7.3,23,2020,4,26,Cheyenne NCore,41.18222711,-104.7783342,4/26/2020
3,3.2,23,2020,4,27,Cheyenne NCore,41.18222711,-104.7783342,4/27/2020
1,1.3,24,2020,4,28,Cheyenne NCore,41.18222711,-104.7783342,4/28/2020
9,10.5,23,2020,4,29,Cheyenne NCore,41.18222711,-104.7783342,4/29/2020
11,12.2,24,2020,4,30,Cheyenne NCore,41.18222711,-104.7783342,4/30/2020
2,2.2,24,2020,5,1,Cheyenne NCore,41.18222711,-104.7783342,5/1/2020
6,6.4,23,2020,5,2,Cheyenne NCore,41.18222711,-104.7783342,5/2/2020
6,6.3,24,2020,5,3,Cheyenne NCore,41.18222711,-104.7783342,5/3/2020
3,3.8,23,2020,5,4,Cheyenne NCore,41.18222711,-104.7783342,5/4/2020
3,3.9,23,2020,5,5,Cheyenne NCore,41.18222711,-104.7783342,5/5/2020
14,15.8,24,2020,5,6,Cheyenne NCore,41.18222711,-104.7783342,5/6/2020
8,9.4,24,2020,5,7,Cheyenne NCore,41.18222711,-104.7783342,5/7/2020
3,3,23,2020,5,8,Cheyenne NCore,41.18222711,-104.7783342,5/8/2020
1,1.8,24,2020,5,9,Cheyenne NCore,41.18222711,-104.7783342,5/9/2020
4,4.5,24,2020,5,10,Cheyenne NCore,41.18222711,-104.7783342,5/10/2020
4,4.5,22,2020,5,11,Cheyenne NCore,41.18222711,-104.7783342,5/11/2020
5,5,24,2020,5,12,Cheyenne NCore,41.18222711,-104.7783342,5/12/2020
8,9.9,24,2020,5,13,Cheyenne NCore,41.18222711,-104.7783342,5/13/2020
5,5.1,24,2020,5,16,Cheyenne NCore,41.18222711,-104.7783342,5/16/2020
8,8.6,23,2020,5,17,Cheyenne NCore,41.18222711,-104.7783342,5/17/2020
6,6.3,22,2020,5,18,Cheyenne NCore,41.18222711,-104.7783342,5/18/2020
12,13.4,24,2020,5,19,Cheyenne NCore,41.18222711,-104.7783342,5/19/2020
4,4.6,23,2020,5,20,Cheyenne NCore,41.18222711,-104.7783342,5/20/2020
6,6,24,2020,5,21,Cheyenne NCore,41.18222711,-104.7783342,5/21/2020
10,11.4,24,2020,5,22,Cheyenne NCore,41.18222711,-104.7783342,5/22/2020
4,4.8,23,2020,5,23,Cheyenne NCore,41.18222711,-104.7783342,5/23/2020
5,5.9,24,2020,5,24,Cheyenne NCore,41.18222711,-104.7783342,5/24/2020
8,8,23,2020,5,25,Cheyenne NCore,41.18222711,-104.7783342,5/25/2020
8,8.7,24,2020,5,27,Cheyenne NCore,41.18222711,-104.7783342,5/27/2020
5,5.4,24,2020,5,28,Cheyenne NCore,41.18222711,-104.7783342,5/28/2020
18,19.4,22,2020,5,29,Cheyenne NCore,41.18222711,-104.7783342,5/29/2020
8,9.8,24,2020,5,30,Cheyenne NCore,41.18222711,-104.7783342,5/30/2020
10,11.9,24,2020,5,31,Cheyenne NCore,41.18222711,-104.7783342,5/31/2020
6,6,21,2020,6,1,Cheyenne NCore,41.18222711,-104.7783342,6/1/2020
5,5.6,23,2020,6,2,Cheyenne NCore,41.18222711,-104.7783342,6/2/2020
10,11.2,23,2020,6,3,Cheyenne NCore,41.18222711,-104.7783342,6/3/2020
3,3.3,24,2020,6,4,Cheyenne NCore,41.18222711,-104.7783342,6/4/2020
5,5.8,22,2020,6,5,Cheyenne NCore,41.18222711,-104.7783342,6/5/2020
10,11.7,23,2020,6,6,Cheyenne NCore,41.18222711,-104.7783342,6/6/2020
8,9.3,24,2020,6,7,Cheyenne NCore,41.18222711,-104.7783342,6/7/2020
2,2.2,23,2020,6,8,Cheyenne NCore,41.18222711,-104.7783342,6/8/2020
2,2.9,23,2020,6,9,Cheyenne NCore,41.18222711,-104.7783342,6/9/2020
8,8.5,24,2020,6,10,Cheyenne NCore,41.18222711,-104.7783342,6/10/2020
8,8.7,23,2020,6,12,Cheyenne NCore,41.18222711,-104.7783342,6/12/2020
8,8.7,24,2020,6,13,Cheyenne NCore,41.18222711,-104.7783342,6/13/2020
7,7.1,24,2020,6,14,Cheyenne NCore,41.18222711,-104.7783342,6/14/2020
6,6.9,22,2020,6,15,Cheyenne NCore,41.18222711,-104.7783342,6/15/2020
8,9.9,22,2020,6,16,Cheyenne NCore,41.18222711,-104.7783342,6/16/2020
8,8,23,2020,6,17,Cheyenne NCore,41.18222711,-104.7783342,6/17/2020
8,8.2,23,2020,6,18,Cheyenne NCore,41.18222711,-104.7783342,6/18/2020
10,11.8,23,2020,6,19,Cheyenne NCore,41.18222711,-104.7783342,6/19/2020
13,14.7,24,2020,6,20,Cheyenne NCore,41.18222711,-104.7783342,6/20/2020
4,4.3,24,2020,6,21,Cheyenne NCore,41.18222711,-104.7783342,6/21/2020
5,5.6,22,2020,6,22,Cheyenne NCore,41.18222711,-104.7783342,6/22/2020
11,12.5,24,2020,6,24,Cheyenne NCore,41.18222711,-104.7783342,6/24/2020
13,14.6,23,2020,6,25,Cheyenne NCore,41.18222711,-104.7783342,6/25/2020
11,12.5,24,2020,6,26,Cheyenne NCore,41.18222711,-104.7783342,6/26/2020
13,14.7,24,2020,6,27,Cheyenne NCore,41.18222711,-104.7783342,6/27/2020
8,9.3,23,2020,6,28,Cheyenne NCore,41.18222711,-104.7783342,6/28/2020
11,12.5,23,2020,6,29,Cheyenne NCore,41.18222711,-104.7783342,6/29/2020
3,3.8,24,2020,6,30,Cheyenne NCore,41.18222711,-104.7783342,6/30/2020
5,5.9,23,2020,7,1,Cheyenne NCore,41.18222711,-104.7783342,7/1/2020
5,5.5,24,2020,7,2,Cheyenne NCore,41.18222711,-104.7783342,7/2/2020
6,6.8,24,2020,7,3,Cheyenne NCore,41.18222711,-104.7783342,7/3/2020
10,11.2,23,2020,7,4,Cheyenne NCore,41.18222711,-104.7783342,7/4/2020
13,14.4,24,2020,7,5,Cheyenne NCore,41.18222711,-104.7783342,7/5/2020
14,15.4,23,2020,7,6,Cheyenne NCore,41.18222711,-104.7783342,7/6/2020
12,13.4,23,2020,7,7,Cheyenne NCore,41.18222711,-104.7783342,7/7/2020
6,6.5,24,2020,7,8,Cheyenne NCore,41.18222711,-104.7783342,7/8/2020
5,5.5,24,2020,7,9,Cheyenne NCore,41.18222711,-104.7783342,7/9/2020
7,7.5,23,2020,7,10,Cheyenne NCore,41.18222711,-104.7783342,7/10/2020
4,4.3,24,2020,7,11,Cheyenne NCore,41.18222711,-104.7783342,7/11/2020
12,13.2,24,2020,7,12,Cheyenne NCore,41.18222711,-104.7783342,7/12/2020
14,15.6,21,2020,7,13,Cheyenne NCore,41.18222711,-104.7783342,7/13/2020
5,5.4,24,2020,7,14,Cheyenne NCore,41.18222711,-104.7783342,7/14/2020
7,7.5,24,2020,7,15,Cheyenne NCore,41.18222711,-104.7783342,7/15/2020
14,15.8,23,2020,7,16,Cheyenne NCore,41.18222711,-104.7783342,7/16/2020
13,14,24,2020,7,17,Cheyenne NCore,41.18222711,-104.7783342,7/17/2020
7,7.2,24,2020,7,18,Cheyenne NCore,41.18222711,-104.7783342,7/18/2020
6,6.5,22,2020,7,19,Cheyenne NCore,41.18222711,-104.7783342,7/19/2020
8,9.1,24,2020,7,20,Cheyenne NCore,41.18222711,-104.7783342,7/20/2020
8,9.7,22,2020,7,22,Cheyenne NCore,41.18222711,-104.7783342,7/22/2020
5,5.7,23,2020,7,23,Cheyenne NCore,41.18222711,-104.7783342,7/23/2020
14,15,23,2020,7,24,Cheyenne NCore,41.18222711,-104.7783342,7/24/2020
11,12,24,2020,7,25,Cheyenne NCore,41.18222711,-104.7783342,7/25/2020
5,5.5,24,2020,7,26,Cheyenne NCore,41.18222711,-104.7783342,7/26/2020
4,4.4,20,2020,7,27,Cheyenne NCore,41.18222711,-104.7783342,7/27/2020
16,17.6,24,2020,7,28,Cheyenne NCore,41.18222711,-104.7783342,7/28/2020
11,12.4,22,2020,7,29,Cheyenne NCore,41.18222711,-104.7783342,7/29/2020
7,7.1,24,2020,8,25,Cheyenne NCore,41.18222711,-104.7783342,8/25/2020
14,15.6,23,2020,8,26,Cheyenne NCore,41.18222711,-104.7783342,8/26/2020
10,11.6,20,2020,8,27,Cheyenne NCore,41.18222711,-104.7783342,8/27/2020
11,12.6,23,2020,8,28,Cheyenne NCore,41.18222711,-104.7783342,8/28/2020
8,8.1,23,2020,8,29,Cheyenne NCore,41.18222711,-104.7783342,8/29/2020
3,3.4,24,2020,8,30,Cheyenne NCore,41.18222711,-104.7783342,8/30/2020
12,13.4,24,2020,8,31,Cheyenne NCore,41.18222711,-104.7783342,8/31/2020
17,18.6,19,2020,9,2,Cheyenne NCore,41.18222711,-104.7783342,9/2/2020
8,9.9,24,2020,9,3,Cheyenne NCore,41.18222711,-104.7783342,9/3/2020
10,11.7,24,2020,9,9,Cheyenne NCore,41.18222711,-104.7783342,9/9/2020
14,15.9,24,2020,9,10,Cheyenne NCore,41.18222711,-104.7783342,9/10/2020
18,19.3,23,2020,9,11,Cheyenne NCore,41.18222711,-104.7783342,9/11/2020
10,11.1,24,2020,9,12,Cheyenne NCore,41.18222711,-104.7783342,9/12/2020
10,11.7,24,2020,9,13,Cheyenne NCore,41.18222711,-104.7783342,9/13/2020
14,15.6,23,2020,9,14,Cheyenne NCore,41.18222711,-104.7783342,9/14/2020
5,5.5,24,2020,9,15,Cheyenne NCore,41.18222711,-104.7783342,9/15/2020
11,12.9,24,2020,9,16,Cheyenne NCore,41.18222711,-104.7783342,9/16/2020
9,10.9,23,2020,9,17,Cheyenne NCore,41.18222711,-104.7783342,9/17/2020
16,17.4,24,2020,9,18,Cheyenne NCore,41.18222711,-104.7783342,9/18/2020
12,13.1,24,2020,9,19,Cheyenne NCore,41.18222711,-104.7783342,9/19/2020
4,4.8,23,2020,9,20,Cheyenne NCore,41.18222711,-104.7783342,9/20/2020
10,11.4,24,2020,9,21,Cheyenne NCore,41.18222711,-104.7783342,9/21/2020
6,6,24,2020,9,22,Cheyenne NCore,41.18222711,-104.7783342,9/22/2020
3,3,23,2020,9,23,Cheyenne NCore,41.18222711,-104.7783342,9/23/2020
20,21.1,24,2020,9,24,Cheyenne NCore,41.18222711,-104.7783342,9/24/2020
14,15.7,24,2020,9,25,Cheyenne NCore,41.18222711,-104.7783342,9/25/2020
3,3.8,24,2020,9,27,Cheyenne NCore,41.18222711,-104.7783342,9/27/2020
2,2.3,22,2020,9,29,Cheyenne NCore,41.18222711,-104.7783342,9/29/2020
1,1.7,24,2020,9,30,Cheyenne NCore,41.18222711,-104.7783342,9/30/2020
14,15.8,24,2020,10,1,Cheyenne NCore,41.18222711,-104.7783342,10/1/2020
10,11.1,23,2020,10,2,Cheyenne NCore,41.18222711,-104.7783342,10/2/2020
9,10.2,24,2020,10,3,Cheyenne NCore,41.18222711,-104.7783342,10/3/2020
8,9.8,23,2020,10,8,Cheyenne NCore,41.18222711,-104.7783342,10/8/2020
10,11.2,24,2020,10,9,Cheyenne NCore,41.18222711,-104.7783342,10/9/2020
13,14.7,24,2020,10,10,Cheyenne NCore,41.18222711,-104.7783342,10/10/2020
7,7.1,23,2020,10,11,Cheyenne NCore,41.18222711,-104.7783342,10/11/2020
1,1.5,24,2020,10,12,Cheyenne NCore,41.18222711,-104.7783342,10/12/2020
10,11.6,24,2020,10,13,Cheyenne NCore,41.18222711,-104.7783342,10/13/2020
3,3.2,23,2020,10,14,Cheyenne NCore,41.18222711,-104.7783342,10/14/2020
8,9.4,24,2020,10,15,Cheyenne NCore,41.18222711,-104.7783342,10/15/2020
12,13.7,24,2020,10,16,Cheyenne NCore,41.18222711,-104.7783342,10/16/2020
1,1.1,23,2020,10,17,Cheyenne NCore,41.18222711,-104.7783342,10/17/2020
11,12.2,24,2020,10,18,Cheyenne NCore,41.18222711,-104.7783342,10/18/2020
16,17.8,24,2020,10,19,Cheyenne NCore,41.18222711,-104.7783342,10/19/2020
8,9.5,23,2020,10,20,Cheyenne NCore,41.18222711,-104.7783342,10/20/2020
23,24.9,24,2020,10,21,Cheyenne NCore,41.18222711,-104.7783342,10/21/2020
2,2.7,24,2020,10,22,Cheyenne NCore,41.18222711,-104.7783342,10/22/2020
8,8.1,23,2020,10,23,Cheyenne NCore,41.18222711,-104.7783342,10/23/2020
9,10.9,24,2020,10,24,Cheyenne NCore,41.18222711,-104.7783342,10/24/2020
1,1.5,24,2020,10,25,Cheyenne NCore,41.18222711,-104.7783342,10/25/2020
26,28.9,22,2020,10,26,Cheyenne NCore,41.18222711,-104.7783342,10/26/2020
8,8.9,24,2020,10,27,Cheyenne NCore,41.18222711,-104.7783342,10/27/2020
3,3.8,24,2020,10,28,Cheyenne NCore,41.18222711,-104.7783342,10/28/2020
14,15.9,23,2020,10,29,Cheyenne NCore,41.18222711,-104.7783342,10/29/2020
22,23.9,24,2020,10,30,Cheyenne NCore,41.18222711,-104.7783342,10/30/2020
17,18.6,24,2020,10,31,Cheyenne NCore,41.18222711,-104.7783342,10/31/2020
10,11.4,23,2020,11,1,Cheyenne NCore,41.18222711,-104.7783342,11/1/2020
18,19.8,24,2020,11,2,Cheyenne NCore,41.18222711,-104.7783342,11/2/2020
8,9.5,24,2020,11,3,Cheyenne NCore,41.18222711,-104.7783342,11/3/2020
5,5.1,23,2020,11,4,Cheyenne NCore,41.18222711,-104.7783342,11/4/2020
26,28.5,24,2020,11,6,Cheyenne NCore,41.18222711,-104.7783342,11/6/2020
16,17.3,23,2020,11,7,Cheyenne NCore,41.18222711,-104.7783342,11/7/2020
6,6.8,24,2020,11,8,Cheyenne NCore,41.18222711,-104.7783342,11/8/2020
18,19.8,24,2020,11,9,Cheyenne NCore,41.18222711,-104.7783342,11/9/2020
4,4.1,23,2020,11,10,Cheyenne NCore,41.18222711,-104.7783342,11/10/2020
4,4.1,24,2020,11,11,Cheyenne NCore,41.18222711,-104.7783342,11/11/2020
14,15.9,24,2020,11,12,Cheyenne NCore,41.18222711,-104.7783342,11/12/2020
20,21.3,23,2020,11,13,Cheyenne NCore,41.18222711,-104.7783342,11/13/2020
1,1.1,24,2020,11,14,Cheyenne NCore,41.18222711,-104.7783342,11/14/2020
2,2.4,24,2020,11,15,Cheyenne NCore,41.18222711,-104.7783342,11/15/2020
16,17.9,21,2020,11,16,Cheyenne NCore,41.18222711,-104.7783342,11/16/2020
32,34.4,24,2020,11,17,Cheyenne NCore,41.18222711,-104.7783342,11/17/2020
3,3.1,23,2020,11,19,Cheyenne NCore,41.18222711,-104.7783342,11/19/2020
8,9.8,24,2020,11,20,Cheyenne NCore,41.18222711,-104.7783342,11/20/2020
12,13.9,24,2020,11,21,Cheyenne NCore,41.18222711,-104.7783342,11/21/2020
21,22.7,23,2020,11,22,Cheyenne NCore,41.18222711,-104.7783342,11/22/2020
18,19.5,24,2020,11,23,Cheyenne NCore,41.18222711,-104.7783342,11/23/2020
20,21.7,23,2020,11,25,Cheyenne NCore,41.18222711,-104.7783342,11/25/2020
9,10.7,24,2020,11,26,Cheyenne NCore,41.18222711,-104.7783342,11/26/2020
19,20.8,24,2020,11,27,Cheyenne NCore,41.18222711,-104.7783342,11/27/2020
3,3.3,23,2020,11,28,Cheyenne NCore,41.18222711,-104.7783342,11/28/2020
19,20.8,24,2020,11,29,Cheyenne NCore,41.18222711,-104.7783342,11/29/2020
20,21.7,23,2020,11,30,Cheyenne NCore,41.18222711,-104.7783342,11/30/2020
1,1.3,24,2020,12,3,Cheyenne NCore,41.18222711,-104.7783342,12/3/2020
1,1.6,23,2020,12,4,Cheyenne NCore,41.18222711,-104.7783342,12/4/2020
3,3,24,2020,12,5,Cheyenne NCore,41.18222711,-104.7783342,12/5/2020
5,5.6,24,2020,12,6,Cheyenne NCore,41.18222711,-104.7783342,12/6/2020
3,3.5,22,2020,12,7,Cheyenne NCore,41.18222711,-104.7783342,12/7/2020
9,10.9,24,2020,12,8,Cheyenne NCore,41.18222711,-104.7783342,12/8/2020
22,23,24,2020,12,9,Cheyenne NCore,41.18222711,-104.7783342,12/9/2020
2,2,23,2020,12,10,Cheyenne NCore,41.18222711,-104.7783342,12/10/2020
26,28,24,2020,12,11,Cheyenne NCore,41.18222711,-104.7783342,12/11/2020
20,21.1,24,2020,12,12,Cheyenne NCore,41.18222711,-104.7783342,12/12/2020
32,34.9,23,2020,12,13,Cheyenne NCore,41.18222711,-104.7783342,12/13/2020
24,25.7,23,2020,12,14,Cheyenne NCore,41.18222711,-104.7783342,12/14/2020
8,8.4,21,2020,12,15,Cheyenne NCore,41.18222711,-104.7783342,12/15/2020
7,7.9,23,2020,12,16,Cheyenne NCore,41.18222711,-104.7783342,12/16/2020
40,42.6,24,2020,12,17,Cheyenne NCore,41.18222711,-104.7783342,12/17/2020
9,10.7,24,2020,12,18,Cheyenne NCore,41.18222711,-104.7783342,12/18/2020
6,6.3,23,2020,12,19,Cheyenne NCore,41.18222711,-104.7783342,12/19/2020
6,6,24,2020,12,20,Cheyenne NCore,41.18222711,-104.7783342,12/20/2020
22,23.3,23,2020,12,21,Cheyenne NCore,41.18222711,-104.7783342,12/21/2020
14,15.4,23,2020,12,22,Cheyenne NCore,41.18222711,-104.7783342,12/22/2020
1,1.5,24,2020,12,23,Cheyenne NCore,41.18222711,-104.7783342,12/23/2020
2,2.2,24,2020,12,24,Cheyenne NCore,41.18222711,-104.7783342,12/24/2020
10,11.9,23,2020,12,25,Cheyenne NCore,41.18222711,-104.7783342,12/25/2020
4,4.2,24,2020,12,26,Cheyenne NCore,41.18222711,-104.7783342,12/26/2020
2,2.3,24,2020,12,27,Cheyenne NCore,41.18222711,-104.7783342,12/27/2020
9,10.3,22,2020,12,28,Cheyenne NCore,41.18222711,-104.7783342,12/28/2020
14,15.1,24,2020,12,30,Cheyenne NCore,41.18222711,-104.7783342,12/30/2020
