COLUMN_ID,COLUMN_NAME,UNIT,DESCRIPTION,DATA_TYPE,DATA_LENGTH,PRIMARY_KEY
1,SITE_ID,,"Site identification code",CHAR,6,1
2,DATE_TIME,,"Date and time sample collection began, Local Standard Time; mm/dd/yyyy hh:mm:ss.",DATE,19,2
3,TEMPERATURE,"degrees c","Temperature; degrees C.",NUMBER,"16,4",
4,TEMPERATURE_F,,"Data quality code for TEMPERATURE",CHAR,3,
5,TEMPERATURE_DELTA,"degrees c","Temperature difference between 9m and 2m probes; Degrees C.",NUMBER,"16,4",
6,TEMPERATURE_DELTA_F,,"Data quality code for TEMPERATURE_DELTA",CHAR,3,
7,RELATIVE_HUMIDITY,%,"Percent of relative humidity",NUMBER,"16,4",
8,RELATIVE_HUMIDITY_F,,"Data quality code for RELATIVE_HUMIDITY",CHAR,3,
9,SOLAR_RADIATION,"watt/square meter","Solar Radiation; watt/square meter.",NUMBER,"16,4",
10,SOLAR_RADIATION_F,,"Data quality code for SOLAR_RADIATION",CHAR,3,
11,OZONE,ppb,"Ozone concentration; ppb.",NUMBER,"16,4",
12,OZONE_F,,"Data quality code for OZONE",CHAR,3,
13,PRECIPITATION,mm/hr,"Precipitation; mm/hr.",NUMBER,"16,4",
14,PRECIPITATION_F,,"Data quality code for PRECIPITATION",CHAR,3,
15,WINDSPEED,m/sec,"Vector wind speed; m/sec.",NUMBER,"16,4",
16,WINDSPEED_F,,"Data quality code for WINDSPEED",CHAR,3,
17,WIND_DIRECTION,"decimal degrees","Wind direction; decimal degrees.",NUMBER,"16,4",
18,WIND_DIRECTION_F,,"Data quality code for WIND_DIRECTION",CHAR,3,
19,SIGMA_THETA,"decimal degrees","Standard deviation of wind direction; decimal degrees.",NUMBER,"16,4",
20,SIGMA_THETA_F,,"Data quality code for SIGMA_THETA",CHAR,3,
21,FLOW_RATE,lpm,"Flow rate; lpm.",NUMBER,"16,4",
22,FLOW_RATE_F,,"Data quality code for FLOW_RATE",CHAR,3,
23,WINDSPEED_SCALAR,m/sec,"Scalar wind speed; m/sec.",NUMBER,"16,4",
24,WINDSPEED_SCALAR_F,,"Data quality code for WINDSPEED_SCALAR",CHAR,3,
25,WETNESS,,Wetness,NUMBER,"16,4",
26,WETNESS_F,,"Data quality code for WETNESS",CHAR,3,
27,SHELTER_TEMPERATURE,"degrees c","Shelter temperature; degrees C.",NUMBER,"16,4",
28,SHELTER_TEMPERATURE_F,,"Data quality code for SHELTER_TEMPERATURE",CHAR,3,
29,QA_CODE,,"Quality assurance level of the record. (see QAPP for definition of quality assurance levels)",CHAR,2,
30,UPDATE_DATE,,"Date and time of last record update",DATE,19,
